Valve1_0,Valve1_1,Valve1_2,Valve2_0,Valve2_1,Valve2_2,Final_Effector_X,Final_Effector_Y,Final_Effector_Z
846.0,533.0,1776.0,166.0,1120.0,1068.0,2.699567475565005,6.032571975153102,174.20628085271125
599.0,1346.0,470.0,892.0,3.0,643.0,1.0816010325862107,-3.5252797832443106,166.33138191164693
1055.0,936.0,181.0,874.0,158.0,615.0,-3.2010289106596233,-3.1439060455102315,165.6089457642027
1229.0,1792.0,1429.0,1504.0,1782.0,1294.0,2.460744483575012,-2.435347393716107,192.5929968533689
1893.0,666.0,1133.0,933.0,1804.0,1869.0,-5.384785490266163,2.629602801066965,188.68005018910816
1755.0,473.0,1093.0,762.0,231.0,1826.0,-5.353576068779639,4.531067822424721,177.4146676320952
1652.0,1859.0,1755.0,1641.0,22.0,896.0,-0.32974931985999434,0.2637583224645259,186.37778109425832
917.0,632.0,1947.0,690.0,675.0,1593.0,2.6303018846469026,7.461206562409215,178.99873497429417
31.0,1357.0,1552.0,503.0,1523.0,608.0,8.729387282680522,0.14935802603071624,174.37096957389957
1488.0,1587.0,1198.0,280.0,1523.0,4.0,-0.025959702977847388,-3.2020913804767206,177.30672097763963
559.0,1980.0,53.0,1215.0,1492.0,1208.0,2.9381708408344265,-10.462948043447128,179.03239241059063
1779.0,289.0,201.0,1178.0,1693.0,986.0,-9.203322149327686,-1.0977338192960424,177.21401590934425
480.0,1438.0,298.0,740.0,1645.0,1737.0,3.387557472752487,-6.041181188209808,178.48775427758713
288.0,1377.0,1189.0,847.0,222.0,1720.0,5.88447809371244,0.394381815273421,174.92932352117805
993.0,1290.0,1295.0,1595.0,949.0,1379.0,1.3981440360548256,0.41122292300415336,184.73620901219726
48.0,1949.0,670.0,1342.0,913.0,511.0,6.619441981795107,-6.742591156296946,173.58748499281893
1088.0,612.0,1885.0,1262.0,1483.0,1903.0,1.4668920715448206,7.394130485381867,188.25789513478776
290.0,1510.0,575.0,117.0,602.0,1094.0,4.876873180298091,-3.99634698290235,167.399509682525
1923.0,1256.0,1299.0,175.0,472.0,1553.0,-2.757729316298244,1.1734490363876715,180.4141033735328
1512.0,1127.0,682.0,1686.0,348.0,578.0,-4.742941215397128,-2.004110021442279,176.4740449306327
1257.0,655.0,1876.0,1683.0,1304.0,1583.0,-0.19350254731654287,6.9583724234754785,188.9480980005945
95.0,988.0,126.0,1316.0,531.0,1759.0,2.6180903298730525,-3.4187138691435406,170.75431996144437
8.0,1283.0,107.0,579.0,834.0,1978.0,4.953593496120954,-5.059873382488521,170.4451859767673
133.0,925.0,1414.0,1549.0,1305.0,1027.0,5.957813635905872,2.3471570041242282,178.6154100206584
1426.0,1540.0,1645.0,1073.0,1886.0,1003.0,1.4100185937684722,-0.2284423694071943,190.26491699591662
741.0,1537.0,1145.0,1113.0,1918.0,1939.0,4.726998559837185,-2.1795727414768504,189.21922995200393
197.0,1185.0,1170.0,894.0,16.0,1847.0,5.700265339478205,1.5559759430497655,173.18176494199673
1606.0,1187.0,494.0,426.0,1523.0,1327.0,-3.518676640268133,-3.7415264246418656,179.74747449591814
868.0,1774.0,1962.0,1754.0,99.0,212.0,3.918626941351805,1.006322087361436,180.30217595846858
1900.0,407.0,777.0,609.0,1958.0,157.0,-7.071396111483939,0.24138390589408254,175.67681480877695
723.0,1933.0,220.0,1667.0,1395.0,1385.0,1.9384942585348954,-9.34509063614571,183.39452256153746
591.0,1549.0,552.0,1843.0,35.0,1705.0,1.774977577548946,-3.7278933291160437,178.25685228025597
763.0,784.0,1206.0,313.0,1087.0,909.0,2.016920403583022,1.9040339898723866,172.0996259253416
1444.0,1500.0,261.0,895.0,945.0,1799.0,-2.918403965772505,-5.7312509359347015,181.13314460845282
261.0,579.0,703.0,1399.0,137.0,26.0,0.6991861423851723,0.4820735035131566,161.99433195970104
1209.0,440.0,65.0,42.0,1217.0,1810.0,-4.10819439016756,-1.3805146265965407,170.55282990369724
1297.0,614.0,705.0,95.0,1083.0,1139.0,-2.552330088998098,0.49507838665882,171.4243568883837
1959.0,848.0,7.0,770.0,599.0,577.0,-8.617942256842579,-4.0286433205182135,170.0941678933976
829.0,1595.0,650.0,174.0,845.0,907.0,2.3446014773698436,-4.461390397171889,171.68092601045325
558.0,1380.0,1534.0,1091.0,1568.0,867.0,5.543358590606948,0.17611203080263993,181.99118703601178
1312.0,797.0,1130.0,589.0,325.0,1476.0,-1.6544845708434488,2.662877752436944,175.00256255328065
1160.0,1810.0,314.0,1705.0,732.0,308.0,-1.7857602620006343,-7.844094564094041,176.76960164018504
1919.0,423.0,956.0,942.0,1616.0,844.0,-7.048266738823505,2.067567943944896,180.3288773331268
175.0,768.0,1477.0,1156.0,1527.0,628.0,5.556881442262898,2.8499520996039904,175.39532088941607
742.0,1111.0,1229.0,1228.0,330.0,162.0,1.3246421790341478,0.4080498670679472,170.77462939352495
964.0,1806.0,528.0,1679.0,112.0,1341.0,0.2160530008810072,-5.42843820389796,179.01721170055595
1974.0,1476.0,808.0,772.0,649.0,47.0,-4.906465893797922,-3.645445354123013,175.36176077973818
1965.0,700.0,598.0,205.0,1593.0,521.0,-6.5373907512399505,-1.4542668600004678,174.55824690515314
284.0,1491.0,1804.0,828.0,1219.0,501.0,7.809281276064,0.9038549183847806,177.31743452398564
363.0,1696.0,1878.0,1792.0,1638.0,152.0,7.659163132681883,-0.3739322410731055,184.48860959184356
1907.0,850.0,575.0,559.0,519.0,1947.0,-6.303350071547719,-0.12184421752266972,178.5875470938098
567.0,1316.0,937.0,1503.0,1548.0,1355.0,3.4728611672534697,-2.241231960787267,183.25117627315532
1827.0,615.0,273.0,867.0,296.0,583.0,-7.977976347104577,-1.3572678584568811,168.6777865155159
1388.0,102.0,279.0,174.0,1263.0,1549.0,-5.733634903768858,1.1516242765752929,170.34943597938496
1339.0,1932.0,1424.0,206.0,561.0,100.0,1.8885916577687438,-2.6964496681482593,174.6691863886649
1644.0,421.0,634.0,138.0,1753.0,864.0,-5.244714558476989,0.27292104768395997,173.98382296990454
671.0,389.0,2.0,821.0,403.0,1658.0,-2.5535184786507745,-0.8315075779852845,166.3081760232848
1925.0,941.0,1534.0,1901.0,866.0,836.0,-5.236711302065173,3.0761229781441712,187.13486570898885
1966.0,941.0,145.0,1961.0,323.0,1189.0,-9.747741440660217,-3.3490859543273075,179.12192345081885
1359.0,1480.0,772.0,1793.0,425.0,725.0,-2.615664988403359,-3.3129014245552604,179.72971326343324
1847.0,194.0,1964.0,9.0,1320.0,210.0,-3.3548180227504116,7.260280309542088,174.24610390670665
1353.0,391.0,498.0,1189.0,138.0,319.0,-5.921157007212315,0.6645788765392691,165.86544015321786
1146.0,348.0,973.0,1188.0,1359.0,458.0,-3.134121074528898,2.3672539984939145,174.17430811519972
466.0,163.0,1600.0,235.0,551.0,1274.0,3.0038610663467695,7.549395484790408,167.77723958903545
1349.0,1244.0,450.0,1297.0,1246.0,200.0,-3.489225086849517,-4.902774385758457,175.6743411047379
448.0,1568.0,1248.0,1039.0,1738.0,1903.0,6.9291450442275835,-1.619936844266917,186.78642730445983
1564.0,712.0,841.0,487.0,1053.0,1332.0,-3.8547007674175147,0.8995744663808662,176.84705895359076
1623.0,1702.0,1528.0,538.0,552.0,535.0,-0.037785685561748224,-0.8339978472435754,179.46576201882408
1599.0,1292.0,374.0,84.0,816.0,1229.0,-3.3074374673598705,-4.068445338083543,173.693764280937
473.0,831.0,1922.0,1240.0,900.0,1697.0,5.576905145388649,6.481480782548975,182.11643443695448
1098.0,1091.0,229.0,1237.0,186.0,602.0,-3.3005753027237534,-3.7713247542046124,168.79661854448165
1762.0,1888.0,782.0,1920.0,957.0,227.0,-3.8766795509074448,-6.280650700525005,184.59915084660668
371.0,1086.0,1819.0,1284.0,1259.0,124.0,5.6043320764993245,2.6347622471368246,176.4692169768687
1391.0,559.0,1863.0,1623.0,1943.0,1468.0,-1.0830314240758747,6.90453955198209,191.47638939957238
322.0,938.0,458.0,507.0,482.0,1493.0,2.63824045227567,-1.4657476686659556,167.62585295557278
1602.0,1432.0,251.0,216.0,1634.0,1762.0,-3.0684500256714613,-6.063800832595734,181.3453366983121
1617.0,317.0,759.0,1885.0,1706.0,1977.0,-7.226172186445608,2.7900838375686186,188.40666494558153
522.0,716.0,1739.0,129.0,1341.0,134.0,4.446361710582141,3.71888472362052,169.44303481247087
754.0,256.0,157.0,644.0,347.0,1655.0,-2.780008520967261,0.6745245004146907,165.6210506432541
363.0,1991.0,1305.0,653.0,463.0,430.0,6.712779971699351,-3.2316909526070137,172.57897906124282
607.0,398.0,363.0,1813.0,1719.0,1411.0,-1.7227386054266702,-0.47181544920489704,178.588359078434
1700.0,1567.0,932.0,1506.0,1765.0,846.0,-3.0033587866517637,-4.234996517751374,188.81652798056228
1100.0,1209.0,288.0,1856.0,1509.0,1133.0,-2.7756058282076035,-5.38096724166718,182.47121523966402
528.0,1699.0,980.0,688.0,1700.0,651.0,5.258923377524557,-4.586358202017422,177.99149146665144
1407.0,628.0,1732.0,295.0,1492.0,590.0,-0.5158801729263732,4.607175737093804,177.59889791523008
63.0,1329.0,1130.0,1638.0,1566.0,700.0,6.634317578793004,-1.8309464394249275,178.94529357473772
224.0,162.0,340.0,1142.0,450.0,860.0,-0.3491991156401181,1.2441697774531757,162.40142322636447
658.0,944.0,1678.0,670.0,1395.0,523.0,4.038252928033853,2.861275591313116,176.17131362559167
1810.0,429.0,76.0,1814.0,884.0,1258.0,-10.31772289589134,-1.540365129422639,177.84519252284235
796.0,1941.0,1826.0,1000.0,1551.0,473.0,6.383246545045829,-1.5465868989697666,184.95345763854283
721.0,1028.0,1738.0,643.0,1087.0,1842.0,4.839386763991997,4.38232707171815,182.22838328094772
1686.0,1551.0,751.0,1490.0,1630.0,1802.0,-3.2230640185946835,-4.3223217271386325,191.89641062441504
1255.0,701.0,30.0,333.0,335.0,360.0,-4.642050568389769,-3.0200296999190153,161.39446680183883
1814.0,1936.0,253.0,1393.0,61.0,1057.0,-4.949297640583268,-7.395876441016521,179.19633376953485
808.0,345.0,1404.0,386.0,749.0,1259.0,1.0145595198623907,5.650238612367379,171.38871666808305
1745.0,118.0,1166.0,572.0,1813.0,230.0,-5.852948380849502,3.7855658799078338,174.85008819509466
198.0,1851.0,146.0,164.0,477.0,994.0,4.919607297589698,-7.52407122088132,165.32199316876077
1081.0,1025.0,31.0,1030.0,1551.0,1948.0,-2.760677139045537,-5.098552390458745,180.26320693101945
188.0,1104.0,1870.0,451.0,1142.0,812.0,7.8878363073499145,3.4556640098575597,174.35588269770557
1112.0,1595.0,29.0,1801.0,1384.0,1954.0,-2.0911829640348425,-8.327345784785257,186.33736070056366
1579.0,1410.0,23.0,610.0,354.0,1474.0,-4.57665862145602,-5.810042755441146,173.83927623409437
904.0,326.0,1325.0,772.0,1014.0,1612.0,0.08904635633093033,5.708017350360235,176.57713039050557
1283.0,244.0,185.0,107.0,180.0,260.0,-5.316578778580951,-0.1882324107117879,157.50208007240312
19.0,221.0,695.0,356.0,705.0,1705.0,3.413568161544845,3.266281500263734,164.9668405716166
1546.0,730.0,811.0,257.0,0.0,1548.0,-3.718699667664502,1.764558702423387,171.12910416283353
446.0,65.0,749.0,845.0,1572.0,578.0,0.008749325645214301,2.5834693242429365,167.92909016020627
135.0,930.0,1007.0,349.0,732.0,1428.0,5.505027943307446,1.0019121707413445,169.47871088718227
1318.0,847.0,729.0,1719.0,375.0,186.0,-4.4644235218444885,-0.7437791475705117,172.56839778731933
1479.0,1280.0,854.0,974.0,1831.0,503.0,-2.254588610634495,-3.382459882178535,181.63903508445745
264.0,42.0,370.0,600.0,918.0,1171.0,0.12465066573250638,1.8643198233249672,163.36110799019977
1499.0,1971.0,1345.0,701.0,1174.0,742.0,1.1782367579122273,-3.498662431461857,184.3212429367507
1770.0,414.0,1283.0,1554.0,1872.0,1700.0,-5.766118327940203,4.750967064183509,190.13518365410118
1434.0,1942.0,261.0,1181.0,456.0,1361.0,-2.2242646869039384,-7.698364911098742,179.929778039127
634.0,1574.0,836.0,65.0,346.0,1462.0,4.005827773839911,-2.520593556588718,171.23922668719888
1779.0,1696.0,436.0,177.0,1163.0,445.0,-3.249306975048399,-6.6045622567982365,175.10868881823367
554.0,1005.0,1561.0,1062.0,1785.0,672.0,4.560094083254374,1.9042764699110837,180.1534571423081
1544.0,1541.0,1509.0,1650.0,1280.0,1383.0,-0.448328398923752,-0.08182018793132832,192.01562514953304
719.0,745.0,450.0,52.0,1365.0,1882.0,0.8924239219553818,-1.0609249754393215,172.85520282406975
53.0,431.0,1965.0,1299.0,1185.0,498.0,6.204135099291881,7.1321134694041906,173.58114819732853
425.0,1171.0,87.0,198.0,905.0,291.0,1.504223723841362,-5.570648725621714,161.69768565754802
1345.0,721.0,1152.0,1146.0,1151.0,454.0,-2.717243398565392,1.535591454582701,176.77622993067183
1054.0,1460.0,702.0,219.0,808.0,1133.0,0.9267421287304823,-3.383522841207996,173.69273064159083
1859.0,1504.0,1141.0,38.0,1278.0,487.0,-2.071686610386896,-2.4304679736573442,178.49962041026913
1233.0,681.0,1349.0,1915.0,1977.0,1705.0,-1.5320243469606383,3.6192418721495256,191.70476473885887
1838.0,796.0,1982.0,561.0,1079.0,1952.0,-1.72540384462951,6.976131448546488,188.10974827640547
1184.0,1016.0,291.0,405.0,1618.0,880.0,-2.2203597217049404,-4.317028974839935,173.71725878052607
1218.0,624.0,620.0,1301.0,1585.0,861.0,-3.713362025105883,-0.668540053476804,177.99847331214906
1140.0,540.0,1542.0,1076.0,1429.0,1582.0,-0.16991840062923452,5.514943694105364,183.60870188982605
558.0,176.0,360.0,154.0,369.0,1301.0,-0.8908283363042899,1.7076915760680813,161.02745548012973
392.0,674.0,1958.0,184.0,758.0,1375.0,6.105015002338828,6.802781970381547,173.11756491476194
129.0,71.0,78.0,985.0,823.0,818.0,-0.4832469877580683,0.030371842243983246,161.00206290533512
1228.0,1671.0,554.0,1202.0,212.0,1349.0,-1.1024978556231106,-4.578244318082153,177.9700811864563
487.0,436.0,1686.0,1186.0,519.0,1717.0,3.359808162300827,7.538621236496673,176.7864026396304
1943.0,86.0,473.0,1087.0,1065.0,833.0,-9.839655957760435,1.746114411443807,173.82869398600997
571.0,1491.0,1911.0,452.0,1434.0,167.0,6.632257862008098,0.8881311335148756,176.8557439227472
791.0,1774.0,1926.0,1873.0,780.0,1907.0,6.169823739684292,1.841035449834556,192.53270669893266
1851.0,1367.0,386.0,158.0,427.0,26.0,-4.897808127793492,-4.690382219169246,167.50068140250005
609.0,1845.0,1683.0,529.0,742.0,1247.0,7.061260554271897,-0.34775482539029334,180.1074613474846
1096.0,1241.0,1849.0,216.0,694.0,1424.0,3.4046975970288367,3.6251800021212914,179.5252681461252
564.0,903.0,1416.0,1867.0,1025.0,390.0,2.34787312767939,2.0762589439463595,177.75984774217608
686.0,1774.0,1790.0,686.0,1724.0,502.0,6.81993338799901,-1.0102818232586377,182.72228868811385
1129.0,1076.0,1844.0,507.0,1910.0,1308.0,3.1495162835166157,3.5094476702182273,186.01604877196448
1782.0,225.0,1231.0,1524.0,691.0,561.0,-7.008812725627023,4.91136250626348,176.666333654843
677.0,62.0,885.0,1390.0,357.0,306.0,-2.2229426210247,3.9171426515171444,164.85839224904925
571.0,1468.0,1583.0,359.0,863.0,591.0,5.612677710831182,0.3026406219022481,173.9009916624834
1908.0,1653.0,979.0,1619.0,892.0,56.0,-4.562317582300756,-4.0813192650767345,182.47352825183205
656.0,872.0,1229.0,1643.0,915.0,122.0,1.114719243873403,1.0739689206092269,174.03402207360625
1809.0,1993.0,1756.0,1180.0,1081.0,1009.0,0.25022499354665795,-1.285637504995542,191.60199724043645
399.0,1207.0,860.0,104.0,1965.0,617.0,4.870245613673358,-2.9288558740927932,172.37736045692492
1975.0,932.0,788.0,657.0,1388.0,1332.0,-5.933265303175997,-0.7948510845471713,182.34364504210635
622.0,1536.0,577.0,1535.0,931.0,429.0,1.6474647135349931,-5.283385387698717,174.9048504761698
927.0,1558.0,1016.0,1748.0,371.0,587.0,0.7693518226957942,-2.5149742935449058,177.99085117611745
718.0,29.0,1996.0,239.0,1258.0,764.0,2.4467229197742726,9.1034013701227,171.35336360534458
117.0,1744.0,765.0,371.0,1659.0,58.0,6.8126649884520765,-6.130918742488905,169.84198323210282
1089.0,1793.0,809.0,59.0,1666.0,1119.0,2.602914751063862,-5.432016091860634,179.52289918312894
95.0,1888.0,1223.0,1119.0,827.0,1152.0,8.44072121890792,-3.0903284621437948,178.1508377306174
1152.0,1890.0,196.0,450.0,1932.0,1950.0,0.8525583250169267,-9.161112707540422,184.64320561494029
1812.0,727.0,1264.0,870.0,1448.0,1480.0,-4.373350208201355,2.8689320602171526,185.12659215278913
365.0,1987.0,1981.0,1430.0,1069.0,292.0,8.576391583895004,-0.7240459229636121,182.3922847244264
879.0,1951.0,326.0,949.0,1439.0,1860.0,2.3407812380665964,-8.39695491368805,183.86790295300892
1524.0,379.0,722.0,794.0,742.0,1165.0,-5.443217948032282,2.089608217365893,173.3343699323155
1523.0,154.0,1282.0,71.0,761.0,1437.0,-3.4628132205429183,6.091306426855804,172.7103555412194
1190.0,582.0,1398.0,1522.0,1317.0,1633.0,-1.3127109266025132,4.7494770164250815,185.3649612076275
1715.0,551.0,537.0,1838.0,1706.0,1057.0,-7.906363615232838,-0.6572068616992786,183.93940311863784
1406.0,1461.0,1259.0,309.0,94.0,1881.0,0.4381814701146338,0.6048204625207879,179.0426331629426
1557.0,889.0,377.0,475.0,1584.0,1591.0,-4.452139330362196,-2.6806266323375203,179.2764235392992
1259.0,1757.0,483.0,1450.0,732.0,177.0,-1.8112536017096599,-6.725569420518081,175.974345633299
1798.0,603.0,1387.0,1872.0,1405.0,205.0,-5.916101632734672,3.0043079947436677,183.28154186640552
1437.0,496.0,859.0,1551.0,370.0,441.0,-5.473812411499727,1.8403098427235491,172.41625866146657
600.0,1690.0,1482.0,1778.0,1448.0,551.0,5.210445648189674,-1.8994736054970447,184.81858282123403
1114.0,1105.0,1720.0,1409.0,1954.0,839.0,1.8494712840373833,2.3268769827770117,187.99445100175723
609.0,1418.0,1387.0,331.0,1877.0,1443.0,6.173477681510885,-0.549593826880923,182.260536053839
1518.0,1846.0,1960.0,306.0,1466.0,378.0,2.7887962482606428,-0.4190791280125638,184.5401258539729
1005.0,493.0,1977.0,180.0,1133.0,596.0,1.9728305924578349,6.596405161885976,173.5386168481956
1567.0,735.0,1822.0,1231.0,1695.0,1883.0,-1.2764205384817975,6.213329924982858,191.95468596326592
51.0,1266.0,1537.0,601.0,834.0,261.0,7.288171264732288,0.763619454842715,169.20235261990342
247.0,1633.0,577.0,438.0,725.0,338.0,4.710593629260232,-5.264203259467623,166.16503229289984
229.0,358.0,604.0,522.0,1764.0,1701.0,2.802439301534445,1.2583526680507902,172.66828943838138
530.0,868.0,1590.0,953.0,1758.0,17.0,3.9660627323304247,2.0565142897198863,175.3693023952488
1108.0,105.0,1718.0,90.0,544.0,1881.0,0.037823763552994216,9.128401915707393,173.62676720232827
1817.0,36.0,1607.0,202.0,1285.0,990.0,-4.6842344874762265,7.4571598637832395,176.23611387029447
1916.0,158.0,429.0,1873.0,503.0,972.0,-10.800586609653806,1.81161159382855,175.58069572811723
1163.0,1782.0,1411.0,577.0,1391.0,1737.0,3.65381454595059,-1.6446221427541794,187.54063094043016
1086.0,1601.0,190.0,1408.0,1058.0,1291.0,-1.4007834911518768,-7.229409669809817,180.0027932953681
601.0,1634.0,1984.0,1812.0,461.0,1545.0,6.541022533604435,2.8177536472036984,187.23240613148855
263.0,1817.0,596.0,319.0,1744.0,434.0,6.148104640276851,-7.170031996035073,172.20293494633276
1413.0,1059.0,895.0,580.0,1429.0,1831.0,-1.5886907775238657,-0.511229164477234,183.19052657392692
97.0,151.0,868.0,1856.0,928.0,1500.0,1.9201036258086286,4.3990200764586405,173.77101372826903
526.0,1381.0,1926.0,808.0,221.0,1589.0,6.554591787219661,3.9230081951558473,178.98466653919215
1306.0,1713.0,519.0,436.0,1642.0,1197.0,-0.11383705451593573,-6.536483549055993,180.95309257896668
1403.0,159.0,297.0,87.0,1115.0,877.0,-5.600638216502278,0.45239224945616274,166.15199526999248
1652.0,1451.0,1769.0,1639.0,1451.0,350.0,-1.0131219053102865,0.6700458358484574,188.90019346495782
97.0,1786.0,1349.0,882.0,227.0,527.0,7.4439979635959865,-1.7817259797679286,170.81509196445415
1640.0,1600.0,1711.0,930.0,1965.0,1873.0,1.1196062775108475,0.5348618876909548,196.18166946748477
271.0,1108.0,551.0,181.0,1613.0,900.0,4.323754117160036,-3.4135190661645796,169.69119430779816
775.0,259.0,1822.0,176.0,1114.0,479.0,2.09022021647824,6.824217677517828,169.5953241990394
475.0,1958.0,109.0,492.0,1583.0,1283.0,4.288856722350021,-9.781618653094414,175.87691457811206
1686.0,1347.0,589.0,172.0,811.0,1756.0,-3.001976347689556,-2.9483227628873125,178.7233100545423
769.0,1556.0,1907.0,773.0,937.0,1149.0,5.870181248569317,1.9554935752778138,182.43400883546042
916.0,1563.0,1933.0,1790.0,376.0,347.0,3.2760066398862664,1.802211257224256,181.65262520379395
1811.0,944.0,473.0,1846.0,165.0,1104.0,-7.728562947739539,-1.5609959857086493,178.39656296283178
1486.0,1134.0,1934.0,245.0,338.0,755.0,0.567625096606247,4.070978987510717,176.34025487228917
1220.0,1454.0,202.0,1310.0,820.0,751.0,-2.8202038275398973,-6.363996557389457,175.48429250861255
237.0,402.0,671.0,1426.0,86.0,1597.0,1.163535973340616,2.720143041083306,168.7334558817335
698.0,183.0,1296.0,521.0,1650.0,700.0,0.9157917083005565,4.757536917839259,171.93035392245193
1437.0,161.0,256.0,423.0,1785.0,458.0,-6.338236446841281,-0.7109344423547366,169.0920714228864
1461.0,544.0,955.0,1986.0,564.0,1621.0,-5.345624514446524,3.1567777583561822,182.61274056465962
307.0,1706.0,1810.0,408.0,38.0,1428.0,8.294384832829806,1.7344103822972448,174.99806355025092
1629.0,723.0,357.0,1028.0,1212.0,806.0,-6.407126390526458,-2.2223940305169716,175.49295281804137
677.0,1626.0,1720.0,1299.0,733.0,1088.0,5.4685791763559894,0.7973054563223807,182.74178606385232
1666.0,1318.0,1354.0,62.0,1293.0,140.0,-1.1042145671315626,-0.8610565811433282,176.09006420691298
998.0,355.0,1763.0,1484.0,1210.0,1299.0,0.13864690624616938,7.591142408866362,182.44430105437573
1509.0,10.0,1657.0,1331.0,1506.0,557.0,-4.3379145698684045,7.659041915676038,179.53122931474033
196.0,217.0,200.0,729.0,345.0,27.0,-0.49485863987641815,-0.3619478862844096,154.84414876237332
1889.0,1418.0,246.0,427.0,397.0,1012.0,-5.5067668339564,-5.013033582538852,173.52706103232495
971.0,1179.0,343.0,159.0,1365.0,1170.0,-0.0671308325886314,-4.345460815622898,172.66761545450797
689.0,416.0,163.0,1538.0,1705.0,1344.0,-2.5552385868087204,-1.7167604651678623,176.20299191213326
133.0,602.0,36.0,1383.0,698.0,1951.0,1.0903646578804966,-1.9135593055197844,170.76090174205865
697.0,24.0,1338.0,1679.0,551.0,398.0,-1.3330134024909768,6.387208500707022,169.95305966667735
1002.0,332.0,905.0,735.0,1506.0,76.0,-2.107763424754673,1.5259383649665983,169.4636535910853
633.0,1328.0,1229.0,118.0,925.0,1607.0,4.891341766327166,0.11585094353508923,176.00407402109508
494.0,1107.0,821.0,1791.0,820.0,672.0,1.7193876473005085,-1.6061624232554919,175.4188986761292
264.0,1577.0,1347.0,900.0,1507.0,1607.0,8.062348471629774,-1.1382852287031013,182.87253648269555
672.0,521.0,1795.0,1341.0,807.0,760.0,2.2536378423865573,6.381239027476701,176.2158144350284
965.0,957.0,1233.0,1826.0,934.0,1642.0,0.26421228192667656,2.139504061909035,185.00465461394325
1546.0,1282.0,126.0,1708.0,898.0,931.0,-5.880874014337934,-5.988996296775572,179.16495708852474
301.0,70.0,1928.0,1841.0,1214.0,1383.0,3.8243254055709732,10.258773970155737,180.22121540065118
162.0,840.0,1910.0,857.0,1129.0,1912.0,8.10113974006503,6.365351239065961,180.63549580275424
255.0,1080.0,161.0,172.0,738.0,49.0,2.134588453542378,-4.76617173320308,158.51518801495428
1159.0,510.0,1320.0,1416.0,1523.0,598.0,-1.8377942970809964,3.402298941465632,179.62238138836358
138.0,98.0,530.0,1058.0,1786.0,148.0,0.9375996799129744,0.7318029607639527,165.35702872668662
1749.0,197.0,910.0,1618.0,1105.0,1307.0,-7.796919372787023,3.9880025726011477,181.19512429280752
458.0,1094.0,1233.0,1119.0,408.0,669.0,3.3574475856479067,0.9085496607957959,171.659713240432
1489.0,1471.0,1727.0,1523.0,1422.0,179.0,-0.09505875826623278,0.1995686868510529,186.31323543421536
783.0,1356.0,871.0,1916.0,542.0,793.0,0.6769432221387348,-2.271081036843496,178.2783010812741
1347.0,417.0,1890.0,593.0,326.0,1114.0,-0.9410377337775577,7.772771253837776,175.0349676999932
825.0,1458.0,807.0,1809.0,572.0,235.0,0.3175283413014327,-3.535324138006002,175.36150628174866
820.0,466.0,193.0,855.0,642.0,1156.0,-2.7767212027334423,-0.9005040165260252,167.29851553920446
422.0,1817.0,1479.0,1234.0,1968.0,903.0,7.797930653425665,-2.7636793504489523,186.06012064853186
682.0,1572.0,1792.0,569.0,472.0,1219.0,5.905530374776414,1.7386432912844567,178.36362006701327
95.0,302.0,494.0,172.0,1400.0,627.0,2.5675726476441536,0.24255800852822074,161.89943741489333
1147.0,54.0,426.0,1124.0,636.0,1649.0,-5.406065081481591,2.832225562426152,171.81029434415072
1836.0,250.0,150.0,289.0,24.0,998.0,-8.456771407983515,0.41061421738181486,163.89755749798408
1176.0,479.0,1137.0,1404.0,1441.0,738.0,-2.5487576791173012,2.815365584673356,178.85279159381466
741.0,1385.0,1039.0,1646.0,1933.0,1879.0,3.3928483167654933,-2.035908483459616,190.47860681853209
125.0,1345.0,1322.0,613.0,1048.0,1644.0,7.9355389950392965,0.4142403257444916,177.15790369554463
265.0,297.0,57.0,1142.0,1157.0,406.0,-0.8799678454090073,-1.870819044472131,163.1372577692508
1485.0,769.0,1657.0,1348.0,377.0,378.0,-2.517328730949459,4.287725981210427,176.91360675624802
1403.0,1572.0,1509.0,1323.0,1008.0,47.0,-0.04068334574961807,-1.167129081883566,181.41243182980884
867.0,244.0,87.0,1937.0,846.0,1437.0,-5.197591389420609,-0.3203336991102708,173.83761906663028
115.0,106.0,291.0,1952.0,494.0,1837.0,-0.28672609767497,2.201078920599601,170.69882949931105
1225.0,1915.0,1310.0,189.0,133.0,270.0,1.9913502495375008,-2.5524771929459305,171.98761258289397
458.0,163.0,1022.0,224.0,1915.0,140.0,1.5831563704778526,2.6097091750690065,166.13693275170775
1758.0,596.0,1685.0,370.0,1631.0,30.0,-2.9533559086992467,3.8074241629541605,177.18057795618932
1940.0,1923.0,294.0,1417.0,1559.0,898.0,-5.271500468252,-9.204707481907114,186.925594127422
941.0,1139.0,161.0,1730.0,498.0,511.0,-2.9422129152350243,-4.876279026800848,171.52076214739807
1416.0,457.0,781.0,400.0,421.0,1614.0,-3.8896024543903907,2.6581822939870845,172.13736976353857
876.0,422.0,535.0,1801.0,1817.0,713.0,-3.048546202707144,-0.3713074834015001,177.77026761712665
234.0,1145.0,1262.0,551.0,1811.0,1432.0,7.015795056070151,0.27951104342594646,178.9695845068033
840.0,1994.0,1012.0,676.0,186.0,72.0,2.8867695452424464,-4.5294663298931885,170.52064870151682
1636.0,1567.0,84.0,1489.0,983.0,113.0,-5.591102833668344,-8.099413951584584,175.7867937610481
44.0,818.0,211.0,1989.0,394.0,164.0,0.9315987200910671,-3.209067720163511,164.5683367966139
847.0,794.0,833.0,346.0,976.0,786.0,0.3654154631490235,0.018702679354463625,169.6649258141606
1799.0,1988.0,473.0,1466.0,88.0,920.0,-4.219285969469777,-6.706934875201812,180.41987243773255
1016.0,1007.0,1972.0,720.0,1867.0,167.0,3.041729524306149,3.3141080475871716,180.70572371515496
1031.0,1329.0,1683.0,352.0,90.0,1600.0,3.1464333400670923,3.04958582415584,177.28453362335443
1160.0,1226.0,770.0,844.0,114.0,586.0,-1.385873041564614,-1.71285403720549,170.24561376515572
1289.0,1033.0,190.0,1844.0,1720.0,1654.0,-4.599609499199393,-4.84068991698686,185.73089134764916
1374.0,1883.0,911.0,602.0,1872.0,1630.0,1.3269406368737793,-5.435807588529109,188.54974761450336
1728.0,558.0,1428.0,1324.0,1501.0,456.0,-4.723497022369941,3.5431260263432103,181.9383780735539
1552.0,944.0,1430.0,575.0,1483.0,78.0,-1.8287704334542387,1.0991635121730454,177.25678592989547
204.0,953.0,1986.0,958.0,1161.0,1335.0,7.866897635706899,5.505131214267157,179.614272856788
1303.0,1494.0,1157.0,368.0,463.0,1320.0,0.6660687420653898,-0.8678410354482886,177.51492689912953
256.0,205.0,1283.0,1441.0,411.0,1435.0,2.364230179137982,6.459528792922546,171.72441814280126
1335.0,832.0,798.0,1767.0,582.0,1747.0,-3.8466004050248412,0.857252632410806,182.36975339531122
1079.0,1512.0,997.0,1651.0,1295.0,735.0,0.4098009517751553,-3.2101783037667593,183.4874753470086
1713.0,211.0,123.0,903.0,621.0,1842.0,-8.866562333844772,0.636426709343862,173.53293153581356
121.0,924.0,336.0,272.0,1440.0,515.0,3.584236019026377,-3.684039691110927,164.46931678669645
1319.0,974.0,756.0,121.0,621.0,648.0,-1.9022066607573145,-0.9874190473974858,168.9020939902549
1868.0,1861.0,1813.0,239.0,31.0,1820.0,0.5328322582004277,1.3607990064489228,185.34742465966232
55.0,797.0,1971.0,738.0,1658.0,855.0,8.392943295658052,5.293864152445483,176.8580216690517
1513.0,358.0,598.0,488.0,1594.0,631.0,-5.322489790683826,0.3381185888967174,172.59598190837556
1472.0,804.0,1797.0,156.0,374.0,31.0,-0.8254614815126694,4.0731662264259665,169.83707620816773
228.0,1120.0,1759.0,1586.0,1097.0,1352.0,7.103222349410734,3.6433136811998432,182.58228633844814
21.0,947.0,953.0,1511.0,1786.0,877.0,5.596720967847261,-0.7801396854690152,177.31797509456163
1951.0,1229.0,962.0,609.0,645.0,1877.0,-4.374254120426509,-0.2645299484060354,183.43798147785162
1985.0,1009.0,1092.0,1686.0,659.0,203.0,-6.625771843363512,0.0034331317438448528,179.99793816625348
194.0,1608.0,448.0,817.0,552.0,488.0,4.2718271914228225,-5.572478392155053,166.944661163087
792.0,1509.0,675.0,791.0,1880.0,80.0,1.9259624763233458,-5.772315129118301,175.33165065617877
1612.0,74.0,956.0,1037.0,400.0,1486.0,-6.478787709911567,5.413876181172036,174.3578365659504
1832.0,1422.0,875.0,1709.0,1885.0,1252.0,-4.5435875181019325,-3.614610656558071,192.203324451591
1482.0,634.0,450.0,1246.0,5.0,766.0,-6.0974611422597,-0.2036895394844742,169.44507783649894
1262.0,942.0,357.0,960.0,277.0,1903.0,-3.4811283342598864,-1.5403387309752086,175.32908325741948
1848.0,711.0,1405.0,1129.0,1644.0,140.0,-4.84720653227769,2.16038896423848,181.33932256561596
689.0,63.0,721.0,2.0,877.0,847.0,-0.7344743295274713,3.08513412539376,162.45340171166706
791.0,1330.0,1852.0,1385.0,184.0,325.0,3.2430157858195554,2.616999681728618,176.1842838132069
568.0,793.0,1284.0,428.0,943.0,527.0,2.9119616199299188,1.9730054086707562,169.39829685592233
1458.0,1828.0,1134.0,1873.0,1876.0,671.0,-0.4728800164795222,-4.863320311104998,191.5204015698943
29.0,396.0,224.0,349.0,1983.0,174.0,2.352000266526389,-2.45937834310491,162.16292686938274
212.0,1280.0,1513.0,596.0,753.0,1979.0,7.8353942609224205,2.2933490193819295,178.33601695125103
1012.0,643.0,644.0,763.0,20.0,857.0,-2.337927465547339,0.7528615412813185,166.30175863798584
1713.0,1424.0,1976.0,486.0,100.0,431.0,-0.2959140099910265,2.80106289883772,177.62236861701012
532.0,446.0,718.0,693.0,1209.0,167.0,0.27343944748957527,0.38144747701888726,165.43051431938986
950.0,945.0,1637.0,1718.0,429.0,376.0,0.5918805814116306,3.374300320681418,177.17736001196926
833.0,308.0,1829.0,572.0,1777.0,1851.0,2.7440057606733816,8.256071794263654,182.6353245638994
95.0,1627.0,1235.0,1801.0,1987.0,1710.0,8.901820461281035,-2.4973687514006357,189.29122663002747
32.0,626.0,1726.0,304.0,248.0,1583.0,6.9919849591817025,6.488757065043963,168.80894158383353
872.0,1683.0,930.0,1042.0,1498.0,1001.0,2.8330177848701688,-4.374824321644105,182.15818206892266
1385.0,1612.0,167.0,1396.0,1442.0,1044.0,-3.190535875424173,-8.014726758283494,182.03177269501464
1809.0,99.0,32.0,1984.0,371.0,729.0,-11.66826899452887,-0.02008027473535745,171.1972396054952
1032.0,1272.0,1720.0,1337.0,1010.0,1940.0,3.048426125211921,3.2611159235053684,188.82603911461527
1840.0,1501.0,358.0,1089.0,1657.0,1182.0,-5.245234230070031,-6.498405178630897,185.0540322967342
20.0,1980.0,184.0,1412.0,717.0,1738.0,6.290515971646576,-8.579429751456358,176.68039260807984
932.0,3.0,1565.0,1438.0,652.0,423.0,-1.7715038425745964,7.495406043007968,171.56249078503978
1393.0,1435.0,1840.0,459.0,150.0,724.0,1.2827216361759415,2.3861210042552283,176.95713679602483
802.0,427.0,1834.0,1399.0,34.0,187.0,0.45121980689442365,6.7336792937600505,169.89772197545986
606.0,9.0,653.0,881.0,1391.0,1420.0,-1.129918629261693,3.4161203073228883,171.55477531322575
1863.0,656.0,958.0,1637.0,1048.0,1610.0,-6.924794307713151,2.1389103827355385,185.89180500958767
511.0,33.0,146.0,1813.0,502.0,1215.0,-3.5238596540945926,1.2262347886267475,167.69964533590672
1893.0,1986.0,556.0,756.0,1038.0,78.0,-3.6167692993525415,-7.652200620585782,178.17170835850473
804.0,376.0,1416.0,1996.0,1187.0,1451.0,-0.11308009149309856,5.971196203853904,183.17148181528455
1463.0,1546.0,1497.0,628.0,827.0,1018.0,0.6376948852413249,-0.07098680424471962,182.0530388837359
1864.0,1062.0,1139.0,43.0,1030.0,293.0,-3.4443873037715207,-0.30200558386449,173.97229111541031
1312.0,311.0,111.0,173.0,1193.0,1541.0,-5.183445389417694,-0.6984394340484936,169.7970256651101
1269.0,563.0,1098.0,620.0,994.0,263.0,-2.407022267202119,1.898874841193724,170.77411849194178
1794.0,1913.0,787.0,814.0,1757.0,1436.0,-1.9309685051948906,-6.301437445863066,189.69002003538148
148.0,1078.0,1577.0,1634.0,288.0,920.0,5.779798181366748,3.0707474109415838,174.90673034011527
1425.0,1160.0,639.0,1116.0,1163.0,1607.0,-2.9483373991500614,-2.3728669181805606,182.65837892325635
1887.0,846.0,1255.0,320.0,204.0,1837.0,-4.007354119804661,3.456644663365471,178.58915016154702
1835.0,740.0,1707.0,1769.0,1208.0,829.0,-4.507593272672654,4.773631460654049,187.55614768937374
85.0,1659.0,82.0,1471.0,1870.0,1457.0,5.224750371816151,-9.1078292729047,179.69729773107406
242.0,1910.0,49.0,243.0,1432.0,310.0,4.7071924654171,-9.873672142805813,166.93578699690752
1734.0,1698.0,659.0,658.0,675.0,709.0,-3.0498542553285253,-4.966644738260648,177.50140483272097
232.0,1397.0,1879.0,1972.0,1813.0,330.0,7.781685018751616,1.2641414605643972,185.01726443850163
159.0,346.0,493.0,1516.0,1116.0,1758.0,1.559680773349987,1.376269946972157,173.8088577851285
1773.0,1748.0,43.0,863.0,1429.0,344.0,-4.989321174326894,-9.405739682964311,177.4097096237054
786.0,1863.0,199.0,1689.0,1423.0,1976.0,1.6028573366464525,-8.86939208501365,186.61737479173553
931.0,974.0,258.0,1239.0,418.0,337.0,-2.6347770412038356,-3.5089477146779258,167.3532577415803
1255.0,44.0,558.0,135.0,917.0,607.0,-4.537905462986074,2.1422623197025814,164.0135280021408
352.0,348.0,1017.0,534.0,711.0,91.0,1.6273447788992905,2.5390234510270053,161.71434760470663
38.0,1163.0,1885.0,1391.0,606.0,1274.0,8.335368736180373,4.3004032300984445,178.38017117704112
1214.0,1152.0,1991.0,1005.0,1397.0,1476.0,2.6382230160017532,4.526777451511942,188.40657074082102
38.0,1428.0,974.0,1007.0,464.0,1742.0,6.978137068760496,-1.1845638764225073,174.9182031591801
949.0,1540.0,1828.0,1797.0,1034.0,181.0,3.0847506923565473,0.7017825448241857,183.76426958980807
1081.0,800.0,68.0,1731.0,199.0,1940.0,-4.6439992893431965,-2.333508946214425,175.8606458154247
485.0,1041.0,190.0,778.0,1334.0,365.0,0.8165680882105129,-5.060812849972491,167.50545219003516
318.0,439.0,244.0,639.0,1544.0,467.0,0.5132095602206587,-1.9335398750124013,164.81655418524605
19.0,1758.0,813.0,721.0,312.0,915.0,6.872192619201262,-3.9731161075874333,169.0924426281574
345.0,476.0,1712.0,392.0,1281.0,1734.0,5.619241949890172,6.791796432476816,176.25897888307412
783.0,513.0,1110.0,487.0,55.0,1796.0,0.6120169722036163,4.4707219550520705,170.33832562712348
668.0,364.0,701.0,83.0,1296.0,1792.0,0.7019082567648463,2.1680212136530823,171.25090042154463
104.0,1848.0,1192.0,388.0,1300.0,959.0,8.871122955448618,-3.5569265846366327,175.4201746207025
669.0,1939.0,1428.0,424.0,1897.0,1826.0,7.772056066838279,-2.8080704177499403,187.89103184344324
1265.0,997.0,1198.0,959.0,842.0,1939.0,-0.5759234559675905,2.0406926175203877,183.14926684016552
510.0,669.0,481.0,1134.0,7.0,1520.0,-0.007387400700444302,0.4121638370132156,168.27672477946578
542.0,750.0,1800.0,1307.0,1661.0,1023.0,4.553356057978389,5.033226780923529,182.36058160340045
1433.0,1674.0,805.0,823.0,1976.0,1610.0,-0.21844352829936686,-5.067370090910068,188.8405099237139
1894.0,1300.0,1773.0,532.0,716.0,1861.0,-1.3273488595601546,3.4357635101840778,187.61593170515238
85.0,1455.0,1675.0,444.0,492.0,274.0,7.75470635627223,0.811331957939623,168.51242242881452
1509.0,1960.0,622.0,349.0,1561.0,1359.0,-0.14796710260051837,-7.054808146601472,183.73920518989434
46.0,717.0,618.0,675.0,524.0,120.0,2.9505665618878183,-0.8187023877528032,159.89034570679166
1667.0,302.0,962.0,1705.0,947.0,545.0,-7.103152813876584,3.0174313398807104,177.32853379641617
400.0,1188.0,1499.0,562.0,1159.0,763.0,5.782408050563882,1.1788280183118418,174.5906247241545
850.0,1440.0,163.0,543.0,1355.0,328.0,0.036129451103761895,-7.115757728535022,169.87823807647243
985.0,1330.0,1186.0,439.0,510.0,436.0,1.497737142496334,-0.7343457487350856,171.228416914246
1831.0,1042.0,791.0,56.0,1543.0,250.0,-4.158440730696408,-2.347072040561206,174.30805117682166
79.0,1547.0,549.0,401.0,1021.0,1592.0,6.600719527513643,-4.5445453081615295,172.44920595351206
273.0,731.0,413.0,1192.0,1221.0,162.0,1.1965273190137216,-2.523254013568348,166.55594369790612
430.0,275.0,1975.0,1872.0,1289.0,1339.0,3.8068154844592064,9.329558203253534,182.6003026222042
326.0,160.0,1106.0,1041.0,629.0,561.0,1.2635904101235096,4.540595941833816,165.62686073827757
730.0,463.0,483.0,1956.0,723.0,376.0,-2.9582406671780648,-0.207556316497382,170.34478175977054
30.0,1323.0,274.0,1315.0,209.0,624.0,3.3656890449942196,-4.703567132335178,165.29850687631185
337.0,186.0,321.0,896.0,862.0,991.0,-0.4516629399070938,0.7919663934211454,164.55912181755843
545.0,323.0,1245.0,1645.0,33.0,112.0,-0.30896271625948235,4.442174948166117,165.9927714623397
1233.0,1153.0,472.0,723.0,1170.0,1826.0,-1.7598393111744746,-3.003456371169072,179.89669563577027
1020.0,1536.0,667.0,1765.0,485.0,1113.0,-0.5091526522373744,-3.934330979088285,179.9158178995629
488.0,1723.0,1923.0,684.0,698.0,1770.0,8.42777669661161,1.9771281850042155,183.22830116417128
1923.0,1036.0,98.0,897.0,1492.0,1369.0,-7.690250591658662,-5.047045106956707,180.7809276530436
206.0,363.0,1480.0,1503.0,280.0,672.0,3.004147239977599,5.84331575671906,169.00994288455817
1030.0,1259.0,1579.0,1114.0,1460.0,1415.0,2.735531002288159,1.6704611830619247,186.5411576052048
958.0,1560.0,582.0,741.0,230.0,1556.0,0.8019696909781813,-3.652959527626838,174.96410490693052
145.0,471.0,1980.0,932.0,1379.0,1089.0,6.751162119604885,7.528555287987691,176.45521035366107
1385.0,447.0,290.0,1345.0,712.0,558.0,-6.557352009023472,-0.9167455831254581,170.22888281597946
1608.0,1857.0,1332.0,727.0,620.0,412.0,-0.2918930527030688,-2.674658990022706,179.83051949245754
160.0,1576.0,425.0,518.0,53.0,232.0,3.9499261425823757,-4.984328487497117,161.07203185387888
133.0,691.0,777.0,1912.0,1329.0,1594.0,3.4039960558691083,0.7165322209962081,179.18882973469536
1880.0,1673.0,550.0,983.0,601.0,429.0,-4.739063943190032,-5.539468545838147,177.30198840353998
943.0,622.0,465.0,1943.0,783.0,866.0,-3.5683147307649046,-0.7478866443291025,174.94761139768326
150.0,1092.0,1222.0,950.0,480.0,408.0,5.007650436760199,0.5538862366194165,168.08003571720818
939.0,584.0,1695.0,1456.0,30.0,1869.0,0.6734381328353937,7.367755327247949,179.6097506364311
1931.0,1197.0,340.0,1261.0,365.0,792.0,-7.2841411053591765,-3.8190160086511202,176.03304716330695
649.0,19.0,860.0,758.0,1212.0,1715.0,-0.5440787308889635,4.872268297797628,172.7957250639087
1943.0,663.0,195.0,1361.0,1509.0,496.0,-9.375992777045015,-3.3159908879027684,177.3356098245142
1190.0,1809.0,1264.0,1925.0,636.0,1226.0,1.0919369208063514,-2.3564966032636723,187.5256557619608
184.0,1598.0,1183.0,692.0,982.0,651.0,6.928550621596928,-2.3217644524777197,173.04168110670832
610.0,321.0,643.0,1618.0,1634.0,1871.0,-0.6970021474575241,2.033306279327915,180.57807734346005
1804.0,506.0,1013.0,1312.0,870.0,155.0,-6.715600637042116,1.8377484564856643,174.9563267263953
253.0,754.0,1945.0,604.0,784.0,1768.0,7.14224855667195,6.945333816648558,177.01632581369572
940.0,87.0,162.0,961.0,901.0,1556.0,-4.608221587025953,0.974759017579835,169.68011093541287
698.0,835.0,465.0,899.0,240.0,1921.0,-0.09548442436204665,-0.38610998095170723,172.07679512531985
925.0,491.0,1895.0,400.0,526.0,663.0,1.6498395212796342,6.696048019416204,171.04839046068912
1543.0,740.0,1483.0,1432.0,1466.0,468.0,-3.0572257379170904,2.9521898534269297,182.7318651145992
549.0,582.0,1861.0,875.0,1021.0,389.0,3.607811726918576,5.666202454513623,173.0126890605095
1238.0,1655.0,1606.0,1073.0,1989.0,709.0,2.6799385705202132,-1.4016934980323592,188.64886336382062
826.0,1879.0,1757.0,206.0,1650.0,1163.0,7.043151778314494,-1.0529338538126916,184.34728220270873
280.0,841.0,1824.0,1223.0,491.0,1705.0,6.156695973596259,6.168196594369352,178.46590491561253
1349.0,157.0,1325.0,740.0,6.0,976.0,-3.567541738854697,6.374610700827883,169.2070593661397
1915.0,94.0,1351.0,162.0,183.0,1926.0,-5.763114915890025,7.649124509329118,174.5189977324806
1010.0,1632.0,1438.0,510.0,1800.0,910.0,3.982628021334187,-1.7902914554287,183.58516357712494
1406.0,460.0,262.0,856.0,1742.0,113.0,-5.944108794880535,-2.439878811460078,170.73267748790175
1018.0,1061.0,1805.0,1376.0,344.0,416.0,1.291628770631221,3.6646685141316664,176.9958314988713
1121.0,1535.0,1781.0,1558.0,1926.0,781.0,3.1498306992527443,0.31058052166323036,190.8848965475984
318.0,1667.0,1025.0,1310.0,1335.0,1765.0,6.716206800991412,-3.1136791990183528,184.0671462337222
48.0,655.0,359.0,570.0,549.0,772.0,2.6246784776548395,-1.2140698977334181,161.2099271781681
972.0,1032.0,613.0,269.0,233.0,1732.0,-0.10610861419962825,-0.7038221230855721,171.00486100934282
1326.0,735.0,648.0,275.0,1053.0,1172.0,-2.7555774043384105,-0.3234904670357259,172.85391544295638
337.0,1079.0,454.0,328.0,714.0,668.0,2.7178523427836625,-2.9936621815503504,164.40223257634327
1076.0,133.0,577.0,1778.0,506.0,1251.0,-5.268204879340055,2.98018656391689,173.27535402847076
1170.0,717.0,12.0,1278.0,957.0,1986.0,-4.825438887577114,-2.8894449138173366,177.44430173097678
528.0,678.0,553.0,263.0,1844.0,1927.0,2.2096332781819266,-0.5955951493519984,175.8362368403867
1625.0,1251.0,55.0,177.0,593.0,621.0,-4.748081927946111,-5.507844719052544,168.02530250493015
559.0,619.0,293.0,1140.0,1429.0,114.0,-0.9731709235952152,-2.800175295319619,167.3792037787337
1179.0,1275.0,1320.0,637.0,1800.0,815.0,1.3955036177281421,-0.6479828443820532,182.25844259333212
959.0,1512.0,981.0,202.0,1311.0,699.0,2.4416863605059356,-3.1272867096497157,175.155136334952
1127.0,1283.0,420.0,1244.0,1635.0,1020.0,-1.6050147331529925,-5.138114082244721,180.61557195185455
1067.0,347.0,948.0,218.0,1333.0,1744.0,-1.1367308734796544,3.4640621269875256,175.1116751045586
915.0,121.0,560.0,913.0,284.0,992.0,-3.503272222240079,2.763511327405085,165.43637205163475
395.0,1986.0,299.0,1920.0,418.0,336.0,2.6989247071645797,-8.450783913095158,173.18512809873354
259.0,474.0,1967.0,1285.0,1488.0,629.0,5.5032103630308455,6.946962755929666,177.11217204497098
984.0,1619.0,186.0,1901.0,828.0,991.0,-1.5176003145403987,-7.390989386208224,179.3192448001031
1098.0,732.0,200.0,1616.0,1058.0,1921.0,-4.149674859248218,-2.1584311603556743,180.1095714273374
1027.0,1567.0,598.0,1139.0,570.0,1226.0,0.07519421280157296,-4.313150904927988,177.54953892352523
1143.0,1638.0,1450.0,1637.0,469.0,804.0,1.3080687827923365,-0.6508298482543519,182.85610089276088
1658.0,448.0,805.0,1419.0,27.0,1913.0,-6.605750102057421,3.520507397208257,178.0356464449593
1081.0,783.0,499.0,523.0,469.0,733.0,-2.323102325111137,-1.1073904737634634,167.08300909521392
1152.0,1229.0,779.0,1017.0,1169.0,1951.0,-0.3603343708433353,-1.7254216021243756,183.666304880696
336.0,239.0,976.0,1562.0,961.0,1823.0,1.5295610039913694,4.778884263123596,176.3307180195934
72.0,1114.0,267.0,1935.0,18.0,1933.0,2.8086914255590103,-2.7967790492635176,173.41234352361784
797.0,196.0,334.0,1259.0,740.0,1026.0,-3.5107240698971642,0.9572629920413256,168.41154936584493
1257.0,1987.0,1891.0,1980.0,413.0,856.0,2.664772734212781,-0.09871250393206071,189.23050563546775
1620.0,595.0,151.0,1708.0,902.0,1387.0,-8.258862376537637,-1.9336254086737703,178.50806812888817
1327.0,325.0,1470.0,81.0,702.0,1067.0,-1.529411052746282,5.771447108261855,171.47260265584407
1486.0,899.0,791.0,1956.0,813.0,182.0,-5.242214193841658,-1.108147202676987,177.4445747912858
679.0,1892.0,374.0,174.0,733.0,124.0,2.6349474217691737,-7.413511322857647,166.17476323131265
375.0,1607.0,1516.0,599.0,504.0,391.0,6.225979219884583,-0.5250490929012274,171.57088944885422
332.0,117.0,1957.0,1050.0,719.0,390.0,3.417132874475943,8.585982407986302,169.1129923771127
1974.0,622.0,211.0,1500.0,511.0,1077.0,-9.85680154915808,-1.5802638452458275,175.9230962653365
720.0,1608.0,586.0,1895.0,32.0,1080.0,0.831416452813935,-4.251333740452501,176.4274438259912
1378.0,1592.0,661.0,120.0,1183.0,1916.0,-0.019695132486875933,-4.124402243721186,181.24147806911682
1787.0,1621.0,1668.0,1650.0,561.0,127.0,-2.150561609770883,-0.15695390662040223,184.23349760918455
1527.0,1176.0,34.0,1291.0,1034.0,1927.0,-5.557883550146908,-5.3733629248202535,181.80266499337125
226.0,1147.0,588.0,1111.0,1925.0,386.0,3.885302560224443,-4.270198885024512,173.59709376629803
660.0,1965.0,1758.0,1174.0,665.0,6.0,5.730818917364106,-1.572707282947321,177.95659344080562
1705.0,1419.0,529.0,1784.0,1848.0,1796.0,-4.79585847150199,-5.144664740634201,192.69134765423263
1579.0,810.0,313.0,1812.0,562.0,1892.0,-6.957604487119454,-1.5016685890183914,181.7115226712232
1749.0,393.0,64.0,635.0,1816.0,919.0,-8.302028545421631,-2.498272106900341,174.39712996192839
1482.0,81.0,808.0,1883.0,82.0,1419.0,-7.34600342980727,4.941861747618461,175.2677705735808
221.0,1222.0,638.0,1418.0,836.0,1474.0,4.044001694448509,-2.5079332622940202,175.89043339020586
1111.0,1245.0,44.0,1187.0,1309.0,534.0,-3.0063543677397604,-6.784671023995158,173.75625979796425
233.0,811.0,1845.0,479.0,346.0,1588.0,6.692099665514143,6.169965484657695,172.91372033727575
1129.0,442.0,1830.0,1877.0,1949.0,313.0,-0.7237969679019794,6.005668628260125,184.71127484230632
375.0,1853.0,7.0,1745.0,715.0,1292.0,2.6053572353302914,-9.193023130584736,176.45628497265088
276.0,1631.0,1544.0,798.0,1846.0,876.0,8.456090093185365,-1.3188485164070276,181.6203381056588
878.0,314.0,1702.0,748.0,1245.0,1726.0,1.550369933606934,7.728060394617319,179.83802141437388
1995.0,1969.0,67.0,291.0,1926.0,584.0,-4.631961252365661,-10.67763562108834,180.52769608065014
556.0,901.0,624.0,1736.0,704.0,860.0,0.24619363444782327,-1.2898718581978836,173.7690007226528
928.0,1714.0,56.0,366.0,1983.0,1302.0,1.0545264148846354,-9.280440923919866,178.31399335692197
1116.0,1711.0,896.0,1904.0,1977.0,698.0,0.606871573955294,-5.6230791618503115,188.7001740869208
788.0,615.0,1556.0,28.0,137.0,1961.0,2.7055263141228023,6.161533140430235,171.9362770715811
1545.0,1542.0,1093.0,132.0,839.0,469.0,-0.6833338698663212,-2.420152504928353,174.99139422235305
301.0,765.0,1072.0,36.0,1896.0,1454.0,5.373244185471746,1.194578713299728,174.31363566099935
1204.0,107.0,231.0,1037.0,1181.0,44.0,-6.253626116708729,-0.4119064067112336,165.41242057722496
520.0,912.0,670.0,932.0,287.0,1029.0,1.2423543614065748,-0.5161275835863042,168.45273498867135
1842.0,579.0,356.0,1093.0,734.0,1087.0,-8.184061049343827,-0.8075848032607748,175.04752767191297
1908.0,255.0,1042.0,1371.0,756.0,814.0,-7.937393368046959,4.0196191396327166,177.33307932209124
1815.0,1201.0,202.0,441.0,775.0,108.0,-5.920304007732395,-5.196844244902827,169.10459519624342
601.0,924.0,447.0,1329.0,550.0,1610.0,0.25157239323381775,-1.5386164956332409,174.17942698396882
1486.0,1385.0,648.0,661.0,1576.0,274.0,-2.4043478798013798,-4.800805569599924,176.967087849193
1931.0,1548.0,618.0,1681.0,420.0,53.0,-6.215270882830294,-4.818181332880594,177.9048754853291
56.0,954.0,741.0,1069.0,1581.0,887.0,4.939422110893213,-1.7320626237824723,173.17313802528872
1582.0,1969.0,1248.0,56.0,312.0,1213.0,0.8720804740957723,-2.5770047175509516,178.89374729399384
713.0,872.0,1988.0,668.0,410.0,701.0,3.8035027715119187,5.544008947701159,173.3991144626854
1132.0,72.0,1880.0,1667.0,1378.0,763.0,-1.5662027604871227,8.990909998870821,181.17747679076808
1363.0,1277.0,994.0,1083.0,1550.0,858.0,-1.244028475143695,-2.0936327912143398,182.77283665474204
546.0,1121.0,108.0,1144.0,13.0,805.0,-0.37912196314776564,-4.146005054897519,165.18695164539372
33.0,1111.0,1426.0,325.0,282.0,1768.0,7.693730199862565,2.864272152034216,171.13228272867659
627.0,537.0,744.0,637.0,595.0,759.0,0.11623419972801047,1.1413914222522301,166.13706706965368
1880.0,673.0,1800.0,1581.0,589.0,920.0,-4.633152684891984,6.029462967661992,184.13711014060127
1365.0,1527.0,241.0,864.0,630.0,1611.0,-2.566141380051215,-5.6778395391854115,178.00913756006904
1206.0,264.0,1677.0,1114.0,242.0,50.0,-2.2579045954072443,6.372602151633677,169.24005383811217
523.0,962.0,1037.0,1439.0,952.0,92.0,1.770954291813978,-0.3974014387421239,171.80586972009735
646.0,1721.0,1555.0,1503.0,655.0,1281.0,5.393462185680566,-0.3020441304460403,183.86895225883617
1258.0,612.0,1164.0,1230.0,1500.0,78.0,-2.6002088412043345,1.5040560377803849,176.0924392137055
1621.0,327.0,1423.0,180.0,10.0,1536.0,-3.4507330297753223,6.527492397277937,171.9775837073626
587.0,471.0,1486.0,1880.0,1031.0,452.0,1.1641154061056314,4.730980610303565,176.35876403656235
395.0,1397.0,291.0,1891.0,936.0,1673.0,2.234982322130052,-5.400189558012325,179.82854748401277
1274.0,1385.0,329.0,1381.0,1065.0,476.0,-3.05971621189299,-5.854835716215316,176.29134160114475
1158.0,750.0,1254.0,1477.0,991.0,1652.0,-1.129845022372732,3.3030769592693066,183.55487365131185
1548.0,322.0,1382.0,615.0,1408.0,899.0,-3.5010037755161005,4.895817297346544,177.697858207882
720.0,1000.0,1773.0,833.0,998.0,1004.0,4.041832909512391,3.890660530157216,178.52926603757044
1847.0,1923.0,294.0,298.0,1446.0,752.0,-3.367022976999229,-8.630160839906885,179.40939539153834
79.0,1969.0,604.0,503.0,1776.0,800.0,7.872879279125222,-7.786535704188362,174.9412608468989
1391.0,1574.0,1837.0,343.0,1650.0,379.0,2.4730507983635412,0.1560990697936806,182.99021657727297
1878.0,480.0,102.0,1522.0,1062.0,1278.0,-10.05173570100928,-1.805169079133417,178.14163864205855
338.0,1633.0,1337.0,748.0,1603.0,1553.0,7.886538913132725,-1.615816530543152,182.9232150996532
123.0,251.0,434.0,714.0,1075.0,1374.0,1.8255110640543881,1.2048150176078165,166.4837710320743
1232.0,1602.0,335.0,497.0,183.0,277.0,-1.649157755745392,-5.634512234678156,167.1149435269858
974.0,108.0,1981.0,792.0,1300.0,296.0,0.4045137663417232,8.267376742325363,173.77648862833684
1202.0,265.0,1241.0,536.0,346.0,519.0,-2.510773461004135,4.680007846776651,167.0690181462711
456.0,1155.0,71.0,635.0,1555.0,29.0,1.0413593024592647,-6.621000917974447,165.86677678882705
432.0,1940.0,1943.0,129.0,1045.0,1665.0,9.988306242320263,0.568037339339453,182.3918157118976
1937.0,228.0,1645.0,200.0,313.0,277.0,-5.0527396974655465,6.285599265790905,169.38333880295414
1478.0,1492.0,1028.0,1289.0,1619.0,520.0,-1.533182696976112,-3.3904970217083794,184.27276810652236
849.0,595.0,260.0,907.0,572.0,792.0,-2.60706763692873,-1.437596097451957,166.48746764876125
1011.0,958.0,1747.0,827.0,1096.0,606.0,1.9755570013558,3.4648586981365272,178.17659519955424
1451.0,1421.0,1170.0,741.0,1030.0,82.0,-1.0465718750440312,-2.0433648294374285,176.4103632198389
1687.0,1195.0,527.0,1030.0,1762.0,1409.0,-4.5736071547840496,-3.9206022170507375,185.13097974476642
1743.0,572.0,36.0,26.0,1265.0,783.0,-6.963098414049115,-3.0085055769339517,168.51849139813572
62.0,1818.0,1472.0,405.0,1506.0,376.0,9.43046336369897,-2.6894032856510286,174.58344103943878
1494.0,685.0,1594.0,978.0,1108.0,1812.0,-1.6780305917033669,5.4604016970276295,185.45627856517098
169.0,563.0,1489.0,1181.0,1253.0,41.0,4.324784146195294,3.4801073698415252,170.0628080961703
1300.0,1957.0,923.0,1710.0,32.0,654.0,-0.6137488378131188,-4.51920125914018,179.80939423199524
835.0,1020.0,1635.0,351.0,615.0,1040.0,3.223360019034047,3.333798685776783,174.26898768086843
783.0,1754.0,483.0,1214.0,414.0,54.0,0.8132234773212987,-6.305495828808937,170.04113682836112
1725.0,1718.0,472.0,917.0,1614.0,1303.0,-3.289815497293377,-6.870692465039052,185.7387022229169
1466.0,922.0,790.0,470.0,553.0,1512.0,-2.9061845600128255,0.20326145853580846,175.44624185549995
622.0,1336.0,955.0,1266.0,1431.0,913.0,3.071231455643728,-2.460332788979964,179.61896483102197
810.0,1953.0,1840.0,1185.0,1690.0,496.0,6.388310838970576,-1.6503209197661792,186.94959652770928
1193.0,1538.0,51.0,1692.0,890.0,58.0,-3.5351184902035184,-8.113455506921941,173.5475869561839
985.0,719.0,1794.0,758.0,1071.0,779.0,1.7290945549135246,5.076191712485083,177.39298204659144
1437.0,1237.0,1385.0,1905.0,495.0,1242.0,-1.832083953286943,1.4437924896908827,185.72248924521588
846.0,1152.0,1203.0,761.0,925.0,47.0,1.528116018228546,-0.5433555455547827,171.46108674848756
815.0,278.0,976.0,1786.0,185.0,979.0,-2.337581592498712,4.237975928133251,171.76024211212808
1530.0,1852.0,305.0,955.0,1069.0,1250.0,-2.4665110174457427,-7.783917456289786,181.62239108257793
50.0,217.0,1001.0,1871.0,813.0,1137.0,2.4935283424937356,4.440860827401608,172.14136458364231
944.0,558.0,1736.0,1939.0,123.0,1171.0,-0.12724487516271943,6.972809597394427,179.11991480955308
445.0,1445.0,734.0,221.0,1532.0,255.0,4.262417790241205,-4.5496354336538145,169.6764501615833
691.0,1908.0,1914.0,475.0,204.0,348.0,6.178049871037524,0.1560404237310898,174.4003975579189
922.0,823.0,827.0,943.0,1026.0,443.0,-0.7663189839417494,-0.5017581338483559,171.73851728674055
1971.0,102.0,363.0,699.0,1976.0,1998.0,-9.73068157766962,1.4572917428701593,182.2252442747266
1469.0,1178.0,354.0,495.0,60.0,389.0,-3.9421381696755455,-3.4236180895600663,166.21973543189546
592.0,193.0,217.0,240.0,1854.0,479.0,-1.2630184778568454,-1.1063005741658647,164.3976360155923
649.0,1560.0,1514.0,1433.0,624.0,1498.0,4.971815109415614,0.5408451925654106,183.45857397431996
709.0,1604.0,1473.0,910.0,626.0,768.0,4.458651648000032,-0.5128410556755286,177.35498106889855
1044.0,1429.0,3.0,1338.0,649.0,949.0,-2.468150174845523,-6.928888456401388,173.67103356115842
1785.0,1005.0,1916.0,1526.0,1773.0,457.0,-2.401397308446382,3.6341783863309125,189.58767827488782
903.0,1486.0,1343.0,1149.0,276.0,598.0,2.107168904108592,-0.4002712342032735,175.69409580062958
124.0,716.0,1033.0,1363.0,790.0,1886.0,4.613846109800927,2.676335043365603,176.38203582173827
50.0,1363.0,1773.0,359.0,39.0,1349.0,8.605763999299963,3.101480965355955,170.98559232550537
1425.0,466.0,1665.0,1615.0,1574.0,1578.0,-2.343354954077888,6.655625542554508,188.76618676559232
1412.0,247.0,1525.0,8.0,319.0,810.0,-2.1945507439770235,6.265542825512218,168.05872840027513
121.0,1914.0,446.0,940.0,610.0,131.0,5.155469783960505,-7.32320710809004,167.04269956545187
624.0,860.0,1947.0,1493.0,1353.0,408.0,3.9921894791105603,4.740029517063265,180.3157025068126
1013.0,264.0,933.0,1651.0,1274.0,787.0,-3.161701447266168,3.0886463481646764,176.48477573743313
945.0,672.0,494.0,1546.0,1450.0,1525.0,-2.3560682710780956,-0.9104405455863993,180.23456042255006
60.0,729.0,1007.0,599.0,1511.0,1416.0,5.755398418105618,1.3641985501227893,173.3009580402305
565.0,1639.0,227.0,1737.0,223.0,1238.0,1.139035562324744,-6.324243778621976,174.82523422667478
1050.0,571.0,1704.0,853.0,1636.0,1479.0,1.2661127346622716,5.901858708223719,183.48739589800672
322.0,349.0,220.0,1706.0,935.0,333.0,-1.3243729383550575,-1.1913427001817631,165.91607855435316
829.0,21.0,154.0,1467.0,1500.0,84.0,-5.047976174696101,-0.5864333932108191,166.76677038290114
1624.0,1789.0,1538.0,375.0,998.0,422.0,0.5626174764601194,-1.7075341251795955,180.82723390482795
1566.0,1969.0,822.0,841.0,1615.0,1390.0,-0.3602862291515835,-6.279058943829288,188.1734758247568
1610.0,1059.0,800.0,1723.0,1676.0,14.0,-4.972513176049259,-2.8210793273081434,181.31779627595867
1052.0,796.0,448.0,1555.0,406.0,689.0,-3.5112759009827883,-1.479990488703398,171.45000069573587
9.0,657.0,203.0,1691.0,1998.0,965.0,2.469247593230094,-3.4308993047820215,174.42823198567174
990.0,110.0,1390.0,1648.0,205.0,283.0,-2.7837264189778392,6.250389430843018,169.59585871752705
1170.0,331.0,1244.0,598.0,365.0,239.0,-2.3304552765825797,4.072489287517667,166.26399798512358
852.0,1132.0,698.0,1702.0,1169.0,664.0,-0.43057723448004365,-2.7176945411840006,178.0620234991841
1637.0,391.0,1643.0,999.0,1146.0,961.0,-3.5910110651251808,6.2129409944492515,180.74808370613775
1844.0,644.0,697.0,1384.0,928.0,1858.0,-7.2851556984519785,1.1165638706998426,183.7186185496946
1826.0,1091.0,935.0,885.0,535.0,786.0,-4.7916729140794345,-0.5331339638473487,177.17129351997454
1159.0,1192.0,564.0,110.0,915.0,573.0,-0.8686934859097475,-3.2539356039986265,169.2411615759492
571.0,1746.0,543.0,177.0,1248.0,256.0,3.7074537278544932,-6.543752259748221,169.11883885245348
318.0,423.0,719.0,1519.0,679.0,601.0,0.560554139960603,1.417245944199667,167.9726486768895
493.0,1676.0,1988.0,1043.0,1424.0,1159.0,8.344623943610761,1.394978472404599,185.8496880957697
128.0,1374.0,1398.0,1909.0,1169.0,973.0,6.91010020379491,-0.046707893929523445,181.65996342637604
585.0,1421.0,491.0,1744.0,1021.0,11.0,0.8813681321263618,-5.556664364875939,173.01928639629583
1976.0,703.0,1090.0,708.0,1831.0,779.0,-5.8105775361911745,1.0557420898676233,182.40763875032852
358.0,1971.0,602.0,398.0,402.0,855.0,5.271659816921271,-6.022060763138642,169.33068670652597
1559.0,149.0,380.0,1967.0,858.0,6.0,-9.06241516658348,0.3982631317922002,170.9092628519197
1450.0,887.0,1421.0,766.0,326.0,1677.0,-1.4697712363422135,3.881343804526522,179.59579406096574
441.0,359.0,409.0,343.0,1346.0,328.0,0.19285825878099372,-0.6687386285198372,162.63897757761842
34.0,1510.0,1170.0,1745.0,877.0,1709.0,7.715196295799511,-1.1010586769655095,182.08604473345247
1901.0,1973.0,1487.0,714.0,158.0,1053.0,-1.0569326269810246,-1.5257956024367845,183.60978031783472
1173.0,1930.0,1123.0,1909.0,1332.0,1301.0,1.6303368810029724,-4.460614863990438,191.18407705678047
780.0,1568.0,423.0,1658.0,292.0,600.0,-0.017793626623068937,-5.389740741974667,173.29795997096943
438.0,530.0,1526.0,1313.0,1699.0,1084.0,3.738138900226374,4.796448575079034,179.85961000472886
1335.0,1774.0,400.0,1173.0,1366.0,1273.0,-1.3623620082578043,-7.34622438922084,183.54686508384228
1586.0,399.0,539.0,576.0,1685.0,1413.0,-5.771656346433987,0.4924477858664232,177.82907742577893
1360.0,937.0,466.0,1748.0,785.0,557.0,-4.983845541145181,-2.6029041702548414,176.04639994734032
1671.0,777.0,223.0,1170.0,706.0,330.0,-7.225168436842406,-3.020652218586857,170.85180673726214
1938.0,1670.0,127.0,1792.0,826.0,476.0,-7.262950000586038,-8.137150786426906,180.63195283882044
1887.0,1576.0,1305.0,1269.0,1883.0,501.0,-2.7869225840337526,-2.656642244048616,189.39689541449917
264.0,512.0,537.0,1980.0,569.0,1668.0,0.7392368526435308,1.1157096224765868,174.5199436075637
1550.0,1921.0,793.0,1903.0,845.0,464.0,-2.4279766744077103,-6.11924050418264,184.36057826898033
1296.0,918.0,1211.0,347.0,694.0,890.0,-0.8202198402931957,1.5781713426893336,173.6494893305641
671.0,988.0,660.0,217.0,1525.0,1258.0,2.1071683659435667,-1.9031325523178202,173.40277432837217
562.0,1332.0,451.0,379.0,1562.0,1643.0,3.2500520941469677,-4.533914828728257,176.43768812271776
1202.0,647.0,369.0,1959.0,562.0,1351.0,-5.286373215703944,-0.7713357213335187,177.28529487661314
137.0,761.0,1114.0,505.0,903.0,261.0,4.434336830273679,1.08889551850888,164.8940892419972
327.0,538.0,554.0,1392.0,1715.0,1508.0,1.6222480978994525,-0.09692252035666662,177.16095764651521
1894.0,1878.0,479.0,428.0,44.0,955.0,-3.7575397401444723,-5.673366922206214,175.05810641324823
131.0,799.0,1586.0,205.0,609.0,1517.0,6.8617097155732365,4.648424752714601,170.63838026096647
228.0,1076.0,1248.0,468.0,1951.0,1147.0,6.742776807539872,0.18043628529778277,177.33771752908885
1317.0,162.0,384.0,1375.0,1203.0,1912.0,-6.409612877784448,1.8490620982931307,178.59927489732817
1377.0,1713.0,1785.0,1688.0,1039.0,1341.0,1.7919167106956877,0.6566628265625544,192.17937504283088
1066.0,394.0,422.0,205.0,301.0,495.0,-3.244595222063169,0.30050719926398795,160.83222011195988
1804.0,1207.0,1959.0,638.0,257.0,1380.0,-1.0578197501002684,4.669023400665892,183.28384017836805
1064.0,1831.0,1754.0,646.0,1888.0,356.0,4.729916201777095,-1.754071445962315,184.7676420753185
130.0,1238.0,1872.0,839.0,1679.0,401.0,8.492259719504144,2.0512616035262448,177.39075569013536
1935.0,1710.0,784.0,1650.0,1054.0,1576.0,-4.64918794756467,-4.549018197949957,190.7828288445899
1561.0,1696.0,1589.0,77.0,1546.0,1443.0,1.9387006694997346,-0.6368814485210985,186.80519899562154
502.0,382.0,283.0,1911.0,1432.0,676.0,-1.931572348962368,-1.205140243900899,172.73852694240088
1186.0,302.0,1412.0,858.0,1624.0,671.0,-1.6438233354525233,4.824211185802309,177.12051047666773
572.0,1373.0,905.0,624.0,28.0,218.0,2.4269422938887932,-1.934741194641847,165.1566585558168
1009.0,1135.0,1788.0,1894.0,1843.0,838.0,2.3047922664829175,2.6962195111017278,189.8648282597832
1002.0,1335.0,505.0,1041.0,951.0,256.0,-0.9125645918873946,-4.661875042648798,172.16225267165748
1835.0,1724.0,1475.0,80.0,1157.0,1299.0,-0.16311086209023073,-1.106157218771971,185.0708485029559
1613.0,979.0,1915.0,339.0,996.0,221.0,-0.6192818743273761,3.689721867797731,177.2336094744535
937.0,1176.0,483.0,1833.0,1863.0,680.0,-1.2547578398583412,-4.8299865573590735,181.8660513487517
340.0,791.0,1304.0,1703.0,240.0,633.0,2.7456556037360373,2.893909021034513,171.7616970705085
516.0,1989.0,156.0,620.0,391.0,990.0,3.1478085492369425,-8.2356975950187,169.65349393602284
109.0,1041.0,983.0,1530.0,1624.0,90.0,4.66327777578801,-1.6650998763064218,173.59843437935677
1169.0,1511.0,379.0,292.0,1957.0,107.0,-0.5034266277015371,-7.1769210025322945,173.61994369212715
708.0,300.0,938.0,635.0,115.0,1400.0,-0.37129203002682726,4.236353858563343,167.03245105785143
1823.0,1325.0,667.0,1217.0,952.0,929.0,-5.152114739427711,-3.3738012343178374,181.519494355338
47.0,1088.0,1478.0,1021.0,219.0,1104.0,6.602423165456972,2.6964926400195592,171.31921875905076
1209.0,1955.0,1692.0,1946.0,1029.0,1095.0,2.8961755518874686,-1.35257880673752,192.0471075120376
896.0,363.0,1718.0,1578.0,1259.0,1825.0,0.8830774376130887,7.979595770436898,185.15470708160646
1035.0,1544.0,850.0,1121.0,1840.0,1135.0,1.38322598297845,-4.35836240894808,184.76353191357413
1931.0,1841.0,116.0,1078.0,884.0,1902.0,-5.491173886483622,-8.212466349105501,185.54481008421973
1456.0,1121.0,1604.0,819.0,769.0,616.0,-0.6556080358230173,2.2113288137513814,178.9595114427922
561.0,796.0,1869.0,345.0,1373.0,1805.0,5.914825785043496,5.966089181160322,180.46974308917987
440.0,1799.0,121.0,1027.0,1366.0,1967.0,3.918100795840173,-8.567953347275829,180.27255037718732
322.0,234.0,941.0,1807.0,1043.0,522.0,0.5307640655782119,3.194618074135631,171.0707681374192
929.0,1298.0,412.0,1971.0,1078.0,499.0,-1.6641536742440854,-5.140501638799933,177.77630498182023
1160.0,617.0,1556.0,1052.0,34.0,1391.0,-0.767911551065635,5.8363973577510535,175.7951179435557
646.0,1137.0,1772.0,1008.0,481.0,457.0,3.911161934309763,3.0174661653121206,174.2803181490341
1472.0,1658.0,652.0,67.0,134.0,910.0,-1.1996023501183701,-3.8939205290543217,171.16817802918266
898.0,361.0,403.0,776.0,654.0,238.0,-3.1497596339966947,-0.17411017902615825,163.14339030293314
1950.0,1695.0,674.0,347.0,940.0,1020.0,-3.66008222279559,-4.911113630333506,180.0218558942887
1100.0,1402.0,1021.0,416.0,1932.0,116.0,1.2592584617036677,-3.4936032926679523,176.78666242612803
1777.0,1739.0,1056.0,504.0,246.0,1764.0,-1.6502811784662281,-2.022608221416261,182.52415858014518
284.0,698.0,180.0,560.0,1218.0,1547.0,1.7731231309770874,-2.3813724449480485,169.11828631591473
1953.0,1179.0,1833.0,445.0,1678.0,248.0,-1.997789956313167,1.9318538311911437,183.81525065272638
592.0,1874.0,1690.0,1652.0,223.0,1247.0,6.064281034474729,-0.0249159558292138,183.37158194800585
711.0,198.0,356.0,1415.0,1586.0,312.0,-3.0663741226543895,-0.3217320639213952,169.56742317869708
1211.0,1484.0,1852.0,102.0,183.0,1001.0,2.9374410372137985,2.4268822620917376,176.03555860270632
1722.0,621.0,1141.0,1511.0,1261.0,53.0,-5.754438961549573,1.5329886688362107,178.363881832936
221.0,198.0,1209.0,580.0,808.0,1352.0,3.3002450777901133,5.538335729186819,168.33720083305573
1664.0,1914.0,1226.0,1969.0,1355.0,1345.0,-1.2393312498199829,-3.813036410539703,194.85726067243627
1583.0,521.0,172.0,1431.0,518.0,798.0,-7.92548719515958,-1.4919812996409803,171.59304339791873
677.0,439.0,1532.0,1829.0,1999.0,687.0,1.4525219882241385,4.8225168971292325,182.84730322307695
1355.0,1657.0,605.0,1912.0,1135.0,1761.0,-1.917896821479731,-5.29257369163672,189.3659477197079
435.0,312.0,630.0,719.0,1782.0,676.0,0.73894603993768,0.6424978204417399,169.49365013484442
928.0,1298.0,1412.0,124.0,1572.0,1810.0,4.180270017445214,0.8058623337263362,182.75461136732756
70.0,832.0,911.0,664.0,1508.0,475.0,4.9428430860409085,-0.5297966635229966,168.889375943427
1248.0,1708.0,1399.0,1897.0,855.0,252.0,0.4079292503093468,-2.106308326093737,183.9441810169736
1288.0,1085.0,1742.0,1544.0,1805.0,1022.0,0.6550314334576804,2.8804586403473023,189.78971221726346
199.0,1946.0,1078.0,1400.0,77.0,1859.0,7.365152931193946,-2.8838013038022323,179.5030375113792
478.0,673.0,823.0,859.0,1690.0,1844.0,2.6376789699247953,0.9559303128961791,178.83614010598336
1853.0,694.0,746.0,515.0,888.0,402.0,-6.071905427545913,-0.18808491983692696,172.13020251906826
1631.0,884.0,1809.0,681.0,481.0,1160.0,-1.4613496607997258,5.1275944503713795,180.17533598045043
1358.0,1910.0,415.0,1444.0,1475.0,1167.0,-1.3363679914532218,-8.284151058449162,185.79221007119205
1155.0,1013.0,205.0,518.0,1747.0,535.0,-2.5194055841418685,-5.1332700849917865,172.51739923149069
1792.0,1901.0,1780.0,624.0,429.0,1288.0,0.5164423092293957,0.17498735869675297,186.35514364422664
1894.0,99.0,107.0,434.0,951.0,1714.0,-9.579393249098622,0.7218911695868191,172.35265377607752
819.0,923.0,1091.0,1262.0,1752.0,1518.0,1.5782878681267318,0.7139081811175979,184.03339419053586
1463.0,892.0,939.0,1542.0,358.0,419.0,-4.2789700981260195,0.2841724773585131,174.86745772337392
792.0,38.0,896.0,173.0,739.0,948.0,-1.0953918063620474,4.273926562073941,164.4078805923998
1515.0,471.0,1505.0,227.0,1915.0,650.0,-1.9654133853724414,4.0577804561378095,178.29637807080758
913.0,759.0,140.0,1467.0,1404.0,353.0,-3.3532323204131202,-4.1149358904483035,171.84459505811517
1671.0,1495.0,62.0,1175.0,1141.0,1832.0,-5.214131889199989,-7.079557919283989,183.71942271464266
1990.0,111.0,618.0,793.0,516.0,968.0,-9.16859826944161,2.8667368628723966,171.30991916905037
266.0,1778.0,924.0,703.0,1122.0,969.0,6.62574271340072,-4.4121083365970435,175.4342940386863
1003.0,1886.0,1057.0,1192.0,169.0,584.0,1.7483168024492486,-3.597755108719717,176.32869966312293
1440.0,46.0,417.0,1687.0,1918.0,1123.0,-7.893067955061941,1.3419939139241297,179.9424840474949
1377.0,329.0,567.0,488.0,947.0,1352.0,-4.696170903858994,1.5554813132988465,172.0005395587262
840.0,1122.0,1870.0,1845.0,939.0,591.0,2.8062634591279783,3.55990922190502,183.0992264574154
1661.0,1476.0,403.0,1983.0,1386.0,120.0,-5.587654157697105,-6.695002211288784,181.86173575895765
1418.0,1279.0,345.0,1620.0,507.0,1412.0,-4.330828627182184,-4.063091251063778,179.79676902985844
1324.0,1959.0,997.0,412.0,1167.0,474.0,1.277603319063889,-5.249826384400453,178.54756782975954
1794.0,1209.0,1794.0,1333.0,622.0,448.0,-2.482878650064671,2.7184375539280645,183.11049750200735
551.0,814.0,1904.0,974.0,787.0,269.0,4.021834424926855,4.773426383021484,173.15480357190944
333.0,1702.0,70.0,1614.0,229.0,1714.0,2.6673075169259426,-7.183617955759949,174.90456948045858
1779.0,1557.0,387.0,1675.0,1625.0,1359.0,-5.325934869207288,-6.687727299009403,188.9563340571889
1126.0,260.0,9.0,1397.0,473.0,1185.0,-6.405116619812026,-0.6393822542654846,168.75918941678515
1986.0,711.0,1421.0,1560.0,838.0,1657.0,-6.007382668225995,4.531534594733971,187.93339985484374
194.0,1554.0,579.0,324.0,147.0,134.0,4.260292552026548,-4.318086861420228,160.92883865136628
1546.0,572.0,1793.0,388.0,1966.0,1465.0,-0.8536624629724203,6.01268261483367,185.7044349797694
289.0,1071.0,814.0,209.0,804.0,1889.0,4.976459865167756,-0.3290763465684857,172.04036992875243
1587.0,886.0,1005.0,1683.0,1132.0,307.0,-4.7743689512013034,-0.12885360082200348,179.9453498951529
944.0,970.0,1080.0,1543.0,903.0,1389.0,0.08631313920844691,1.0183314592023875,181.26925344469942
1740.0,763.0,515.0,1944.0,640.0,1913.0,-7.641682753419724,-0.22081725428423704,184.50321501746404
591.0,133.0,512.0,1076.0,294.0,1406.0,-1.7877592957647304,2.8937815469496995,166.64278321879192
1871.0,1442.0,1356.0,1435.0,343.0,29.0,-3.8748697643494765,-0.6885379698408842,179.33208009580267
1036.0,715.0,355.0,273.0,985.0,1983.0,-1.727994602329308,-0.9613989294137578,173.54913062590356
238.0,1604.0,1004.0,878.0,36.0,1669.0,6.070184301599673,-1.515677095943132,173.79085368889787
444.0,788.0,1986.0,850.0,42.0,188.0,4.187098137507644,5.571963946541834,167.91130173169068
934.0,1559.0,183.0,844.0,34.0,632.0,-0.8667626332283227,-5.882201240047535,167.41497441930332
1114.0,1130.0,1602.0,1582.0,114.0,663.0,0.19658757130826943,2.803097411937088,177.9745780865189
1115.0,534.0,1699.0,1411.0,1563.0,221.0,-0.5258312619982298,4.772598398278891,179.64546044864505
107.0,1970.0,379.0,34.0,1905.0,183.0,6.952597722008724,-9.166657489974668,168.84840815830256
383.0,631.0,1500.0,329.0,18.0,931.0,3.7748605155364157,4.812922327765856,165.36187042257617
1415.0,255.0,1585.0,935.0,133.0,1052.0,-3.1094048769642106,7.23414411435734,173.41393887887895
1207.0,1582.0,1687.0,90.0,584.0,90.0,2.4614135814675633,0.027418681654815702,173.03153225792454
1048.0,1723.0,1631.0,1157.0,1839.0,822.0,4.025869957910268,-1.396028660738116,188.35882481466027
528.0,509.0,1772.0,829.0,1679.0,1080.0,4.263245447940394,6.062972794069478,178.75992011600965
1037.0,1527.0,399.0,1342.0,115.0,329.0,-1.5595642458525625,-5.155055226254469,170.3428196903657
523.0,1164.0,1225.0,1079.0,1675.0,1663.0,4.841905368341308,0.32225322861861105,183.7439005908085
1806.0,1908.0,1937.0,1816.0,1063.0,913.0,-0.14229277464905898,0.019473760858446695,194.77043308211472
534.0,133.0,922.0,1277.0,1596.0,168.0,-0.4450814475745216,2.7393777016725913,169.83845327489408
1649.0,137.0,1510.0,668.0,37.0,1007.0,-4.636898033565902,7.328873576141792,171.43667096199488
1205.0,1864.0,183.0,1871.0,113.0,713.0,-2.5427052786838766,-7.829005550863235,176.31736739502531
519.0,427.0,685.0,231.0,770.0,1566.0,1.1776792849234874,1.9899174805668909,167.62658562839766
949.0,355.0,63.0,944.0,655.0,405.0,-4.530807632729862,-1.6258085161094613,163.28435125629858
713.0,1504.0,1492.0,1956.0,446.0,956.0,3.395184599069146,0.3928532418851041,182.40772477095
1351.0,1693.0,1140.0,977.0,815.0,469.0,0.022748561469554673,-3.005946960691349,179.24522602911375
433.0,1424.0,484.0,630.0,1128.0,1962.0,4.110378240244436,-4.204351099195249,177.1071681903947
278.0,461.0,1728.0,982.0,1099.0,329.0,4.347570293857458,5.5258754170224,170.9197495364585
1843.0,1604.0,1475.0,1047.0,183.0,677.0,-2.3121493511307003,-0.1750344509843882,181.23919929037757
706.0,1278.0,1180.0,759.0,748.0,959.0,3.076032977625795,-0.2945144747636521,175.0362996777838
1866.0,817.0,209.0,806.0,156.0,398.0,-7.753768132203277,-2.588473049097118,167.5800957569494
567.0,747.0,660.0,551.0,1379.0,627.0,1.2479448003891718,-1.103501427251211,169.37928812956454
1585.0,797.0,869.0,1821.0,137.0,644.0,-5.778254062019448,0.8089024609582075,176.00278128161028
1839.0,767.0,1183.0,1132.0,1503.0,799.0,-5.157884653835293,1.5293186899196956,183.1624954392621
794.0,130.0,1933.0,1401.0,541.0,186.0,0.25233201956567197,8.375193570501263,171.34349273242367
630.0,940.0,45.0,1845.0,1554.0,365.0,-1.749523192273469,-5.782027773675692,173.56179101843347
1289.0,1403.0,373.0,644.0,854.0,1746.0,-1.7027504672245741,-4.495991189732815,178.451694064727
1667.0,1150.0,1840.0,345.0,517.0,1117.0,-0.4654644164186609,3.846480577890011,180.1911001408829
393.0,1930.0,125.0,1934.0,162.0,109.0,1.6960100378854643,-8.776938655046095,169.52450019169908
1411.0,391.0,1707.0,1060.0,628.0,707.0,-2.454244692926094,6.520877603892805,176.23960484036465
1443.0,962.0,1722.0,1623.0,717.0,585.0,-1.5920071997078493,3.7228506888825077,182.32528904589532
353.0,1224.0,298.0,474.0,992.0,514.0,2.5464104462626316,-4.866224531416943,165.74567299548818
37.0,114.0,1691.0,1124.0,274.0,834.0,4.254794872400948,8.142963973851284,166.57734579346794
44.0,655.0,1599.0,1639.0,58.0,992.0,5.076843685783277,5.531230361570714,171.41994781630547
1409.0,1120.0,266.0,249.0,410.0,157.0,-3.665407491863828,-4.049357731762384,164.4803751869744
1979.0,1974.0,635.0,1543.0,1801.0,1536.0,-4.21001811409581,-7.697952309783759,194.55317547671692
1662.0,870.0,1590.0,1308.0,1722.0,1921.0,-2.265316809024087,4.213154937553118,192.7620199046224
550.0,704.0,1863.0,456.0,1451.0,712.0,4.8475236178894345,5.08985331812425,175.35368411886668
94.0,25.0,1756.0,414.0,1956.0,1769.0,6.4157839631535065,9.10231698912381,176.40932253120965
1672.0,629.0,924.0,49.0,1261.0,1456.0,-3.830682993333999,1.651609806969682,176.81744784668842
290.0,1986.0,1181.0,454.0,152.0,489.0,6.650054609653647,-3.356956917895806,169.19529475808417
1415.0,395.0,839.0,1579.0,1660.0,1725.0,-5.0484458686839035,2.5472646514753676,185.18339228787158
922.0,720.0,199.0,1741.0,1646.0,294.0,-3.6001793164184894,-3.9433139845065415,174.33673716330068
644.0,64.0,325.0,796.0,192.0,1912.0,-2.3555345659640516,2.8497140872406472,166.19054659185787
216.0,1989.0,241.0,228.0,1398.0,963.0,6.103688567814366,-9.012256419111868,171.35745979858007
60.0,1324.0,78.0,1714.0,1992.0,499.0,3.5035005628600584,-8.041422289870763,174.85494143991707
959.0,956.0,1578.0,1346.0,1003.0,969.0,1.4642471754290052,3.180876328649517,181.12428966299137
1322.0,29.0,1558.0,784.0,1859.0,1868.0,-2.2251547945531756,8.371989203261073,183.94571326369544
1185.0,1711.0,196.0,1851.0,873.0,1449.0,-2.1506417124064225,-7.6384722016158895,183.2093854290356
1068.0,1925.0,1051.0,988.0,1186.0,827.0,2.4789639304566444,-4.754247794243142,182.24759809946798
1154.0,1028.0,795.0,708.0,794.0,1683.0,-0.8888124859540054,-0.40070907639635645,177.80951711371836
1552.0,205.0,110.0,1964.0,1583.0,1204.0,-9.498026796778666,-0.8645048863073794,179.74983684388167
147.0,976.0,847.0,1721.0,1248.0,1113.0,4.181392895682111,-0.8133450168247609,177.17176793253697
1131.0,165.0,1473.0,371.0,824.0,1297.0,-1.0634806256562732,6.86760990558022,172.9076965666845
1804.0,497.0,1836.0,523.0,1019.0,1999.0,-2.8167039295332685,7.845376401883415,185.27516258288918
123.0,425.0,1460.0,69.0,69.0,770.0,4.615446985520368,5.279160950653729,160.76627259255838
394.0,1785.0,425.0,1373.0,1953.0,1072.0,4.607568749452415,-8.181592420839868,181.7353680716132
1978.0,206.0,919.0,264.0,1466.0,1723.0,-7.1012345964916035,3.9247067981947215,179.4921225102827
1015.0,881.0,428.0,1236.0,25.0,1042.0,-2.75807903931696,-1.3053407163044488,169.82356561955805
726.0,1098.0,1419.0,161.0,272.0,18.0,2.6789654741570716,1.179914796558458,165.0330183697986
79.0,1427.0,1409.0,1916.0,1317.0,879.0,7.45379891198338,-0.4879807965018805,182.0117571346665
1709.0,1138.0,885.0,1950.0,1376.0,532.0,-5.297074732891396,-2.094738710984153,185.01444378010567
1144.0,198.0,1353.0,1654.0,1953.0,855.0,-2.5842238774919655,5.333814051485304,182.78359487839458
499.0,1393.0,1958.0,1505.0,1329.0,330.0,6.247063100747621,1.9957820044101056,181.9867833967863
1435.0,1750.0,1518.0,423.0,314.0,1545.0,1.6438338463017312,-0.03381448916566021,182.03899059495956
1912.0,256.0,1917.0,1674.0,1012.0,1650.0,-5.512459847450765,9.559054169304472,188.9069967132487
311.0,92.0,341.0,1753.0,338.0,1222.0,-1.56576986731044,2.0739598515229005,166.88710259478432
1816.0,528.0,1131.0,319.0,205.0,1400.0,-4.939536561389881,3.945461825103471,173.6415488215905
544.0,476.0,1104.0,820.0,183.0,499.0,0.8314949029785352,3.2145924238596857,164.66447996801568
1254.0,1271.0,92.0,1991.0,434.0,476.0,-4.907835266954748,-5.897124367205602,174.1418040296513
626.0,498.0,1992.0,1984.0,592.0,1908.0,3.1440935372552445,9.325548621839397,184.75256591250528
1339.0,310.0,407.0,1239.0,372.0,606.0,-6.270580821860348,0.6800809006296893,167.8463403741072
632.0,1696.0,1344.0,255.0,722.0,1159.0,5.664559102227986,-1.3110617209484994,175.80847723893382
1092.0,1076.0,496.0,1119.0,45.0,54.0,-2.7243940220831475,-2.65374952518789,165.94524999785102
1569.0,559.0,1734.0,420.0,1327.0,721.0,-1.7796358063921824,5.245977546859665,178.52478995801857
1195.0,1625.0,539.0,11.0,1838.0,1637.0,1.0958926180182664,-5.8245283258511815,181.110438851211
930.0,991.0,1503.0,1699.0,871.0,1631.0,1.5149465082034455,3.4451340682653555,185.31026155712192
696.0,801.0,36.0,1289.0,1348.0,318.0,-2.0913052222236814,-4.789988567263338,169.02013816374884
24.0,625.0,1896.0,984.0,1327.0,965.0,7.490863105813712,6.195421333215787,175.5882391042578
1661.0,146.0,1020.0,108.0,278.0,1958.0,-5.037559890403813,5.760441140773418,172.3216970332943
772.0,1371.0,600.0,79.0,644.0,32.0,1.3677852547514502,-3.9885043761069685,163.9595031206979
1360.0,390.0,1676.0,1925.0,1234.0,1784.0,-2.5408406325053825,7.682538463090376,188.92156388468538
1921.0,568.0,1067.0,736.0,4.0,1976.0,-6.088736047800505,4.241754385300322,178.03868313718178
270.0,1433.0,241.0,1476.0,1422.0,1513.0,3.559361764661121,-6.41486942447418,178.57440611084903
1260.0,1857.0,454.0,50.0,625.0,1159.0,0.29538960648457835,-6.1876017538927535,173.69002300582832
349.0,829.0,1956.0,1099.0,1437.0,1762.0,7.034738604227471,6.38698284770488,183.95173701756423
1312.0,1404.0,682.0,788.0,112.0,1635.0,-1.4491801564890856,-2.214663869190069,176.57190865033903
1646.0,125.0,973.0,88.0,204.0,1104.0,-5.277611981756989,4.728009023120525,167.08141614185794
449.0,436.0,1017.0,629.0,1512.0,1764.0,2.745172090993206,3.3158091222573316,175.88343813699646
325.0,689.0,577.0,680.0,113.0,870.0,1.4822364802430226,0.14878080282548373,162.78812133631692
899.0,928.0,339.0,1185.0,1737.0,828.0,-1.517555742913542,-3.921442264987418,176.4615006206128
1907.0,808.0,1917.0,1390.0,238.0,1010.0,-3.9117144254286087,6.19575997819285,183.25102656498066
1169.0,502.0,806.0,1403.0,1238.0,1111.0,-3.376365603797803,1.491694380396223,178.1136025184451
1202.0,782.0,1905.0,1993.0,1701.0,81.0,-0.26925276157047906,4.489250163774157,185.4144417475946
680.0,563.0,65.0,1606.0,1584.0,844.0,-2.668021454952678,-3.328609415096807,173.49621083105515
911.0,1798.0,1398.0,135.0,1665.0,668.0,4.968033967887694,-2.8586357101521225,179.7491610777386
80.0,1304.0,1161.0,1922.0,1210.0,1888.0,7.088857699297009,-0.19691460373407976,184.8376637169348
1596.0,1732.0,1794.0,1119.0,542.0,506.0,0.3213490541293119,0.2686753360376501,183.649798125849
1740.0,1743.0,356.0,1153.0,457.0,1523.0,-4.234327727864471,-6.120987710029836,181.71389200366204
374.0,767.0,1839.0,596.0,198.0,1651.0,5.600791110600991,6.555130050957109,173.5880909730169
1824.0,34.0,673.0,1773.0,89.0,1224.0,-9.756816296829623,4.250946112312293,174.37834564045767
1663.0,1962.0,643.0,1400.0,1393.0,1828.0,-2.07515908320499,-6.875237182282239,191.67543785798657
1782.0,713.0,1089.0,10.0,1240.0,667.0,-3.888620256428959,1.285163803828051,174.30066376533762
1415.0,413.0,721.0,141.0,1344.0,771.0,-3.825029558655752,0.988698184844917,170.7138452520178
937.0,1862.0,1235.0,279.0,489.0,1866.0,4.434536793397696,-1.8894753313567347,180.27128515938085
112.0,1783.0,959.0,255.0,205.0,393.0,6.556537208784341,-3.5222644079472163,164.82720076315235
201.0,1285.0,1153.0,1274.0,151.0,158.0,4.355413486166963,-0.612442263599234,167.6734698277533
1469.0,1372.0,1343.0,1683.0,1689.0,533.0,-1.2749984199478526,-1.1863423902823376,187.74355778613452
959.0,740.0,276.0,1168.0,1337.0,1884.0,-2.3836586921268066,-2.041773959525327,178.8221379381511
332.0,44.0,1065.0,227.0,376.0,1556.0,2.004273051508259,5.992031668348585,164.34259177214648
1763.0,1693.0,343.0,976.0,280.0,220.0,-4.74621717746981,-6.325769713041866,172.88717185386818
1542.0,666.0,942.0,422.0,894.0,247.0,-3.8382445755580656,0.7141600358200821,170.2563677817975
1467.0,1297.0,310.0,1417.0,104.0,232.0,-4.907293693250806,-4.549821658520683,170.65056997688328
599.0,1042.0,1766.0,1793.0,1459.0,1338.0,4.70741531472608,3.87570123630273,187.13577491528704
520.0,1625.0,683.0,273.0,471.0,1813.0,4.516421285731539,-3.4641913592842584,173.59640873481018
538.0,533.0,1772.0,1913.0,484.0,1301.0,2.6750220629750627,7.236142378603292,179.45729371760817
1058.0,1468.0,280.0,370.0,350.0,216.0,-1.047879722163007,-5.476485441774317,165.15184517871577
740.0,1551.0,271.0,1598.0,1688.0,896.0,0.7475246904490181,-7.601520972670768,180.5445562255627
295.0,1085.0,1805.0,114.0,991.0,1553.0,7.783804822404148,4.074980497115023,175.7401135181013
131.0,923.0,1945.0,1215.0,1529.0,1216.0,8.161897130250583,5.153483502049002,181.49203834346832
339.0,83.0,1673.0,1476.0,1752.0,763.0,3.0923785970804665,7.592281747467289,177.09282678864824
1683.0,126.0,1366.0,1382.0,1438.0,461.0,-6.004375308828411,5.497254118283358,178.9936861347043
329.0,1665.0,510.0,1371.0,632.0,265.0,3.3105123061058217,-5.948412191849796,170.38067359290557
15.0,371.0,602.0,1000.0,1331.0,1444.0,3.2788262891814943,1.3224182918266418,170.54246531998632
1384.0,1107.0,963.0,742.0,840.0,1006.0,-1.8145173140900204,-0.5666669940220818,177.1964773753226
751.0,1831.0,1664.0,307.0,962.0,663.0,6.020008971684639,-1.0653575932896486,177.7058118778488
1621.0,1676.0,69.0,422.0,140.0,1538.0,-3.7334845141173125,-6.493217697879251,173.8935453650813
557.0,132.0,1768.0,348.0,728.0,1264.0,2.8819187614289934,8.457623233243645,170.33841237674864
1422.0,1058.0,1517.0,1330.0,1421.0,1863.0,-0.5344575723416704,2.9273203804912447,190.44151336976466
1273.0,289.0,1381.0,1969.0,1988.0,1553.0,-3.1139483601637075,5.891550867613622,189.4660048766279
159.0,1681.0,1256.0,1475.0,124.0,490.0,6.0824589970311305,-1.7212653226374532,172.53407793458945
1253.0,694.0,120.0,1026.0,1802.0,161.0,-4.990839224119108,-4.368703950999258,171.84222073276206
415.0,1107.0,1650.0,638.0,1243.0,1331.0,6.370546077971271,2.8608805012029324,178.72278017537786
1409.0,1742.0,1655.0,1209.0,1429.0,1743.0,2.2125667743789226,-0.19360348277075487,193.43669433842527
679.0,1670.0,1569.0,687.0,257.0,1666.0,5.6721061473849,0.7560620451952651,179.51436767190762
624.0,1209.0,1698.0,998.0,1118.0,1534.0,5.363938463384991,2.937615081899437,182.90820884520798
732.0,728.0,596.0,1433.0,764.0,1871.0,-0.5531099473841306,0.2802464799091764,177.61443941121553
1382.0,1883.0,1132.0,459.0,1068.0,1042.0,1.333908750675172,-3.746493360879772,181.89792542976787
1771.0,1034.0,369.0,1301.0,1086.0,1965.0,-6.478957659328928,-2.8278790854646454,184.62609872880097
1119.0,682.0,1991.0,159.0,82.0,1808.0,2.0131307471441287,7.817924203620237,175.74964624701175
691.0,54.0,499.0,50.0,1977.0,1921.0,-0.6023073168730664,2.322625614478998,172.70353714150687
457.0,1852.0,1635.0,285.0,1666.0,68.0,7.716166962431636,-2.463794838104992,176.39192011637476
1272.0,26.0,887.0,348.0,1386.0,1968.0,-3.582959107540244,5.045968147577864,176.172281096564
1948.0,1540.0,77.0,276.0,668.0,68.0,-5.842737127244012,-7.138773221402243,169.14593174188687
628.0,1402.0,1668.0,389.0,1731.0,1916.0,7.074706737812696,1.5867329324729504,185.64642823100905
1196.0,1004.0,910.0,1843.0,465.0,201.0,-2.9171378333344133,-0.6996598727776996,174.9239536406115
992.0,1624.0,973.0,1619.0,1065.0,1946.0,1.8362874701025096,-2.8056661018494955,188.39561716112158
882.0,1013.0,1399.0,341.0,681.0,821.0,2.205237522301391,1.963519360419581,172.48833708854553
1595.0,1971.0,1307.0,1065.0,237.0,839.0,-0.29793782166887905,-2.6778307616010295,182.18551682714778
342.0,734.0,121.0,45.0,1665.0,1070.0,1.856419118834084,-3.6032993635287807,166.40990320967515
1360.0,1931.0,1362.0,559.0,600.0,1303.0,2.0362425514003295,-2.176842255024608,182.69994555062468
429.0,673.0,1093.0,1718.0,1191.0,1538.0,2.5023063678301307,2.607711739381557,180.24851482761824
411.0,1023.0,1358.0,1004.0,1050.0,1865.0,5.256470197966009,2.510587898075084,180.4874260631998
1309.0,1328.0,463.0,1930.0,1418.0,1176.0,-3.2723837040837367,-4.960737491600933,185.20966534031885
647.0,685.0,893.0,1121.0,1279.0,111.0,0.37162355283914716,-0.01432123979141553,170.4377125276283
1228.0,1993.0,300.0,877.0,1767.0,334.0,-0.29603391338336194,-9.82039505685749,179.035773435973
1565.0,1860.0,664.0,1416.0,1290.0,1461.0,-1.9262996146238778,-6.288733889624347,188.44420785653747
1629.0,170.0,1584.0,627.0,298.0,273.0,-4.322289001473225,6.441553223678281,169.3197625940505
1004.0,421.0,89.0,97.0,1830.0,522.0,-3.1466674677551385,-2.79926755396237,166.31820678720277
762.0,25.0,35.0,1133.0,981.0,1775.0,-4.240427431524449,0.7630072465397967,170.23440113235966
84.0,1014.0,37.0,1824.0,1054.0,1705.0,2.3462919911868174,-4.793914088501049,175.39333058291982
690.0,698.0,1195.0,1638.0,353.0,1095.0,0.5678295836085054,3.196520423307815,175.20321518235096
261.0,574.0,618.0,1505.0,1457.0,588.0,1.5243285743468244,-0.5465006907753982,171.81487551890964
462.0,77.0,1777.0,768.0,57.0,60.0,1.6757601747600162,7.62741334817856,162.16872106015
1521.0,92.0,302.0,725.0,775.0,732.0,-7.393148504536025,0.9810917697189105,167.12506951485088
637.0,761.0,1106.0,951.0,238.0,576.0,1.0617760475176548,1.938251910697001,168.0196807354245
1889.0,244.0,1102.0,386.0,475.0,105.0,-6.43168377253371,3.53850241795026,167.38843378408777
1597.0,1156.0,320.0,1451.0,211.0,1347.0,-5.720053253786593,-3.223393497565641,177.16347614233732
78.0,484.0,1757.0,962.0,103.0,411.0,4.865165349146361,6.189868649120479,165.24267293434207
893.0,486.0,681.0,467.0,1270.0,1203.0,-1.0148470071100002,0.9272347782355026,171.80814211143857
70.0,41.0,254.0,206.0,1586.0,911.0,1.5215447296332953,0.4617732832179049,161.8013214513288
1615.0,854.0,424.0,86.0,1884.0,1595.0,-4.186823106777943,-2.5033636506992774,179.1744364618746
928.0,593.0,316.0,584.0,200.0,740.0,-2.674230873646804,-0.812153174804918,163.3153273578753
222.0,1123.0,942.0,1483.0,891.0,695.0,4.054233716340791,-1.0970901982612822,173.56851750436581
863.0,1169.0,436.0,298.0,716.0,1887.0,0.6804195423834982,-2.6562470776024787,173.64836481817142
320.0,1653.0,64.0,1413.0,1822.0,303.0,2.8704966735080935,-9.612578821404654,174.24800650557825
1229.0,549.0,1422.0,749.0,284.0,1503.0,-1.240955553686497,5.4042696633558505,175.44337006057938
1374.0,731.0,109.0,1178.0,204.0,1256.0,-5.935696279828031,-2.151004422272058,170.83128295425544
1563.0,906.0,1778.0,88.0,1997.0,1794.0,0.5016341837613667,4.449036684920413,187.79962864713536
1949.0,361.0,1386.0,1682.0,1483.0,1972.0,-6.956520584915876,6.217891756458759,191.22684637976062
469.0,489.0,1943.0,821.0,1130.0,1523.0,4.994371041823616,7.890437338180225,178.48623875449388
449.0,1722.0,1062.0,354.0,1771.0,1630.0,7.1207376013592665,-3.60129116720464,181.7396262176243
720.0,1095.0,449.0,895.0,212.0,461.0,-0.2952748605308646,-2.8054643149983844,165.74489687112856
1357.0,1234.0,1651.0,1228.0,1959.0,183.0,0.349596635083658,0.5764877979354632,185.26467544972587
1086.0,917.0,487.0,248.0,272.0,1980.0,-1.2877604325140104,-0.6037032559765576,171.69544733699982
1057.0,200.0,1691.0,1410.0,1981.0,1105.0,-0.5672387510250638,7.375765198178728,184.1823083663338
392.0,1706.0,793.0,379.0,729.0,1933.0,6.0051650496693725,-3.5599649989530304,176.34490944843756
1756.0,593.0,364.0,1152.0,298.0,1963.0,-7.653925116963428,0.2995419447004437,177.29920909554465
1734.0,643.0,1211.0,1168.0,1595.0,299.0,-4.968461940288433,1.732645447725047,180.1814427585357
968.0,1958.0,1411.0,1546.0,419.0,1065.0,3.375440802140379,-2.202917356060452,183.9540306809438
1582.0,1136.0,1427.0,1217.0,1199.0,22.0,-2.3334916059369064,0.3821799886426889,179.94625814461136
1727.0,1987.0,1163.0,1294.0,474.0,946.0,-1.4799412441366688,-3.6955073234694122,185.12365097443984
1606.0,470.0,1166.0,1694.0,381.0,1353.0,-5.566349197099077,4.473401018460048,180.16698621817528
814.0,1030.0,1271.0,829.0,642.0,1516.0,2.229171591671674,2.0038086281011624,177.46399262944436
194.0,1947.0,427.0,1266.0,924.0,1687.0,6.1108003369334165,-7.364390577644166,178.83352010457114
1887.0,1188.0,916.0,1901.0,423.0,329.0,-6.361517352495648,-1.4357313241730107,180.04281536106134
475.0,1204.0,1785.0,80.0,1924.0,1704.0,7.961548935211008,2.85412878006923,182.61886446043926
1413.0,1330.0,1129.0,268.0,1181.0,757.0,-0.30677074177446295,-1.3563566947113823,177.37651126673177
1179.0,229.0,1971.0,1490.0,1285.0,1794.0,-0.44885332946359313,10.003252107456948,186.57915405111694
640.0,1879.0,785.0,1259.0,790.0,1432.0,4.00141921782544,-5.113512532105159,180.83406203036424
1817.0,224.0,535.0,448.0,791.0,322.0,-7.640599425170421,1.032995070297426,167.03565195527224
1229.0,1157.0,1466.0,1834.0,22.0,824.0,-0.9762660742322025,2.255673800927323,179.6534529489282
1929.0,705.0,238.0,1284.0,1618.0,823.0,-8.905985052011323,-3.1638955487496947,179.62547262081773
1233.0,1838.0,483.0,1271.0,1256.0,436.0,-0.8616227442541753,-7.579584473302749,179.35091112150045
364.0,446.0,1586.0,1469.0,592.0,329.0,2.65078381150288,5.353856413021084,170.5089396057244
1404.0,151.0,1080.0,1367.0,1612.0,1756.0,-4.715701242925414,5.274610254419747,183.83767632430423
1993.0,987.0,1936.0,50.0,176.0,1553.0,-2.0670327150687275,5.720261297421148,180.33255992917816
715.0,771.0,502.0,1392.0,974.0,166.0,-1.2962041562450364,-2.052890480784968,169.2921037712587
164.0,1935.0,305.0,897.0,743.0,282.0,4.857442033784904,-8.171110920226674,167.84488317096586
1257.0,1403.0,1648.0,1516.0,1911.0,157.0,1.127252011066492,-0.27979216659561557,186.70287530920075
1155.0,858.0,1832.0,1446.0,404.0,1043.0,0.3605871409218008,5.481211834131131,180.63424893708293
1527.0,1787.0,58.0,979.0,7.0,88.0,-4.123916755444222,-7.7622262027277396,168.5014467925791
514.0,803.0,955.0,1170.0,1909.0,336.0,2.13800784277469,-0.6141543014122688,175.3096807501097
910.0,1524.0,1869.0,1431.0,1194.0,7.0,3.6613958638673565,0.6570372349295114,181.71293377180115
1031.0,1223.0,1807.0,1739.0,1456.0,1874.0,3.0737870209283176,3.6658282086280622,193.06124914453102
286.0,204.0,1982.0,1756.0,1260.0,17.0,3.57015505914838,7.8982120210290345,173.99158149086747
640.0,1595.0,1271.0,634.0,1060.0,216.0,4.377012338891736,-2.3018305003302566,173.8343581354842
1760.0,1268.0,1361.0,692.0,1966.0,1724.0,-1.6167701298989061,0.29112399576256387,191.26791068146707
1816.0,315.0,854.0,274.0,1200.0,15.0,-6.275588583561907,1.4508628439488749,168.8519991094107
1757.0,1596.0,1163.0,879.0,1103.0,1931.0,-1.6632460345987925,-1.566238797741062,189.50005138260062
1813.0,1007.0,1707.0,1632.0,392.0,1894.0,-3.303331664838086,5.061521019196809,189.40172660846392
1808.0,1593.0,1203.0,1169.0,82.0,47.0,-3.321720159540968,-1.8295361990698706,176.3808249844571
1327.0,1124.0,507.0,1318.0,855.0,363.0,-3.6527065715549973,-3.4911465844976552,174.2323499281693
1830.0,603.0,297.0,1108.0,380.0,1244.0,-8.252259209423347,-0.7537650203678019,173.84194262760397
1141.0,1043.0,1217.0,147.0,513.0,1046.0,0.5928099978611912,1.2988455667676786,172.3592308387094
299.0,444.0,1985.0,598.0,371.0,666.0,4.870475811451075,7.483498009552401,168.09357945676595
1381.0,1048.0,1732.0,276.0,1612.0,415.0,0.810598131272037,2.274322309925463,179.3246205115131
1706.0,15.0,1167.0,1166.0,999.0,1024.0,-6.738043026225451,5.90848345713209,176.98437639347515
278.0,1186.0,1494.0,1950.0,1277.0,573.0,5.427613845744379,1.0001878199953604,180.72799060728136
645.0,976.0,409.0,1781.0,477.0,561.0,-1.0245649799253091,-2.774809765769965,170.96627661784555
352.0,1449.0,825.0,1704.0,1127.0,1815.0,4.762279653767656,-2.828787102315192,183.41505093310124
948.0,617.0,1933.0,1650.0,714.0,1048.0,1.1611575104304512,7.111570994948272,181.4205306042057
1924.0,1948.0,1421.0,1315.0,1677.0,1382.0,-1.2857235191498784,-3.1363297094372493,195.8877777404278
1006.0,1096.0,1941.0,1686.0,1704.0,800.0,2.74595655340477,3.752536646393812,188.41087996283068
1733.0,873.0,1355.0,1507.0,1199.0,663.0,-4.292356894874995,2.0144138658965085,183.74315814115306
1944.0,966.0,752.0,1993.0,1401.0,1476.0,-7.555431647579585,-1.1256533315767558,189.79861691426117
1712.0,1650.0,127.0,1623.0,1355.0,1133.0,-5.484475854804505,-8.355746555333424,184.77222967195337
384.0,325.0,1421.0,420.0,1403.0,869.0,3.5534632321285553,4.985967105595586,170.69723884499484
1857.0,603.0,299.0,232.0,925.0,1290.0,-7.074339703749978,-1.1676752990625645,172.6006414874895
1408.0,357.0,716.0,1741.0,431.0,1762.0,-6.017040559052816,3.097012548542788,178.87253404308814
1685.0,1433.0,1217.0,1278.0,1838.0,704.0,-2.20998969103577,-2.1575978816712893,188.06168433311603
1570.0,181.0,1993.0,1091.0,1918.0,1056.0,-2.573040916967793,8.91699640660218,185.90485708026807
1032.0,409.0,1940.0,250.0,430.0,402.0,0.9190946165818343,6.9306778865624326,168.7754162304174
650.0,493.0,588.0,1457.0,1282.0,254.0,-1.3520704426244254,-0.43561611856388704,170.36419316689145
22.0,172.0,139.0,1950.0,1434.0,844.0,-0.002274952275347575,-0.705703110146335,169.538718696076
1590.0,1847.0,730.0,281.0,1945.0,1806.0,-0.22172581486584964,-6.096831858193758,188.11202758866244
1492.0,1932.0,23.0,1502.0,1336.0,1770.0,-3.2081453891416403,-10.0897462917077,187.07760144896318
541.0,1876.0,1501.0,1420.0,784.0,1718.0,6.870742509833772,-1.1591049339697406,186.248823900561
447.0,635.0,724.0,922.0,696.0,1527.0,1.5694902600279628,1.1983503162903166,171.54578260591177
887.0,359.0,1814.0,1620.0,1863.0,1960.0,1.6203123894266078,8.418686532811154,189.59242398685967
1050.0,180.0,1048.0,588.0,775.0,159.0,-2.4770768354143344,3.504340296457383,165.5220604411092
1987.0,404.0,1636.0,114.0,687.0,731.0,-4.5932746110544,5.785292415302395,174.4050906206902
76.0,340.0,522.0,835.0,405.0,720.0,1.6842887752839386,1.1546080799951524,160.94631985131835
234.0,1093.0,561.0,936.0,1861.0,1751.0,4.658329298300737,-3.020058119409926,179.08499217728362
1498.0,1127.0,616.0,1727.0,760.0,1278.0,-4.550449344416684,-2.2352243572155035,182.051337583728
1397.0,1768.0,1017.0,1608.0,428.0,770.0,-1.0666049595295837,-3.4660502358751364,182.00730576288504
470.0,1388.0,1996.0,1322.0,1663.0,1546.0,8.020487592920347,3.2254735159863235,188.9616404751299
607.0,855.0,1927.0,1562.0,1097.0,1013.0,4.228560080913784,5.552225506179162,182.23109882560644
558.0,1938.0,1698.0,1258.0,1875.0,1993.0,8.900199285121209,-1.2475160527748024,193.76462714207173
1892.0,342.0,1833.0,552.0,1396.0,133.0,-4.2515400527275675,6.047786830912138,177.43482829713957
1038.0,390.0,406.0,458.0,1954.0,345.0,-2.9892063157151445,-1.3533708768249726,169.60157448854346
582.0,1654.0,919.0,880.0,548.0,1342.0,4.1422266174955915,-2.9720244105707363,176.46375775748226
504.0,461.0,1509.0,460.0,1486.0,1805.0,4.147971735735613,5.806282671302008,177.87001405545644
1603.0,1337.0,357.0,1333.0,126.0,812.0,-5.140230818351405,-4.157650069634398,174.50384826760802
1241.0,484.0,1911.0,1238.0,525.0,1580.0,-0.4502312931330023,8.296531416322335,181.68381131536248
560.0,709.0,1914.0,877.0,952.0,740.0,4.261778529257386,5.772837443601196,175.44429848104505
1362.0,828.0,1265.0,1197.0,1927.0,1925.0,-1.300121884934587,2.4604766385316013,189.8871479194424
1593.0,8.0,1172.0,656.0,250.0,888.0,-5.569763098515688,6.07813865360677,169.21095167064527
37.0,1500.0,564.0,1489.0,854.0,145.0,4.638517353153816,-5.242684024098791,169.41359318775918
444.0,405.0,182.0,805.0,1444.0,635.0,-0.6349192639122099,-1.8486076071737836,166.19349354785066
142.0,1232.0,623.0,473.0,1637.0,31.0,4.75386519752006,-4.374134076671238,167.10011579897733
487.0,1497.0,265.0,1618.0,1107.0,620.0,1.5688007257910725,-6.7918575793797205,174.63540953883864
1739.0,1322.0,1356.0,747.0,696.0,1602.0,-1.9360418113915703,0.9826623581759212,184.50921652544008
236.0,552.0,1940.0,1665.0,1537.0,171.0,5.185071739052526,5.946768493726518,177.15224805930316
1817.0,1626.0,381.0,1810.0,616.0,1110.0,-5.866217600032437,-6.039405414128645,183.6408614832839
1235.0,73.0,62.0,1604.0,868.0,283.0,-7.793391380169016,-0.5771904963409433,166.9575546773529
751.0,1787.0,1261.0,1799.0,1165.0,581.0,3.7044415199583036,-3.2673032574718452,183.79218647783676
564.0,31.0,1556.0,629.0,576.0,23.0,0.8746306713273595,6.496753426629436,163.20330671848058
500.0,1820.0,1562.0,566.0,1321.0,1680.0,8.135699907762216,-1.0247467557515553,184.12262450464186
1430.0,1012.0,1399.0,967.0,1491.0,1594.0,-0.7962283113668914,2.16802647479023,186.7454630944287
1494.0,708.0,1135.0,1955.0,922.0,1262.0,-4.448022650578838,2.6017589033019406,184.47451851315563
489.0,380.0,361.0,1232.0,807.0,1769.0,-0.66719403410594,0.7591113029994943,172.00642745195185
1423.0,1295.0,1015.0,1976.0,1865.0,307.0,-2.5815839061218893,-2.8952579132108305,186.5770420485266
1736.0,224.0,330.0,1201.0,458.0,1772.0,-8.80494430053896,1.721490327459947,175.1161351633532
1870.0,8.0,1029.0,708.0,1169.0,1025.0,-7.449133978115284,5.007636753835094,175.58831173144483
555.0,445.0,1364.0,1747.0,52.0,1142.0,0.8553019636202244,5.614215946754261,173.18439891952733
1678.0,686.0,1387.0,511.0,1132.0,924.0,-3.1370907811893596,3.2880451594045064,178.52568832952468
404.0,1038.0,1329.0,1047.0,618.0,1891.0,4.913342074478014,2.6558903137471006,178.49973210154394
624.0,1411.0,149.0,1018.0,820.0,483.0,0.501019006355962,-6.463743632381804,169.04392786128528
1435.0,1171.0,1719.0,120.0,1663.0,555.0,1.074937030961351,1.694975993860496,180.3553646386601
1495.0,1881.0,31.0,1961.0,1071.0,1976.0,-3.9358392253074514,-9.548572417800166,188.95607362139796
189.0,399.0,1953.0,766.0,1653.0,1860.0,7.169491884134563,8.567707600542157,180.60313751984353
1761.0,974.0,927.0,1622.0,910.0,1684.0,-5.391414941202008,0.4380305525388045,186.54602716593956
1942.0,1781.0,1711.0,153.0,900.0,1848.0,0.11378268623181265,0.4914926537478284,189.00721813500425
1541.0,35.0,49.0,601.0,1790.0,1733.0,-8.093168290244941,0.024252132410975985,175.34752369860087
422.0,595.0,562.0,1110.0,1367.0,238.0,0.5864941098030292,-1.1733929035697164,168.14959393877535
1615.0,1638.0,1813.0,1139.0,1489.0,622.0,0.5705304904543116,0.12566208269318568,188.94947014530308
1932.0,1172.0,1104.0,1885.0,1900.0,860.0,-5.5794546108971,-1.3040538939763082,191.55603816644916
1032.0,1434.0,895.0,1603.0,1305.0,271.0,-0.056109949589997044,-3.6840423760052934,179.68242397365967
1394.0,1873.0,404.0,1051.0,1037.0,1310.0,-1.399600373012145,-7.354852041937001,182.23654915699476
553.0,98.0,1100.0,1651.0,1962.0,341.0,-0.23081913175275345,3.8982505964070864,175.34303339066267
439.0,946.0,1780.0,1134.0,821.0,1274.0,5.382104654315949,4.682155484091634,178.77064346823545
1628.0,401.0,1177.0,1155.0,92.0,888.0,-5.364706540383137,4.458753291208968,173.30701180493116
666.0,925.0,1831.0,1914.0,266.0,438.0,2.475078278829041,4.651412992179482,176.99669430400127
68.0,1377.0,102.0,541.0,1803.0,799.0,4.734767527204161,-7.393691306162925,169.80011241056684
702.0,482.0,1231.0,1773.0,65.0,1735.0,0.034595286273632064,5.399489167667857,176.71752440836752
839.0,1399.0,357.0,626.0,1393.0,352.0,0.4748465215073755,-6.033006493229187,171.4387278868013
442.0,752.0,1191.0,715.0,126.0,1543.0,3.1216349016808995,3.417463541589674,170.48606267720808
153.0,1903.0,276.0,123.0,186.0,1817.0,6.111114866587223,-6.383476618947599,168.5369927033758
993.0,236.0,1671.0,496.0,159.0,1033.0,-0.1113998751229557,7.533746591858962,169.37295440341842
1453.0,1684.0,1651.0,394.0,814.0,1872.0,2.240112051580344,0.7755436827955499,186.57746877047188
476.0,1657.0,1704.0,382.0,202.0,845.0,6.598142800732801,0.7930961117878659,172.9490796936614
1058.0,304.0,513.0,386.0,1506.0,523.0,-3.039236849703094,0.1497038035647521,168.0867886396216
1713.0,1542.0,1475.0,0.0,570.0,720.0,-0.4235916771972806,-0.17501883721454656,177.0911904248973
1516.0,84.0,216.0,1514.0,643.0,7.0,-8.839752363528516,0.06990423125662726,166.09472187563097
1107.0,1917.0,333.0,440.0,835.0,389.0,0.27532350856161464,-7.84080657864828,171.59313062158972
1005.0,300.0,276.0,1677.0,1543.0,1822.0,-4.655339032825948,0.11453309911267108,180.1159555282489
137.0,1375.0,1210.0,1798.0,662.0,494.0,5.48984497567227,-0.9842933614590808,175.12552436773825
1063.0,1821.0,1341.0,387.0,587.0,73.0,2.659114952079038,-2.6409787023836557,173.15227419328758
375.0,133.0,488.0,631.0,1547.0,957.0,0.25996394413666124,1.2885393439376185,167.31788365703562
1162.0,1640.0,1413.0,962.0,1768.0,141.0,2.1131282847408706,-2.5945300533273072,182.50151519073054
999.0,1547.0,846.0,147.0,275.0,54.0,1.0191457428828845,-3.2748693925985064,165.91323977912845
1429.0,348.0,1247.0,857.0,730.0,85.0,-3.898224257564623,3.6572374130184033,170.0900679723203
266.0,1007.0,1939.0,1231.0,1328.0,995.0,7.191096681033617,4.558840185126332,180.58990477243535
118.0,215.0,220.0,1286.0,115.0,263.0,-0.5893323706127291,0.15572037539503655,157.42148549719946
1187.0,705.0,1885.0,1621.0,1106.0,1554.0,0.37485809155164984,6.79172345178828,187.40224570078038
769.0,94.0,789.0,1952.0,146.0,121.0,-3.704064805534689,3.352599743320367,165.78096399392317
1255.0,1553.0,1873.0,685.0,503.0,281.0,2.162489053561288,1.2930222237544462,177.7360494413738
1258.0,839.0,1603.0,1397.0,1525.0,1718.0,-0.0039260581154616225,4.390681165289879,188.9960738885403
613.0,1853.0,1638.0,373.0,51.0,506.0,5.795145606904617,-0.5617826644330094,171.80709537322403
738.0,757.0,542.0,1353.0,1068.0,515.0,-1.0967889483998574,-1.5824231376832119,171.66049634300265
530.0,738.0,1494.0,1260.0,74.0,168.0,1.982880973918797,3.611141313783021,167.90201334103728
1568.0,1965.0,1097.0,615.0,1314.0,1678.0,0.6850723172424813,-4.222140706617917,188.44321162723688
1874.0,1135.0,1150.0,608.0,1293.0,461.0,-3.8621772643298806,-0.6702212508678186,179.5941920545512
365.0,948.0,120.0,977.0,508.0,20.0,0.1748691693456107,-4.300277399148614,161.0578517107224
863.0,1855.0,1188.0,1614.0,861.0,183.0,2.6602829877933543,-3.9256726952049066,179.75574422634733
968.0,615.0,1894.0,1916.0,1870.0,1562.0,1.680923778804462,7.021937664464016,191.35267553225688
1073.0,1269.0,1101.0,1728.0,1296.0,669.0,-0.08803190650904491,-1.445006599596781,182.83673349632926
436.0,1663.0,279.0,1675.0,1985.0,312.0,2.7439774007677533,-8.851631242855465,178.32267782502814
1445.0,1071.0,1123.0,832.0,1338.0,601.0,-1.873620177409587,-0.398187475706719,179.0880958850504
56.0,1271.0,975.0,1342.0,677.0,1280.0,5.970739126028713,-0.9854072145450141,174.7410742286104
1351.0,1495.0,1018.0,1692.0,311.0,758.0,-1.7395888290188892,-1.9912702092042114,180.1541665059666
1312.0,647.0,1037.0,484.0,259.0,1271.0,-2.318755571798232,2.778851355849988,171.79169968059907
1173.0,414.0,1216.0,209.0,654.0,1262.0,-1.2258103169611123,4.420682739192504,171.3254225502959
147.0,1490.0,1898.0,822.0,1334.0,1847.0,10.300159827929544,2.6298822549568834,184.36860049851097
1721.0,1816.0,1201.0,707.0,974.0,135.0,-1.323595200700798,-3.672921914161772,179.76394245204804
1864.0,1743.0,271.0,474.0,529.0,1520.0,-4.3129237454940625,-6.374887575878142,178.72978086580432
1693.0,1807.0,1307.0,643.0,1810.0,1700.0,0.3000398134388992,-2.7930540023398205,192.222284208847
987.0,1988.0,1716.0,16.0,1731.0,1753.0,6.966018169820986,-1.3943707041599742,187.98825491305647
46.0,396.0,405.0,1676.0,368.0,1661.0,1.475114771882832,1.2009129805006689,169.45668970730452
1165.0,323.0,1267.0,92.0,1355.0,1136.0,-0.9296025328584263,4.485538108757369,173.4333250586226
1061.0,1323.0,1054.0,1242.0,1967.0,1947.0,1.5720617709241678,-1.5415829219770332,190.3663009428561
115.0,1064.0,195.0,233.0,1920.0,994.0,4.292340237693797,-5.261159644649716,169.0660222163974
311.0,1532.0,1149.0,1141.0,55.0,20.0,4.314450120526298,-1.78785424720824,167.58565398243863
1475.0,577.0,1737.0,281.0,1763.0,60.0,-1.1242031893513864,4.083138993716483,176.2842908836659
223.0,786.0,1847.0,499.0,1184.0,1837.0,7.601167654384913,6.09396143069638,178.4283040525142
649.0,34.0,122.0,257.0,329.0,810.0,-2.7370652505221083,0.8386162201410967,157.31850011919872
810.0,978.0,338.0,1372.0,1968.0,1397.0,-0.6530292062814718,-4.061102012637719,181.36962331231996
1749.0,1287.0,388.0,1139.0,211.0,1558.0,-5.56833765899157,-3.3298893781427257,178.4591490024855
1931.0,1888.0,310.0,1917.0,1479.0,1941.0,-5.679784727502961,-8.564745479743218,194.41481915691855
1258.0,404.0,1266.0,609.0,760.0,1705.0,-1.8431982429417548,5.231737673459708,176.82404296457295
36.0,566.0,864.0,349.0,1352.0,362.0,4.301682728569936,0.5515157875892335,164.10514204241144
391.0,41.0,1577.0,1737.0,309.0,1791.0,1.8415242225085935,9.431805488229058,175.690228920861
221.0,135.0,1657.0,115.0,1093.0,100.0,4.083644632754687,6.1173558086394895,162.82517274144777
1058.0,769.0,27.0,1696.0,1820.0,791.0,-4.535330871279137,-4.942753669856296,177.58893280541872
964.0,1700.0,1133.0,422.0,357.0,1208.0,2.88001888725142,-1.9609422063634354,175.80028801141978
1891.0,1357.0,392.0,1989.0,1999.0,922.0,-7.0889795401733044,-6.341924690245945,189.71867530513578
271.0,867.0,922.0,1725.0,1284.0,461.0,2.8675443628217883,-0.44861869071140725,174.4970877886816
1971.0,156.0,1856.0,856.0,1380.0,60.0,-5.5595453103158885,7.089588072733126,177.96960001798513
1635.0,681.0,856.0,1625.0,675.0,1321.0,-5.887943971265934,1.4940024010350132,180.89359862586767
988.0,869.0,1961.0,1532.0,48.0,962.0,1.3785687615149493,6.211699462006866,178.60154594031843
599.0,1681.0,1811.0,967.0,1316.0,1233.0,7.2128850044785775,0.6025323025012462,185.03574402613077
781.0,1078.0,1113.0,734.0,1584.0,1733.0,2.9011142231233813,0.32080492767815555,182.22095152134966
1917.0,861.0,492.0,747.0,343.0,250.0,-7.071766908151779,-1.7850655197785317,169.5100063578759
1578.0,1472.0,290.0,530.0,1509.0,713.0,-3.4213787814578938,-6.616443583627223,177.16256113958175
58.0,722.0,561.0,1153.0,340.0,1606.0,3.2521101287383747,0.3089083625206679,168.85309939373985
1342.0,715.0,1386.0,1903.0,1392.0,1251.0,-2.450120503635919,3.5611230446369784,187.17776863917794
620.0,1988.0,761.0,1249.0,973.0,1650.0,4.6835091433978935,-5.899747347127797,183.12148846465226
1460.0,1316.0,1254.0,613.0,1157.0,155.0,-0.9227049419881259,-1.192153717374607,176.73576548657135
1843.0,1835.0,1842.0,236.0,1001.0,1646.0,1.0944424043849372,0.6109376037791745,189.3688372525491
570.0,822.0,1926.0,81.0,376.0,380.0,4.46386579389293,4.9469740434465095,167.20470740426356
470.0,99.0,1942.0,700.0,1098.0,1179.0,3.660245499541227,9.371483356928689,173.82300053891683
279.0,1016.0,1065.0,1079.0,1435.0,753.0,4.540735899591191,-0.3577505508552242,174.95773726642668
1865.0,1780.0,1664.0,1053.0,283.0,1177.0,-1.150035216467878,0.22525501736842013,186.38828857949028
343.0,512.0,637.0,1671.0,1586.0,503.0,0.7667800784488947,-0.3063226823102959,173.09886498581716
582.0,337.0,701.0,1234.0,825.0,526.0,-0.9379370750600349,1.5400716004502357,167.69885226973437
1293.0,1356.0,1464.0,45.0,312.0,949.0,1.228111778964962,1.0680509585853966,173.96671126222878
156.0,1831.0,616.0,1434.0,1481.0,35.0,5.516677608919922,-7.412896673594163,174.19358046779644
1661.0,569.0,81.0,1045.0,1854.0,938.0,-7.7947723867197025,-3.3989004268779315,177.38575128026906
1311.0,443.0,540.0,1372.0,943.0,1921.0,-5.05551064521168,1.398614005162781,179.58564432064185
187.0,1275.0,1581.0,1632.0,1825.0,1029.0,7.62440177750411,0.9616545409106738,184.6024131799963
1190.0,560.0,72.0,367.0,1414.0,314.0,-4.355446374739566,-3.336159887147107,166.04427907449326
737.0,1204.0,451.0,1798.0,1355.0,1985.0,0.45901957868604615,-3.6966318098514988,184.83218095317358
1474.0,39.0,1441.0,1276.0,858.0,1826.0,-4.438182527226756,8.319350831522197,181.26479276876753
1937.0,529.0,1473.0,1988.0,1560.0,162.0,-6.836454943970963,3.714299901402783,185.1461758008214
1476.0,87.0,1036.0,1388.0,179.0,1878.0,-5.837353824418989,6.427604311344348,176.78576854760786
397.0,933.0,1533.0,643.0,779.0,846.0,4.877660357305221,2.982802890633832,172.33289673393395
674.0,1612.0,1329.0,309.0,1590.0,1101.0,5.729916150489727,-1.8708995462678044,179.95675588776132
1247.0,98.0,1603.0,1447.0,960.0,912.0,-2.8847541684509466,7.704881637508093,178.02722930932399
668.0,1359.0,713.0,468.0,1240.0,1545.0,3.138774921811142,-3.049401012445372,176.8419347362538
574.0,244.0,1696.0,749.0,1411.0,1940.0,3.405044727481545,8.250802238669069,179.7538368835162
1335.0,1973.0,1025.0,1812.0,504.0,1521.0,0.1798721525641238,-4.117707786179331,188.09061964564944
826.0,1034.0,453.0,9.0,1484.0,1303.0,0.9474354036603765,-3.0773578826346983,172.29228806793395
6.0,198.0,1333.0,1362.0,1328.0,419.0,3.966344208925252,4.973291847843023,169.7735512499609
1913.0,1920.0,453.0,1890.0,1179.0,1686.0,-5.115967600538661,-7.667017067767167,192.29806591155364
342.0,337.0,715.0,81.0,1320.0,1347.0,2.3542463203887998,1.9165959862802175,167.31158574636135
1670.0,768.0,888.0,439.0,951.0,1770.0,-4.024842896361739,1.3450924309706263,179.38352814947797
1296.0,1210.0,1132.0,73.0,852.0,1270.0,0.3174614639270833,-0.005728636474135296,176.10833507239957
686.0,80.0,587.0,538.0,208.0,1089.0,-1.8226958515438745,3.1999626605146507,162.38121944843752
545.0,170.0,356.0,58.0,733.0,493.0,-0.9287444273249058,0.6432470035854168,158.1513377939348
957.0,1351.0,1303.0,1422.0,1214.0,1931.0,2.506855539037318,0.376970595699218,188.211547304979
831.0,346.0,185.0,595.0,1182.0,21.0,-3.0935458379548435,-1.8014356744160511,162.22994931698136
75.0,301.0,1365.0,1046.0,766.0,737.0,4.023778439161586,5.235374924280844,167.93097083481553
1489.0,1405.0,736.0,1205.0,879.0,1754.0,-2.447726560463541,-2.7657784777665766,184.5017191629947
1256.0,292.0,158.0,1991.0,786.0,1170.0,-7.379980391899654,-0.37017852064183465,174.90794512947332
1296.0,631.0,1996.0,1695.0,529.0,945.0,-0.8847742815282464,7.346091428923403,182.33332601975147
1298.0,1129.0,246.0,1639.0,846.0,637.0,-4.521457983525234,-4.690361598926245,175.70042736913922
703.0,719.0,1702.0,1746.0,888.0,1928.0,2.869241614494603,6.326974434940916,185.45567691984476
269.0,1379.0,1815.0,873.0,1333.0,857.0,8.016581637454868,1.7883405081794355,179.36296851101437
887.0,81.0,1568.0,368.0,175.0,1000.0,-0.1101088662518456,7.674914488191387,166.7289724208325
922.0,1444.0,1820.0,797.0,1622.0,970.0,4.760457107917176,1.364181503197153,184.99820258060407
451.0,1672.0,495.0,1584.0,1806.0,1108.0,3.8641095746396834,-7.062784260799198,182.44462427038258
1899.0,1441.0,1941.0,755.0,1392.0,277.0,-1.0998979482067097,1.4644011956215668,185.76718264807127
1155.0,1804.0,715.0,336.0,962.0,158.0,0.7922223308059028,-5.781602803812849,172.29889909235445
567.0,1405.0,1738.0,1388.0,209.0,1046.0,4.983592163368836,2.403421382484056,178.63361347679836
605.0,807.0,1602.0,468.0,1729.0,407.0,4.053806443640156,2.76629452129107,174.85586823253894
1344.0,1205.0,860.0,1882.0,1375.0,693.0,-2.7928256956744786,-2.4490587844785896,183.9256082594371
709.0,278.0,1912.0,1716.0,1557.0,1207.0,2.089574662016112,8.612131385572296,183.74177487319895
1505.0,577.0,370.0,941.0,731.0,396.0,-6.12467972072129,-1.2963238284069116,169.13355962358756
498.0,123.0,230.0,1065.0,1636.0,449.0,-1.9232359989592642,-0.5125305894739722,166.6241398163818
1798.0,1530.0,1656.0,955.0,870.0,554.0,-1.4133393482229735,0.33596381314478985,184.02741610188912
1499.0,411.0,829.0,887.0,374.0,1152.0,-5.111638280542028,2.748027172738768,172.4262643464248
948.0,1860.0,981.0,1578.0,1149.0,1130.0,2.4416387586089967,-4.680426456153079,185.3611504890012
15.0,1282.0,526.0,513.0,833.0,1449.0,5.792054386168385,-3.2377501754166285,169.61118369196134
1641.0,75.0,1598.0,1681.0,1166.0,512.0,-5.655637159493783,7.2643735620563,180.01854869890013
379.0,1613.0,420.0,1219.0,1918.0,1323.0,4.432883684482945,-7.044367918144306,181.16071678451237
819.0,865.0,907.0,238.0,1936.0,1261.0,1.8020429310633452,-0.38346199262439684,177.0604563007385
1337.0,1218.0,977.0,274.0,1932.0,1439.0,0.00041257527700655494,-1.705038436080414,183.01026152289353
1605.0,1073.0,581.0,1892.0,739.0,1271.0,-5.688898759076895,-2.139361638425015,182.7896938541144
598.0,1454.0,1445.0,603.0,1568.0,1541.0,6.155593709968041,-0.07148236067030456,183.0336293772841
977.0,336.0,153.0,24.0,170.0,1392.0,-3.1870767988836373,0.23189074199465798,161.66858271721765
1728.0,1594.0,30.0,1625.0,92.0,150.0,-6.561559979405452,-7.362181489768263,172.36915528567775
210.0,1095.0,734.0,366.0,453.0,1309.0,4.465054203676043,-0.9807697013061323,167.39500452655014
1793.0,1285.0,1372.0,225.0,636.0,709.0,-2.0529146862051793,0.47327355540319627,177.07324032277802
1460.0,761.0,927.0,406.0,618.0,625.0,-3.127019404015908,0.7880027523619063,170.72521650771898
1513.0,239.0,282.0,404.0,1130.0,1818.0,-6.363687913924298,0.8359816964129331,173.57921882772948
1280.0,858.0,703.0,423.0,21.0,1085.0,-2.563239467777344,0.22576772550795976,168.51913465622286
1091.0,1611.0,303.0,1707.0,1164.0,1053.0,-1.4407519927305992,-7.054091902668944,181.53397551988385
283.0,1851.0,1989.0,1706.0,1051.0,483.0,8.715561446440457,0.1997286778617734,183.62365843172856
1807.0,1528.0,1295.0,337.0,941.0,1620.0,-1.3334482927299036,-0.570362072336148,184.85189034595285
1182.0,1953.0,1064.0,1410.0,170.0,1625.0,1.4061498593684705,-3.262627289298317,184.14162677611893
500.0,1220.0,977.0,404.0,683.0,296.0,3.2922161802212466,-1.4727952393601282,167.0031502599636
983.0,608.0,977.0,693.0,1120.0,195.0,-1.0943820012746686,0.9475655662796592,169.61479460229023
131.0,765.0,604.0,1940.0,1877.0,1914.0,3.673218831209742,-0.9037792216584073,183.295384140783
26.0,1046.0,1228.0,1029.0,700.0,334.0,5.648631748223539,0.5490623032879162,168.35705143306063
302.0,497.0,1119.0,1603.0,979.0,1016.0,2.4349234207463555,3.2908392257943606,174.40559396870387
486.0,1438.0,1434.0,281.0,178.0,441.0,4.9668988611353555,0.2173298967000619,167.85392408029713
501.0,1411.0,349.0,965.0,1021.0,923.0,2.215342414286305,-5.4461150047598235,172.53132525124278
340.0,118.0,1241.0,412.0,321.0,534.0,1.8188508322816264,5.355080557620565,161.14060095023518
1824.0,108.0,70.0,1945.0,1676.0,1874.0,-11.646358339133501,-0.04040321770821714,184.11121059653053
668.0,1122.0,670.0,1552.0,1568.0,1565.0,1.4724561238901657,-2.5049576037741623,182.8756941491693
662.0,716.0,351.0,1512.0,227.0,1502.0,-1.4300998448666258,-0.7394446762498237,171.62275023111897
967.0,1741.0,179.0,143.0,998.0,1320.0,1.00798522578442,-7.391353097582513,173.30543091968283
958.0,1930.0,313.0,879.0,913.0,1461.0,1.2868416042356232,-7.807249594134685,179.01678761445902
1873.0,175.0,1991.0,175.0,981.0,1009.0,-3.556138865329179,8.789202891822692,177.5478579969221
1533.0,172.0,872.0,988.0,1370.0,1616.0,-5.702846937039845,3.9523034717272933,179.6016199378767
1214.0,434.0,962.0,1244.0,1371.0,30.0,-3.5253618107309745,1.4314497578378518,173.03213081201713
535.0,1611.0,207.0,1373.0,1775.0,1630.0,2.735377443880441,-7.915948458576768,182.50784629012583
441.0,164.0,786.0,1693.0,979.0,1719.0,-0.14102659135770096,4.053494008180601,175.78043657688278
900.0,731.0,965.0,1456.0,1918.0,1444.0,-0.10226901397051114,0.8802589411303556,184.2961854897953
420.0,1360.0,1542.0,938.0,1181.0,1121.0,6.332117204778241,0.880703595279094,179.69311527648344
60.0,1225.0,263.0,903.0,868.0,1304.0,4.208923106666261,-4.506198883456878,169.6845267388463
213.0,1522.0,1985.0,1868.0,1781.0,684.0,8.984992482415768,1.5298301835203563,187.17051795432488
699.0,1013.0,1656.0,1235.0,854.0,500.0,3.065428535758348,2.8743802461892525,176.67382111339623
1742.0,724.0,156.0,1481.0,67.0,1492.0,-8.341968438137869,-1.6082859159964678,174.8277029943365
93.0,1981.0,1514.0,878.0,1324.0,1190.0,10.24260540806127,-2.527927262410942,181.49280732727456
977.0,1075.0,250.0,549.0,170.0,1374.0,-1.5235462705276206,-2.908340594453618,168.61981328961488
174.0,705.0,1147.0,1970.0,1894.0,1935.0,5.008094756572939,2.6151040411621755,186.28512511968697
1081.0,925.0,510.0,406.0,553.0,1916.0,-1.2636053394395574,-0.8775019026825145,173.78775844824213
1703.0,1123.0,1836.0,499.0,602.0,1553.0,-0.6882497911887138,4.3993721847359195,183.66855164505387
251.0,1186.0,1430.0,1588.0,414.0,64.0,4.4904470177664875,0.8632910968919084,171.32454155355728
674.0,663.0,337.0,468.0,1274.0,1717.0,0.014107650652778747,-1.30048113917311,172.4807669770651
1041.0,138.0,982.0,730.0,1922.0,1873.0,-1.8439008665417278,4.5869084987251885,180.39143597617755
917.0,670.0,25.0,732.0,1563.0,19.0,-3.1497972584852656,-4.526207014041425,166.07483995411667
104.0,627.0,34.0,1191.0,1771.0,196.0,1.1239905633595828,-4.437458351173335,166.11200721840024
1196.0,3.0,1966.0,1279.0,1418.0,1467.0,-1.141837819371279,10.579707821489754,183.31196728441554
1525.0,1358.0,1309.0,1169.0,244.0,533.0,-1.8649861696497676,0.023531875560999532,177.67676447107553
894.0,1583.0,659.0,1232.0,1033.0,1558.0,1.4542110847834802,-4.425447416675473,181.8415961438541
669.0,1274.0,88.0,1306.0,1174.0,862.0,-0.22599270747862704,-6.400828017813259,173.54750209372006
590.0,1710.0,841.0,1462.0,131.0,354.0,2.5309412222612724,-3.959175372183605,172.12793094831946
116.0,1863.0,302.0,1308.0,1750.0,942.0,5.977228204165243,-9.028035097200345,177.86082700583418
1890.0,667.0,339.0,937.0,754.0,1946.0,-7.957698128069078,-0.6526422920625514,179.40176196671678
901.0,592.0,1144.0,1547.0,1705.0,1956.0,0.07654191057320095,3.358505472975389,186.47681925360916
1652.0,572.0,1556.0,1632.0,841.0,336.0,-4.480789392156371,4.483965687119898,179.7995748397315
1283.0,1902.0,519.0,556.0,1594.0,1995.0,0.8258433428805496,-7.077121191909677,186.2617889140006
780.0,1066.0,1089.0,1390.0,1030.0,227.0,0.9261077889333589,-0.6026045456089562,174.80656399747272
508.0,1338.0,411.0,698.0,1974.0,686.0,2.836224956414288,-5.935592257365851,174.74809211775462
1506.0,404.0,453.0,1348.0,1457.0,1304.0,-6.6477623156170225,0.12621786628313503,179.2217273459877
529.0,1803.0,1558.0,102.0,1550.0,1788.0,8.494777088068648,-1.056241021228987,183.43556038681868
1068.0,47.0,387.0,1754.0,1340.0,1699.0,-5.703777154864002,2.2108824606780226,178.34311583594433
947.0,178.0,510.0,972.0,449.0,1855.0,-3.3985501539490297,2.9636391488626534,171.23042570662034
474.0,1598.0,42.0,1873.0,265.0,775.0,0.6200477468517718,-7.384979212544374,171.63437397646632
547.0,1866.0,1028.0,1661.0,1420.0,186.0,4.454657488811326,-5.405025997266421,180.35844699521462
467.0,1149.0,476.0,1625.0,1591.0,1990.0,2.435101093555979,-3.4624696882563955,183.61938394198404
556.0,1499.0,1074.0,115.0,860.0,901.0,4.80988139687215,-1.9886759587360554,171.69473477675766
908.0,423.0,1194.0,1326.0,87.0,549.0,-1.589720377727319,4.1058984852999245,169.0464400561878
1797.0,895.0,45.0,1738.0,1101.0,478.0,-8.84913001739174,-4.922635671274229,176.7244504497235
1405.0,1595.0,1833.0,1142.0,1622.0,926.0,2.0151555355605177,0.6308531485266912,190.00330057784666
1258.0,843.0,735.0,1161.0,1463.0,847.0,-2.825037797784891,-1.1131143131591537,178.53215893700641
1636.0,198.0,290.0,1192.0,995.0,999.0,-8.416842979788,0.4738042690270994,173.0687369448547
463.0,80.0,1306.0,1934.0,560.0,586.0,-0.0501917732713999,6.2615824768035155,171.2161542973188
1208.0,1303.0,1853.0,1360.0,659.0,1427.0,1.892734598851174,3.544439259971454,186.25582558460124
1491.0,1136.0,1182.0,1481.0,1087.0,1829.0,-2.116079129610788,0.9145657876039479,188.3611978304636
905.0,618.0,967.0,1906.0,649.0,500.0,-2.0326333175737625,1.6436859080479116,174.56773091851113
295.0,863.0,778.0,1141.0,1250.0,1979.0,3.7944889834950892,0.18855518818490025,178.49497256195673
662.0,1170.0,754.0,1321.0,1761.0,970.0,1.9034431448489912,-2.9378954185771793,180.22389056689502
1219.0,1582.0,1183.0,749.0,42.0,489.0,0.37123699503804125,-1.4399981007813636,173.17501449614934
930.0,428.0,885.0,1399.0,1615.0,1243.0,-1.6805944384286609,2.143952230804978,179.54455767865403
1912.0,1343.0,750.0,25.0,61.0,1738.0,-3.84955302734653,-1.324691121978546,175.95220302492208
1001.0,310.0,1549.0,1127.0,122.0,182.0,-1.3889138725346066,5.804059828072422,167.94429798831825
1358.0,1582.0,1914.0,1795.0,71.0,177.0,0.45048204784248025,1.692927716573853,181.54666128668248
1830.0,1015.0,89.0,128.0,1177.0,957.0,-6.204232921988321,-4.697508061652109,172.4952699364441
71.0,37.0,1647.0,1189.0,628.0,60.0,3.3616000918116833,7.148114432109132,164.3964412300309
1953.0,481.0,1615.0,1921.0,237.0,109.0,-6.869283340341687,5.3912823603914575,178.14232261256126
205.0,75.0,627.0,1009.0,1078.0,1195.0,1.0006182223355722,2.9496431114728074,167.59294602311184
1233.0,457.0,1466.0,1063.0,1067.0,1947.0,-1.22265827523608,6.196017596967902,183.15458828107
1971.0,54.0,275.0,181.0,1677.0,1346.0,-9.28761245548302,0.8339431540420299,173.94317862696585
1253.0,89.0,57.0,1266.0,1798.0,352.0,-7.249564367770516,-1.4558343359713122,170.55834299332884
1866.0,524.0,1759.0,1456.0,265.0,522.0,-5.1560989274468785,6.223877673983631,178.64176487720414
56.0,624.0,193.0,260.0,998.0,184.0,2.234990460711924,-2.732457334405961,157.87500082063502
202.0,101.0,1698.0,315.0,1066.0,1328.0,4.916308959212662,8.178017706757629,169.83318986103524
1245.0,1992.0,324.0,807.0,257.0,1426.0,-0.45920186569583565,-7.171142280845585,176.9618471438002
566.0,1214.0,876.0,1469.0,842.0,1178.0,2.4077932965020374,-1.4605672095341748,177.70144364935354
542.0,1247.0,101.0,777.0,605.0,1660.0,1.1414704911764533,-4.882792947117913,171.32714201222362
997.0,373.0,422.0,1249.0,1989.0,811.0,-3.5548678576794197,-0.7894665563576436,176.08565819638952
229.0,1725.0,732.0,1245.0,258.0,835.0,4.918951231753045,-4.336756278344668,171.70721764305804
978.0,1447.0,810.0,1434.0,1400.0,423.0,0.35495386524478734,-4.149265303274381,179.42772052221918
635.0,176.0,229.0,245.0,1842.0,1793.0,-1.0370589720792984,0.23807069853787977,171.35021835416705
336.0,1156.0,1181.0,1486.0,1942.0,543.0,4.877881927043706,-1.1150550867941729,180.16413026900608
1690.0,45.0,786.0,1557.0,1285.0,670.0,-8.246742154255635,3.301428118199665,176.75561321890763
903.0,407.0,1403.0,1226.0,106.0,1037.0,-0.663665352886415,5.709330253823206,172.05204810141163
1426.0,233.0,1323.0,749.0,646.0,931.0,-3.6135612237703536,5.578487686552948,173.18529191281146
533.0,1865.0,1497.0,266.0,455.0,155.0,5.992037226136937,-1.92070241622788,170.4166417484738
392.0,350.0,1724.0,1583.0,1640.0,290.0,3.2398755808500774,5.947139829965597,176.61484037540353
258.0,915.0,1229.0,1375.0,1449.0,1245.0,5.012329957820714,1.5015806720433116,179.29839732902107
46.0,1279.0,431.0,1644.0,926.0,1548.0,4.599647434552369,-4.000745195838783,176.15526854424647
661.0,351.0,49.0,257.0,1998.0,726.0,-1.5614575271965982,-2.6639864694520115,166.77159978337204
494.0,7.0,207.0,994.0,812.0,902.0,-2.375233332886386,1.0802357381680046,163.61284796268825
1411.0,1203.0,909.0,982.0,1427.0,93.0,-2.2534616035748463,-2.6428548646111167,177.02945243226307
1074.0,733.0,272.0,447.0,1433.0,744.0,-2.619308730902753,-2.9079230414226886,170.19805936081013
1191.0,342.0,1634.0,1264.0,1097.0,314.0,-1.7437268224525417,5.734986156821886,175.97415958607465
583.0,124.0,539.0,1074.0,1975.0,1320.0,-0.9909028795981479,1.6764263097775844,174.97548196421525
1747.0,1294.0,531.0,1345.0,839.0,314.0,-5.542125029349193,-4.229639905206276,177.0820773228771
229.0,1756.0,1185.0,239.0,99.0,1435.0,7.3212929570610195,-1.507444786398549,171.18725660168323
1824.0,414.0,1073.0,1106.0,1321.0,1959.0,-6.2381483390106025,4.156394851067145,185.48093808972803
713.0,1496.0,173.0,1017.0,768.0,277.0,0.16435729414331757,-6.803771114603197,168.6967551530239
1380.0,22.0,1271.0,49.0,898.0,802.0,-3.1759660291723546,5.816797300660377,168.58626206618655
508.0,148.0,222.0,23.0,1743.0,1074.0,-0.45146631951603733,-0.22374864605297495,165.15046271555053
639.0,1075.0,747.0,440.0,1445.0,1643.0,2.7773739066977163,-1.5350701547104868,176.8600221833677
377.0,543.0,1835.0,955.0,497.0,1152.0,4.508665300865335,6.984259394717287,173.31290214697594
1725.0,864.0,93.0,561.0,336.0,1729.0,-6.6557466916164305,-2.5826724787452355,173.1118300002181
1797.0,1381.0,1856.0,1422.0,544.0,703.0,-1.851847115421911,2.510568455476923,185.7305855691079
839.0,1136.0,1330.0,1490.0,1571.0,1154.0,2.3289287027515937,0.6761946502459416,184.82087550096782
1233.0,57.0,1133.0,694.0,1635.0,1159.0,-3.106737104645295,5.1718680384076015,176.33898447350512
1485.0,1481.0,554.0,442.0,1131.0,43.0,-2.3833594782943135,-5.321663482016796,172.32246826622134
1225.0,1535.0,155.0,1472.0,1856.0,1439.0,-2.250837927696701,-8.022217723471538,185.35696180220617
1963.0,839.0,63.0,63.0,224.0,888.0,-7.458084484041871,-2.9474843349962927,166.48882444191787
944.0,852.0,1381.0,660.0,13.0,990.0,0.7749449037016664,3.3656078796440596,170.92125314645963
684.0,883.0,1290.0,567.0,724.0,1430.0,2.849696511988789,2.6655986838171404,174.7232264757682
1806.0,81.0,897.0,1236.0,1143.0,595.0,-8.06005922917395,3.631442116042571,175.33397544577062
635.0,1466.0,1943.0,90.0,110.0,617.0,5.8067332745377485,2.587229747198362,170.87101513838928
1145.0,1240.0,574.0,149.0,310.0,1998.0,-0.32151249355941225,-1.7795052931744475,173.88507248750352
1526.0,681.0,904.0,460.0,768.0,561.0,-3.808373389946393,0.8731215011299776,171.23016084152067
1297.0,1795.0,55.0,1344.0,1814.0,23.0,-2.6257597969077158,-10.458871615910805,178.02967425297686
1075.0,641.0,1440.0,1228.0,1149.0,658.0,-0.5377240159648988,3.6240002145218035,177.90999419612
1558.0,1703.0,1685.0,985.0,1570.0,1889.0,1.6275868014935377,0.18666054972716895,194.4855517497093
1538.0,620.0,96.0,158.0,3.0,810.0,-5.8964396157292365,-1.6448220496296158,162.4305526522743
710.0,632.0,1977.0,1675.0,1165.0,1356.0,3.2705180141561736,7.417681873730444,184.50174989279196
685.0,1076.0,626.0,30.0,24.0,1478.0,1.63860007985507,-0.8084082847629588,166.17620716242888
998.0,1449.0,1358.0,1132.0,1571.0,1718.0,3.0874806101801298,-0.3656948443680117,188.44712821628477
1638.0,184.0,888.0,1579.0,1255.0,1482.0,-7.115087848387957,4.019211736907373,181.97509346872857
70.0,1980.0,921.0,1430.0,1032.0,291.0,7.157441272128382,-5.943453945861785,175.09254033935295
817.0,637.0,1880.0,1803.0,912.0,433.0,1.4390149517790822,5.9218010241460775,179.26180375920674
644.0,649.0,1164.0,195.0,1207.0,724.0,2.2616209138707966,2.0601613877284084,169.60829632351118
1598.0,1946.0,1080.0,14.0,355.0,64.0,-0.22755576640925057,-4.0502642489968785,172.02637997409772
614.0,261.0,1883.0,1829.0,1852.0,1616.0,2.9071545420397427,9.006164329176244,187.20213574743354
1423.0,831.0,752.0,740.0,1531.0,989.0,-3.216224319023465,-0.8911967337260234,178.30468139652518
605.0,213.0,472.0,1849.0,1226.0,1069.0,-2.3574842961787206,1.2552397008175635,174.02747591714245
1872.0,1501.0,888.0,454.0,1879.0,1728.0,-2.8040506678235944,-3.4208619306709984,188.85317926920553
1963.0,1192.0,109.0,1321.0,1490.0,276.0,-8.138253293789703,-6.576717569661141,178.2137529381383
27.0,10.0,369.0,79.0,1520.0,906.0,2.0956242805125833,1.2260969445695507,160.9685883449917
1049.0,484.0,349.0,1010.0,217.0,802.0,-4.029952955893833,-0.12637877583217744,166.10498346735483
376.0,896.0,925.0,288.0,276.0,1345.0,3.4875422170207457,1.0932040926355904,167.11201766220117
115.0,1493.0,1468.0,1454.0,592.0,1791.0,8.068168973954254,0.9384948147116433,181.35950702474122
1411.0,1670.0,1593.0,1414.0,61.0,1166.0,0.4431334709786544,0.6025707117850467,183.75127512122504
1268.0,28.0,159.0,1906.0,82.0,1494.0,-8.185877031796082,1.9369196470293377,171.078822364211
43.0,660.0,1120.0,1293.0,999.0,486.0,4.334198347683569,1.8471595401251104,169.6424933596114
605.0,816.0,1215.0,1280.0,13.0,406.0,1.1348543820721575,2.2351388584847482,168.33047692903864
158.0,1956.0,1815.0,983.0,305.0,1040.0,9.396529464550571,-0.0297196973559255,177.83916445611518
620.0,925.0,1236.0,247.0,1065.0,146.0,2.846188978267908,0.6270451574440369,167.83421051831044
1922.0,982.0,1870.0,90.0,729.0,1869.0,-1.6100620940114774,5.440298093096,184.32138233390617
45.0,1077.0,525.0,81.0,193.0,312.0,4.032538569211795,-2.3313827603478767,157.40695902579606
108.0,413.0,286.0,1775.0,1773.0,361.0,0.7555137240410947,-1.9350009574923988,170.29277108999986
1853.0,747.0,1600.0,1457.0,1910.0,1995.0,-3.9700738312117583,4.94848603004089,195.2117295156317
832.0,1561.0,1598.0,1916.0,898.0,69.0,2.8788175748786458,-0.5518173029656884,181.40504597885774
1020.0,691.0,1909.0,951.0,618.0,1244.0,1.6009685395300477,6.668898915392557,178.98308589503642
177.0,430.0,1934.0,1976.0,1022.0,1064.0,5.238452634326152,8.074169713374797,179.63755076400963
708.0,848.0,1848.0,12.0,1602.0,515.0,4.6467289868166,3.860618783455916,174.338031005285
1299.0,1619.0,1133.0,503.0,293.0,654.0,0.38358275127756913,-1.9402914725569034,174.39722729012647
790.0,1274.0,921.0,1723.0,988.0,1280.0,1.290631200236693,-1.626620708887143,182.0107210625799
27.0,1706.0,135.0,1151.0,32.0,1062.0,4.3858516667143155,-6.706867203328373,166.8736090200706
1585.0,244.0,1952.0,1784.0,615.0,1462.0,-3.7401186601566723,9.781255429608017,184.910603384229
381.0,1643.0,830.0,1030.0,1226.0,548.0,4.805005392176924,-4.682390780272987,174.98757387490843
587.0,507.0,1645.0,248.0,450.0,342.0,2.714531754880017,5.0660529987685265,165.33262085008096
407.0,815.0,1649.0,1687.0,1320.0,473.0,4.139344593899825,3.5811313654075514,178.63197669207904
1036.0,1446.0,1277.0,175.0,195.0,962.0,2.154430809445478,-0.0958340026168989,172.26175537021973
1281.0,32.0,8.0,1301.0,433.0,1212.0,-7.843043846846554,0.5751093927992156,167.70658057978883
9.0,968.0,1234.0,1376.0,630.0,930.0,5.7549310468084585,1.6121091096994298,172.3960447948327
1189.0,1150.0,78.0,418.0,82.0,998.0,-2.9698699052262296,-4.17962163163261,166.06295588590606
1555.0,605.0,1906.0,887.0,1541.0,1331.0,-1.2568698778980054,6.673278406144314,186.1905842371671
219.0,311.0,1322.0,1109.0,239.0,1001.0,2.869504563897746,5.625438337458941,167.47350721635812
1118.0,1030.0,180.0,280.0,679.0,1221.0,-2.181930227025802,-3.638723314197628,169.17664086627545
1931.0,335.0,438.0,1057.0,439.0,257.0,-9.141633778125643,0.3229785722648385,168.54868808175678
1056.0,1291.0,1649.0,980.0,478.0,1032.0,2.1282297567569826,2.2633311656855586,179.45235140907522
132.0,888.0,1600.0,1133.0,1570.0,35.0,6.072734424150356,2.1871494949737924,173.4156719946062
876.0,72.0,138.0,293.0,1902.0,1044.0,-3.3602292381321797,-0.42589837843270706,168.23699061906962
1892.0,121.0,108.0,1389.0,529.0,631.0,-10.938747789849826,0.027173478808323485,169.47391439977102
1407.0,173.0,1138.0,1856.0,1003.0,1073.0,-5.458626673111716,5.194070180005351,180.06019631972376
582.0,1225.0,1513.0,300.0,1171.0,1262.0,5.486680650931595,1.5204710922628264,177.0815250249722
1251.0,613.0,499.0,35.0,941.0,735.0,-2.9636592571608835,-0.7228393409561109,166.98001346811748
1016.0,1444.0,862.0,1445.0,1610.0,365.0,0.34909100591522496,-4.13051801250233,180.71101440358706
940.0,275.0,1041.0,240.0,1376.0,797.0,-0.7275372844313638,3.2482492891430046,170.03908083015008
779.0,286.0,921.0,971.0,379.0,1302.0,-1.143785182299684,3.986979204917558,169.85525303728213
254.0,918.0,1071.0,1929.0,768.0,1304.0,3.6507696772646363,1.296829950655726,178.16041843343083
1138.0,1978.0,326.0,133.0,891.0,1200.0,1.0197536963312,-7.736466715752805,174.9213680365922
226.0,1980.0,1323.0,1346.0,385.0,582.0,7.134238986050022,-3.0267722056695967,175.84033478119778
416.0,279.0,623.0,660.0,378.0,352.0,-0.1172166264594125,1.5732715694373653,159.9750009039252
424.0,1379.0,1098.0,984.0,648.0,1019.0,4.527029365671081,-1.0670938986782146,174.56780099406856
1895.0,1432.0,754.0,794.0,1065.0,1095.0,-4.389285035314993,-3.403002758196803,182.18501669665736
1395.0,853.0,347.0,1593.0,1700.0,217.0,-5.430157553948437,-3.955231021937883,177.26149612323422
837.0,901.0,1156.0,730.0,517.0,502.0,0.8200627888206334,1.1949999339083253,169.97592497320323
462.0,651.0,485.0,1837.0,1308.0,1399.0,0.17370358933111918,-0.8314767325548581,177.72390736970448
1695.0,1652.0,693.0,593.0,1938.0,442.0,-2.436839836008695,-6.184045273995291,181.95189172693426
84.0,174.0,886.0,855.0,231.0,53.0,1.6171203263190483,3.094194953782122,157.71190825824326
1832.0,970.0,215.0,1373.0,1926.0,378.0,-7.724754849471217,-5.335436844334091,180.09601467273993
582.0,1639.0,1556.0,36.0,1123.0,418.0,6.245184783426772,-1.0182613383710357,173.41435232488
838.0,1779.0,1984.0,137.0,1361.0,325.0,6.446210806658952,0.048013968925874284,178.92739940679945
543.0,662.0,638.0,1746.0,621.0,1385.0,-0.11364622721788431,0.5556613785520697,174.88014421793963
1462.0,1866.0,791.0,669.0,1397.0,1799.0,0.1402500373082023,-5.345161248197205,187.08333108848197
16.0,727.0,922.0,497.0,1425.0,915.0,5.387270070550644,0.5243272528164179,169.09036169531484
986.0,276.0,1406.0,1610.0,991.0,1749.0,-1.1576255091257555,6.818308688437314,182.01550264817982
668.0,1572.0,1160.0,1129.0,694.0,446.0,3.3526545746938368,-2.2306694529993853,175.1931599210954
655.0,612.0,1940.0,14.0,1639.0,845.0,4.795607409275737,5.831935568418338,175.12095098722702
1440.0,1129.0,100.0,1597.0,1047.0,410.0,-5.733217409423143,-5.791106854670194,175.19785010047872
728.0,1947.0,1724.0,99.0,640.0,256.0,6.143485287171901,-1.3519211284856172,173.63315910858304
846.0,190.0,787.0,493.0,523.0,574.0,-1.879906429286486,2.8473022011181497,163.56843920774676
623.0,668.0,160.0,1311.0,92.0,817.0,-2.0570579496440935,-1.8234732534797382,164.89713097357696
855.0,916.0,345.0,1257.0,1347.0,531.0,-1.6532626655323235,-3.6480266510823025,173.0320796013102
864.0,408.0,1780.0,725.0,1921.0,1312.0,2.33378056872961,6.762833013810452,181.9377407549058
1034.0,1066.0,1437.0,1473.0,1549.0,52.0,0.5878750158054824,0.5565371545999358,180.09855460112993
1287.0,53.0,137.0,1891.0,864.0,1416.0,-8.179676040563738,0.9451652551856178,174.8295226710091
825.0,145.0,31.0,1567.0,726.0,1115.0,-5.078347614927748,-0.24310882455691343,168.63488484889703
393.0,901.0,841.0,637.0,1891.0,369.0,3.292377233131611,-1.6597965031156117,171.87687009190316
475.0,1952.0,1330.0,325.0,486.0,938.0,6.759875535133839,-2.534014421555877,174.15004529979072
421.0,380.0,878.0,1231.0,891.0,1911.0,1.4617511166080324,3.5786238986947696,175.41748090993292
1728.0,1825.0,990.0,1116.0,1530.0,808.0,-1.8679297107805666,-4.983656611211844,187.16421965071518
242.0,759.0,1759.0,1574.0,996.0,1475.0,5.928294967257438,5.774361009779937,180.81503341700284
349.0,1219.0,1006.0,140.0,636.0,1766.0,5.450998675338643,-0.04574034789488912,172.22132419048586
480.0,476.0,1463.0,542.0,541.0,1651.0,3.3933052481328554,5.91910625045081,172.34722291242798
923.0,409.0,1514.0,1754.0,1151.0,1059.0,-0.4330375647365464,5.810278667365394,181.00642137361203
900.0,927.0,1746.0,1965.0,1380.0,151.0,1.3913493377043449,3.1707499724495483,182.39629508338518
711.0,1238.0,357.0,452.0,126.0,1901.0,1.0699951540280654,-2.764507883116375,170.6073488881119
1551.0,784.0,859.0,1471.0,291.0,1546.0,-4.911262402117958,1.5066075968662027,179.42058032234618
1634.0,1355.0,255.0,922.0,1350.0,441.0,-4.797842409469464,-6.2944389732488535,176.43166753734516
1283.0,335.0,819.0,350.0,818.0,1423.0,-3.2502511622932158,2.9421799815478957,171.85380902189175
784.0,1550.0,1220.0,913.0,1045.0,245.0,3.0947220068899512,-2.318345987501914,175.64940679430782
600.0,581.0,1330.0,680.0,1828.0,1389.0,3.140069374674158,3.5899224923820365,178.9692165182488
1763.0,1502.0,220.0,1963.0,390.0,757.0,-6.72594318506521,-6.190841915352294,179.59025567825918
1386.0,400.0,1363.0,45.0,1584.0,1743.0,-1.3473561017943703,5.120233470079853,179.48119325293678
55.0,360.0,1281.0,1782.0,967.0,1352.0,4.101399530052112,5.28726747996273,175.71878043131397
1525.0,1655.0,1431.0,1861.0,1944.0,521.0,-0.5341770858468989,-2.486662919720421,192.09322760875696
386.0,388.0,1792.0,250.0,712.0,87.0,3.8401261598490377,5.806756086069106,164.38869363055488
856.0,39.0,48.0,825.0,1188.0,921.0,-4.506562152751079,-0.1933841354538778,165.92256942967674
1777.0,1664.0,1062.0,544.0,183.0,101.0,-2.559060834553996,-2.773016518435153,173.45578804597216
592.0,645.0,188.0,441.0,515.0,368.0,-0.936173177328991,-2.243893553141747,160.16910096561367
374.0,1229.0,1022.0,1931.0,864.0,1688.0,4.0775969288230876,-0.3977523588634875,182.61948596647062
1775.0,279.0,1823.0,601.0,105.0,1860.0,-3.729890291409174,9.17697023054707,178.7039887153751
1988.0,583.0,50.0,595.0,482.0,20.0,-9.106642963018771,-2.8299527344574145,164.67641166446603
897.0,1309.0,1095.0,1685.0,142.0,612.0,0.38741350825930065,-0.6347089032116116,175.60573994749706
380.0,1196.0,369.0,275.0,1577.0,285.0,2.92191280462968,-5.149380972895881,166.85684469233934
193.0,591.0,1879.0,750.0,1013.0,348.0,5.726614411267508,5.612323886432309,170.30663931994255
626.0,1706.0,1903.0,152.0,1803.0,414.0,7.636480903370817,-0.2745855413175321,179.746614379285
715.0,176.0,845.0,498.0,1922.0,193.0,-0.5981896516581983,1.785005280752546,168.3857882227393
1433.0,281.0,1749.0,573.0,1148.0,1866.0,-1.556061057905776,8.302326024168293,182.0331476885536
951.0,822.0,817.0,574.0,1524.0,369.0,-0.3649302048905094,-1.0560977069310566,172.091968816143
1468.0,377.0,608.0,1550.0,1654.0,461.0,-6.419130302278264,0.14726248959488109,177.36909850683122
435.0,779.0,29.0,824.0,1772.0,1122.0,0.4543337095947073,-4.532445175869109,171.50989139836568
1404.0,38.0,1525.0,980.0,1420.0,1533.0,-3.3067019531816393,8.00258052236181,181.27261991439144
933.0,101.0,225.0,476.0,962.0,1630.0,-3.682399836939036,1.2281956978302007,168.25234646644984
1558.0,16.0,663.0,1004.0,1384.0,1791.0,-6.972249440806275,3.8470733882910753,178.827641897042
150.0,779.0,1649.0,1280.0,912.0,1283.0,6.190804906284841,4.849274815145915,176.95730169130866
94.0,706.0,169.0,1303.0,406.0,104.0,0.8045916082388007,-2.8219983526970784,160.29634217548283
1183.0,348.0,1765.0,425.0,1843.0,338.0,-0.0396265569628198,5.687873234157754,176.2675841784548
869.0,1159.0,1214.0,1162.0,1685.0,1074.0,2.1781807509601396,-0.25337493634019026,182.97653843921253
1641.0,442.0,748.0,409.0,1283.0,1558.0,-5.162967194301835,1.8179242659872124,177.23730373868005
40.0,1640.0,744.0,1818.0,570.0,910.0,5.733054596796329,-4.30667946096178,175.26890451616282
407.0,1509.0,661.0,571.0,231.0,513.0,3.4065803982943423,-3.660288659489393,165.96365079446656
1351.0,292.0,263.0,1790.0,1133.0,439.0,-7.432859221423616,-0.7691780605617111,172.89833777525175
1007.0,66.0,1387.0,781.0,906.0,1669.0,-1.1486667651436033,7.49866774368312,175.73829944283762
1022.0,1043.0,556.0,278.0,1916.0,30.0,-0.5345652981287338,-4.044764913710428,170.8623181732004
886.0,647.0,915.0,1569.0,1319.0,1630.0,-0.7634639956386707,1.7500353635222283,181.97138856084626
509.0,1827.0,920.0,155.0,122.0,324.0,4.478926594176557,-3.82495768790532,165.72045928980944
434.0,14.0,361.0,162.0,751.0,802.0,-0.7114521441087689,1.6865194949166362,159.0123662527797
1908.0,136.0,866.0,1991.0,933.0,1249.0,-9.651538187547095,4.201798984573763,182.0308115280881
910.0,709.0,512.0,1567.0,969.0,858.0,-2.467687232311153,-1.1205866389313783,174.49722938198937
273.0,766.0,135.0,1812.0,1128.0,1030.0,0.33776381957373824,-3.4570084155402876,172.50366589271565
1941.0,810.0,570.0,1900.0,392.0,1234.0,-8.632252581642206,-0.49703064491521165,180.95426969142798
1985.0,1444.0,469.0,1066.0,6.0,1161.0,-6.262685834797618,-3.701869031539311,177.35882209530962
590.0,407.0,1075.0,1211.0,359.0,1304.0,0.48712789995240835,4.210807719034192,171.43957223457664
234.0,1743.0,1005.0,1417.0,1629.0,1282.0,7.178396006137466,-4.312653039766375,183.4261254964784
544.0,327.0,988.0,585.0,499.0,1930.0,1.3132598471130654,4.6304303564157845,171.00740595431023
1428.0,1444.0,1906.0,1395.0,1831.0,171.0,1.073133611139255,0.915660243527689,188.17003301353122
412.0,1137.0,782.0,333.0,1510.0,546.0,3.8181998834894033,-2.6024491100696103,170.24201222156663
921.0,742.0,984.0,86.0,644.0,187.0,0.03808192707590627,0.6833340694168797,164.40459635280016
779.0,1697.0,505.0,1422.0,1327.0,1626.0,2.080003645795999,-6.220238463576218,183.79634963442894
1315.0,1455.0,1149.0,758.0,1783.0,658.0,0.3998781562891578,-2.574544357216358,182.71145251141772
452.0,246.0,1941.0,203.0,1944.0,1227.0,5.239955102338205,8.096225714550714,176.53398784434395
1447.0,1428.0,1024.0,306.0,774.0,546.0,-0.8348231025290097,-2.104554198855488,174.5129813807735
845.0,1592.0,1812.0,634.0,893.0,670.0,4.9559475120480165,0.8683704473486439,179.16565605368243
497.0,1493.0,330.0,625.0,139.0,545.0,1.914630435277123,-4.999455663439379,164.58125409973465
1786.0,142.0,1659.0,1724.0,1064.0,763.0,-6.156596806379637,7.624240291364128,182.3762528492825
242.0,535.0,1232.0,1754.0,1867.0,1312.0,3.9770784946038154,3.405674141018084,181.73139456398604
1366.0,816.0,372.0,111.0,1157.0,1015.0,-3.3434472285972423,-2.2930637296206546,170.877872643216
1478.0,1827.0,562.0,1331.0,313.0,1552.0,-2.087644333597174,-5.373707167199215,182.28779631077566
923.0,1139.0,1843.0,696.0,1780.0,1424.0,4.420708888552159,3.423865498123978,186.1472667750273
142.0,825.0,931.0,1756.0,1363.0,881.0,3.889842434737515,0.1359114259531609,176.38343426590518
1931.0,762.0,624.0,1475.0,1443.0,1163.0,-7.836509265361267,-0.9898792159028277,183.91464520116054
721.0,1155.0,1281.0,904.0,28.0,1437.0,2.637164696627342,1.875187017379162,174.45597369435984
1157.0,330.0,807.0,157.0,1012.0,776.0,-2.493625352618156,2.0734198931590586,167.8288242983616
1262.0,673.0,674.0,958.0,943.0,1234.0,-3.339936130059888,0.2654885109731383,175.61748228445285
616.0,870.0,1894.0,757.0,6.0,1561.0,4.340695453806968,6.380625120611316,175.1035933661601
627.0,965.0,1431.0,945.0,707.0,1149.0,3.2925960365977858,2.734968390895408,175.99087734842072
1894.0,718.0,1842.0,993.0,1964.0,47.0,-3.5812502897680973,3.9910833999421005,184.313267181687
613.0,181.0,448.0,672.0,430.0,600.0,-1.790898858385927,1.413752135913044,161.18049421978455
967.0,974.0,1940.0,1647.0,1672.0,179.0,2.203788755971384,3.699605754335095,183.974635228279
399.0,1261.0,1408.0,1333.0,1235.0,1572.0,5.88502330767761,1.0924689000574963,183.06386656640257
1838.0,849.0,1530.0,1182.0,937.0,613.0,-4.163837296030387,3.114588763084305,181.75461895719263
850.0,763.0,1955.0,257.0,335.0,375.0,2.7552550325487397,5.4183496717658475,169.21545726150745
384.0,1322.0,1435.0,911.0,1794.0,430.0,6.068902882111639,-0.64060065270842,178.19709542111022
1443.0,1553.0,962.0,578.0,879.0,18.0,-1.1318832911986836,-3.5238877968379843,173.9786640331264
45.0,846.0,1896.0,1378.0,1794.0,961.0,8.2120689348861,4.887185245134132,181.29261547203544
1058.0,622.0,337.0,413.0,151.0,660.0,-3.0761588396007067,-0.8538018970647807,162.68187575030134
1275.0,1093.0,776.0,864.0,1085.0,1780.0,-1.4878018820525012,-1.0514203291053164,181.47611206516234
1950.0,933.0,179.0,452.0,502.0,1249.0,-7.36043432129785,-2.9848176384085408,172.84517380163396
1351.0,1979.0,1378.0,252.0,91.0,1907.0,2.6090366338939224,-1.3103860535402374,181.82651896149952
332.0,40.0,544.0,607.0,32.0,1413.0,-0.10341798231608566,3.659935600497368,161.22467286499156
1104.0,150.0,1878.0,614.0,1112.0,1334.0,0.10155334921109216,8.965852220788786,177.5652874540088
553.0,1265.0,355.0,1248.0,1667.0,365.0,1.287537250758727,-5.843855551488687,173.9565925784054
1813.0,653.0,1860.0,1658.0,869.0,1653.0,-3.8686791021214626,7.197789291384975,189.60557488450755
1575.0,467.0,145.0,758.0,1426.0,1602.0,-6.955769800181373,-1.5426668480519037,176.5923459046126
508.0,73.0,37.0,1599.0,213.0,591.0,-3.80240106227574,0.1605049095404825,161.49153481507238
1240.0,1557.0,1532.0,744.0,1947.0,422.0,2.2488516939304835,-1.4875005630111129,184.36291026109393
184.0,1587.0,732.0,1004.0,530.0,1779.0,5.957201903931367,-3.2887488659429995,175.78218287963793
822.0,272.0,1893.0,567.0,502.0,252.0,1.1894479628207215,7.244086080454155,167.9485538226464
300.0,144.0,850.0,326.0,967.0,1124.0,1.8609970351822935,3.6109830465569672,165.0714327902781
657.0,1017.0,1155.0,802.0,30.0,867.0,1.97497005599474,1.3999565388656763,169.34548732277992
158.0,1375.0,1086.0,846.0,354.0,1327.0,6.111698606237638,-0.5579750242977519,172.36896132479308
1103.0,638.0,1818.0,1552.0,1476.0,1849.0,0.9192877166649172,6.9158772722878625,189.35351471606765
348.0,858.0,1116.0,134.0,296.0,210.0,3.394595089493203,1.067010456163285,161.22804534593888
1065.0,1671.0,1720.0,780.0,1033.0,1476.0,4.241548101437313,0.6486613917756572,185.91219050810085
701.0,1814.0,907.0,98.0,13.0,661.0,3.647401225463529,-3.470732501312714,167.51038719459095
316.0,442.0,1198.0,1682.0,964.0,679.0,2.116463427485296,3.648077852972129,173.17378475811515
292.0,921.0,1796.0,1929.0,547.0,1562.0,5.679511400019849,5.581416555823322,182.05759769630072
125.0,1865.0,1717.0,1948.0,618.0,452.0,8.285209585845543,-0.8973389179393059,180.33405644711422
1413.0,1429.0,1096.0,241.0,1866.0,578.0,0.1425948649307519,-2.8092849637046156,180.12054998754098
248.0,887.0,925.0,1924.0,214.0,878.0,2.441162333035168,0.7847959339564615,172.13465082695706
686.0,447.0,1380.0,348.0,316.0,1139.0,1.6381242146240342,5.162555583409647,168.12019898701624
989.0,1474.0,834.0,1798.0,1488.0,236.0,0.029795586240741523,-4.452980890153735,181.07835785940068
163.0,1390.0,635.0,801.0,1754.0,1409.0,6.030584176090277,-4.330035628742523,177.4951992355039
862.0,534.0,476.0,1716.0,1989.0,477.0,-2.721708057320983,-1.6612053206385224,177.17864657857407
1395.0,183.0,118.0,1096.0,1901.0,656.0,-7.343289211570653,-1.4523542001499903,173.32443519731916
160.0,1015.0,387.0,1816.0,1386.0,1754.0,3.248200752302248,-3.191643251466249,179.57475557483687
1779.0,818.0,40.0,1050.0,1774.0,778.0,-7.903111670913981,-4.950732381634424,177.77657786289518
1899.0,340.0,1876.0,1392.0,901.0,1794.0,-4.93006107055654,9.011839817473739,187.84337160002357
576.0,1371.0,870.0,106.0,880.0,327.0,3.414934201429524,-2.806311457138375,167.21492815097858
589.0,1445.0,1457.0,199.0,1466.0,1143.0,6.131776823095867,-0.22817468782847025,178.31408292404421
601.0,1253.0,1180.0,37.0,51.0,467.0,3.364343598072553,0.05014512585173564,164.47115993620997
1002.0,1884.0,884.0,1362.0,340.0,456.0,1.1417150293823775,-4.73914421571439,176.47495867059098
1603.0,1660.0,1498.0,828.0,1371.0,1586.0,0.5249449568292853,-0.6651486787206039,190.13883015854998
1159.0,1939.0,1702.0,365.0,1425.0,1496.0,5.062288698530123,-1.1568523328892568,187.6088163575269
109.0,90.0,815.0,1622.0,1376.0,1938.0,2.257191439197634,4.5624507917264,176.61367525326435
491.0,1609.0,875.0,1737.0,469.0,1040.0,3.443473461391673,-3.2622027865088894,177.99548280218255
1337.0,77.0,704.0,55.0,1694.0,1082.0,-4.119206378922804,2.604781862406032,171.39286434321616
19.0,738.0,227.0,1191.0,294.0,1012.0,2.088611098389949,-1.8825552744552851,163.9257185839662
1115.0,452.0,853.0,1185.0,1723.0,655.0,-2.7886191215166396,1.1427425400967723,176.84425259232216
1431.0,1862.0,1014.0,39.0,450.0,1318.0,0.909508903095803,-3.2533383600737027,177.4933207245928
1152.0,688.0,812.0,18.0,940.0,1497.0,-1.051149486453698,1.1080799993268613,172.3308866372903
834.0,1245.0,1121.0,721.0,500.0,1809.0,2.495627366722897,0.5377970979581547,178.11662265391303
1990.0,1460.0,131.0,881.0,1238.0,547.0,-6.830824543803175,-7.211174881268248,177.74499160073978
1014.0,1012.0,1566.0,1428.0,251.0,1850.0,1.2675463586708677,4.314927540806108,182.63652348802782
1373.0,561.0,1655.0,796.0,1495.0,713.0,-1.2344747830170062,4.851131491558126,179.91967258968643
1333.0,1192.0,1141.0,1072.0,1888.0,1866.0,-0.2410990349517873,-0.30401604109115177,189.85755859330737
529.0,568.0,1293.0,611.0,22.0,1063.0,2.116281712073228,4.350162279086402,166.9597784948906
225.0,25.0,1261.0,1819.0,1385.0,143.0,1.4064266422522096,5.274804024817368,170.88949467155012
1165.0,888.0,640.0,1240.0,125.0,416.0,-3.1964745828641163,-0.9165105131775519,169.02883937117005
489.0,520.0,1529.0,862.0,960.0,1048.0,3.259586935027221,5.158258898566491,173.74619880580715
606.0,1638.0,731.0,222.0,1659.0,853.0,4.400305818838814,-5.247323811736504,175.2097195776078
979.0,526.0,1105.0,1009.0,276.0,1523.0,-1.0608842619904968,4.020816355423787,173.87210658706616
1903.0,1275.0,175.0,1365.0,1907.0,1489.0,-7.18513278389203,-6.462532422655132,187.47281031910308
665.0,1711.0,640.0,517.0,663.0,451.0,2.8101477185374257,-5.220291459968411,169.81186676084445
7.0,1831.0,779.0,322.0,1832.0,389.0,8.188759566123966,-6.464219931164402,172.02434615865977
1770.0,1353.0,1022.0,14.0,1907.0,840.0,-1.970744158395687,-2.6078466545538306,181.55566556252853
1760.0,720.0,780.0,697.0,1558.0,1658.0,-5.2642231891055875,0.4085365174451888,182.90090434654164
849.0,419.0,992.0,212.0,790.0,414.0,-0.3672015269874386,2.3264250325001896,164.95471659631252
997.0,312.0,28.0,1020.0,117.0,245.0,-5.28721694932358,-1.200534305442534,159.86313880850412
32.0,1455.0,1250.0,1092.0,1852.0,1372.0,8.796316525671218,-1.5396404669184127,182.0421805033529
1318.0,1862.0,866.0,838.0,649.0,1636.0,0.5854531160914145,-4.204930139013519,182.9257539839024
1123.0,134.0,154.0,1803.0,360.0,965.0,-6.939662401459049,0.6418327978665197,169.16059656140246
1561.0,1358.0,1980.0,1167.0,1157.0,186.0,0.10542462220070142,2.2076947929869832,184.2294099135336
421.0,737.0,1326.0,1398.0,1409.0,1988.0,4.229477533911716,3.7923760550993246,183.44651831246674
1395.0,1523.0,1439.0,902.0,654.0,1629.0,0.756452743074596,0.4404545768493516,184.94313635852052
776.0,1487.0,1897.0,1475.0,467.0,1276.0,4.802950527444163,2.8259552782863984,183.93833480016153
1718.0,464.0,503.0,152.0,634.0,1926.0,-5.949758230619798,1.345385040702572,173.62385750927484
1546.0,428.0,16.0,946.0,316.0,1953.0,-7.633029473845585,-0.6498655187618427,172.53855363436816
1366.0,168.0,843.0,1767.0,844.0,1960.0,-5.832882840461405,4.703499741867724,181.60132551204546
1469.0,1835.0,211.0,1848.0,672.0,1626.0,-3.486704827857042,-7.870339325046418,185.18883204414678
1694.0,1501.0,999.0,1263.0,88.0,1759.0,-2.9661775496745255,-1.072934366034466,183.62915749458796
984.0,1120.0,1125.0,1516.0,1092.0,387.0,0.011011172518484935,-0.6043801769952629,178.130261890088
81.0,942.0,388.0,1867.0,121.0,1702.0,2.5656692661833813,-1.5071929735984249,172.23887919925062
148.0,1402.0,1138.0,1180.0,613.0,277.0,5.4817786174877625,-1.5719505338906958,170.38955880730637
539.0,932.0,1112.0,1288.0,1920.0,532.0,2.8791482045566736,-0.2889556159961064,178.5894388477934
1331.0,1764.0,81.0,1565.0,1336.0,1237.0,-2.8187383126275556,-9.119143650790228,183.3408688879856
1518.0,1653.0,540.0,1067.0,1484.0,1518.0,-2.1604423372329733,-5.9352798346598465,185.99600423689694
307.0,1504.0,1156.0,623.0,51.0,20.0,4.643655674146657,-1.5744833493148702,164.76427410367225
547.0,143.0,388.0,1967.0,1212.0,462.0,-2.870385097945938,0.6170728904058285,170.29422777922719
266.0,1781.0,535.0,704.0,871.0,563.0,4.985041532767871,-6.289832463168749,170.0342824141439
1314.0,915.0,768.0,983.0,456.0,1658.0,-2.7077080763736845,0.323404618640337,177.41919200859536
1126.0,448.0,942.0,1772.0,1846.0,1576.0,-2.8862600142676316,2.5607854862525246,185.76440133005605
1468.0,657.0,533.0,1817.0,1809.0,1649.0,-5.826862131350806,-0.8487490956712915,186.82618968881422
1183.0,1177.0,1947.0,890.0,1781.0,1326.0,3.0236731540043276,3.7083387276680133,188.7757581385259
1600.0,509.0,193.0,831.0,1206.0,41.0,-7.15260019373658,-2.5608077232604654,168.2877391204608
1420.0,1105.0,1395.0,1505.0,1053.0,99.0,-1.9354580410291602,0.5938615234354427,179.91985331989977
1967.0,1188.0,325.0,761.0,1110.0,1656.0,-6.635274911285806,-4.005036883318998,181.88388839030597
1317.0,29.0,1663.0,144.0,661.0,1969.0,-1.5097881673700946,9.318668007962453,175.3420264659157
1741.0,1713.0,1143.0,1206.0,12.0,1655.0,-2.2051275491333806,-1.408606114212636,184.50371378658934
717.0,931.0,1837.0,1300.0,373.0,298.0,2.6952823470864518,4.273952486960312,174.02541758441345
1506.0,157.0,794.0,1103.0,928.0,808.0,-6.21936827824368,3.0920637754369964,173.108498719211
1349.0,1809.0,968.0,72.0,924.0,301.0,0.7681725373979534,-4.433760115719256,173.88857093390635
199.0,1293.0,1605.0,1761.0,705.0,1012.0,6.568978971180055,1.895495969203236,179.71147621225964
948.0,957.0,389.0,1694.0,827.0,243.0,-2.7844337215836252,-3.3657445043682284,171.99171635106677
256.0,656.0,1453.0,637.0,1666.0,1348.0,5.731887517699384,3.8945927084376746,176.82025552871949
513.0,1606.0,160.0,977.0,653.0,552.0,1.6818057047481132,-7.0918615355048,168.75639463081018
415.0,1497.0,561.0,233.0,1597.0,919.0,4.598623471448969,-5.281536970798579,172.68657171673817
1231.0,1696.0,858.0,868.0,1752.0,1140.0,0.8769910669522264,-4.970864983267054,184.83954539318475
517.0,1594.0,746.0,792.0,17.0,537.0,2.9542526994737472,-3.455505769512546,167.5861105629925
30.0,150.0,941.0,1492.0,657.0,1818.0,2.911395296850533,5.254519823895139,172.0820085355071
1002.0,1871.0,1423.0,1377.0,228.0,1752.0,3.452695630198233,-0.9574910305591657,185.42633508710153
1744.0,1074.0,797.0,1810.0,1124.0,1906.0,-5.506225619387331,-0.844287802393803,189.523313214904
684.0,502.0,1573.0,1216.0,738.0,1423.0,1.970689171418634,6.15040282166507,177.48098686122958
1291.0,499.0,489.0,1769.0,1133.0,1709.0,-5.430200637833353,0.4600065309127561,181.44684686077053
1582.0,1691.0,924.0,60.0,1465.0,446.0,-0.5961346759252106,-4.5844609492066395,177.7104680669089
808.0,1040.0,447.0,1228.0,961.0,613.0,-0.8295208743107025,-3.289554187418616,172.26684775837984
378.0,1754.0,259.0,1698.0,1496.0,243.0,2.9009858583298573,-8.851052390258738,175.62274666234907
1199.0,1801.0,482.0,834.0,1743.0,1663.0,0.5379951917215116,-7.197645785164598,185.62363449422142
1686.0,190.0,35.0,953.0,16.0,1324.0,-9.125551622753376,0.41397553161186795,167.23518445162784
1206.0,1441.0,164.0,1542.0,243.0,336.0,-3.5383260366787264,-6.077862525429473,171.17241829880473
287.0,413.0,649.0,1237.0,1475.0,867.0,1.4071389990445633,0.6919480618803586,171.44164887465502
1161.0,1048.0,1332.0,972.0,899.0,590.0,-0.06985135855867489,1.1244319147862385,177.00039110865094
956.0,407.0,39.0,1797.0,991.0,1566.0,-5.139740960980545,-1.487880347195205,175.58736284226026
482.0,1728.0,1401.0,486.0,20.0,1224.0,6.042796558964627,-0.46889511652612215,173.36256791039784
490.0,1276.0,475.0,1027.0,1413.0,481.0,2.1652181469516747,-4.877796668668022,172.50504618654728
315.0,1181.0,168.0,1241.0,1106.0,1148.0,2.0433081635158987,-5.236135405415774,172.4948681189166
615.0,576.0,999.0,404.0,691.0,308.0,1.023726391901097,1.6218404658586938,164.53997039984895
1089.0,1136.0,1708.0,1419.0,229.0,591.0,0.8314887037821405,3.108016697145265,177.80418749837713
1250.0,1204.0,608.0,1191.0,95.0,1581.0,-2.3651258528764725,-1.6777479302470764,176.5434953190861
571.0,1385.0,1520.0,1984.0,569.0,230.0,3.4739990539414576,0.37495503909432193,178.20772566042498
708.0,261.0,644.0,485.0,335.0,1692.0,-0.9135503425410416,3.103424142386111,167.2142558582116
458.0,1445.0,1743.0,1889.0,294.0,1976.0,6.280230856119194,3.100654278921162,186.01610977327027
1333.0,1874.0,1541.0,1999.0,1280.0,1028.0,1.4773273177527924,-2.034267728368333,192.733612875507
1024.0,1989.0,935.0,478.0,1285.0,395.0,2.8202493650246634,-5.894270092325348,177.29719405358765
1968.0,1172.0,389.0,434.0,739.0,228.0,-6.294622296332257,-4.080737462951918,171.1471722559752
1022.0,1040.0,1800.0,877.0,551.0,1984.0,2.782954622256441,5.215387821396119,183.36123117418268
1041.0,350.0,872.0,1014.0,1340.0,106.0,-2.747166895893131,1.4709153239189088,170.31889979752614
520.0,575.0,158.0,982.0,1545.0,1643.0,-0.32451969362422856,-2.162616502677932,173.98552097807075
1790.0,802.0,1912.0,1662.0,457.0,180.0,-3.8209405644500096,5.16416829190884,180.87874710459502
1275.0,761.0,331.0,1803.0,747.0,1171.0,-5.303939158292139,-1.8857263204495445,177.27440273961167
830.0,1980.0,1389.0,66.0,1425.0,758.0,5.852852412339786,-3.467960586288841,179.0291174037745
1577.0,1128.0,1884.0,1537.0,500.0,798.0,-1.3284302435046516,4.0679961720769695,184.23950185812743
1617.0,971.0,506.0,1227.0,613.0,971.0,-5.540010343428552,-2.0133803281180374,176.31975598132476
990.0,1291.0,1727.0,188.0,203.0,975.0,3.1882414751006096,2.708493240172241,173.65086337233004
113.0,1003.0,1232.0,1233.0,844.0,654.0,5.297597611692032,0.9746586061130313,172.0821256377766
1183.0,1708.0,1743.0,65.0,1593.0,1634.0,4.819005200687693,0.2167701320657034,186.7703225080022
673.0,1454.0,319.0,1448.0,678.0,1466.0,0.9018733189304602,-5.234555853725897,177.03878392506653
939.0,743.0,1388.0,1927.0,1289.0,665.0,-0.20305383381603204,2.8714082260400215,181.84139094728363
602.0,743.0,425.0,831.0,1839.0,1479.0,0.7423353200431585,-2.035732915884717,176.53811399239797
13.0,500.0,1359.0,1778.0,1509.0,1896.0,5.910003707938827,5.206663271275189,182.15952185547218
1793.0,1811.0,90.0,1886.0,1784.0,1975.0,-5.618814960575858,-9.757201059980266,193.6738853685734
1342.0,999.0,470.0,1522.0,497.0,1014.0,-4.355275885465612,-2.225976699439527,176.04981143077765
1674.0,1432.0,1862.0,1433.0,139.0,1041.0,-1.0239347994183416,2.942369763894498,185.0832213006635
627.0,533.0,1593.0,811.0,1259.0,61.0,2.278870031239146,4.056045584322798,171.0883030320591
390.0,24.0,1594.0,1636.0,805.0,1957.0,2.3660525061630437,9.560181463637093,178.60129851488273
678.0,653.0,493.0,910.0,1808.0,789.0,-0.2315995520690563,-1.7448349856393663,173.5037368964811
407.0,1140.0,78.0,1180.0,557.0,902.0,0.69497145110075,-4.974063815070977,167.88978019843597
1605.0,1652.0,582.0,0.0,1933.0,287.0,-1.5927802175901111,-6.6536690497437565,176.96826283833164
1248.0,341.0,1918.0,1139.0,613.0,906.0,-1.0717764408467967,8.096586929911073,177.4944101125806
1053.0,1605.0,704.0,1580.0,1381.0,1646.0,0.577205453302541,-4.728397655449607,187.06335536691768
598.0,278.0,34.0,631.0,799.0,32.0,-2.5997632765168337,-1.8222894825031752,158.18604134325304
1201.0,1196.0,1286.0,1491.0,689.0,910.0,-0.47815402234040916,0.656892320201692,180.97711388909866
1157.0,1615.0,1119.0,671.0,835.0,844.0,1.3624946336621266,-2.4227560192272684,178.20295157552601
1591.0,1179.0,424.0,686.0,36.0,99.0,-4.719497285782348,-3.3233327577685223,166.53882251724588
1308.0,1760.0,929.0,526.0,506.0,371.0,0.10517789157704285,-3.977255384422505,173.8097263340547
827.0,172.0,199.0,691.0,535.0,935.0,-3.5455199760526526,0.48876771249150097,163.2821900506363
1578.0,1813.0,442.0,513.0,1123.0,712.0,-2.1242635748733223,-7.067264309410607,177.63486497160415
67.0,855.0,1227.0,355.0,1665.0,1425.0,7.057609751552558,1.714547130618458,174.59723099419912
934.0,1994.0,122.0,1363.0,1992.0,1237.0,1.0445390991823336,-10.936825458152413,184.89292730108946
816.0,1301.0,72.0,1488.0,931.0,1486.0,-1.0835367421648043,-6.036678438456069,177.29153981296733
1433.0,1705.0,139.0,177.0,745.0,884.0,-2.1372266795188746,-7.294883147028574,171.9310230995554
1199.0,1110.0,409.0,75.0,166.0,236.0,-2.097362088958106,-3.014297241540489,162.42618991838955
1255.0,1826.0,1623.0,330.0,48.0,1668.0,3.1534085364188584,0.4664151215187945,180.76233270025077
916.0,1596.0,1967.0,1448.0,1157.0,1292.0,5.081695016486752,2.092974102700124,189.12490086649544
13.0,215.0,210.0,1176.0,1820.0,1999.0,2.051942596859175,0.13191676096216193,174.03588559922986
1937.0,1944.0,1547.0,727.0,1259.0,1972.0,-0.2642705093827744,-1.48257904667825,194.4526549552565
1679.0,1014.0,1727.0,313.0,94.0,453.0,-1.6413332399363192,3.5247264159791594,173.18901910967233
366.0,419.0,1452.0,677.0,781.0,1685.0,3.929481637138788,6.079292431161929,173.5030551634258
1222.0,1905.0,1183.0,204.0,1483.0,574.0,2.660591514885575,-4.327481705564105,179.77763646015111
1240.0,705.0,1228.0,1998.0,265.0,1937.0,-2.625996135929853,4.310264879616698,183.89426660670492
1576.0,1905.0,1530.0,1429.0,670.0,141.0,-0.2594720383076161,-2.298521422900871,183.40245481386884
1014.0,1868.0,1510.0,1502.0,659.0,1036.0,3.3220856513404784,-1.4991747156019386,185.12786611058442
1986.0,1718.0,1040.0,754.0,499.0,1022.0,-3.411437302743931,-2.838605492900362,182.1533423517601
1846.0,1496.0,1208.0,896.0,950.0,345.0,-3.0264027894846914,-1.9395060795288723,180.74988640690444
1130.0,1325.0,224.0,923.0,1558.0,760.0,-1.8633651123103723,-6.364631984858297,176.34761458243113
777.0,1904.0,164.0,402.0,527.0,380.0,1.4181242169717978,-8.13450345427172,167.0725554509358
340.0,701.0,404.0,1942.0,502.0,444.0,-0.27384507428722626,-1.5502915107457962,168.31873836984116
1232.0,463.0,665.0,1535.0,286.0,1955.0,-4.499818070763947,2.554097500097442,177.51069987242616
1472.0,10.0,1634.0,1843.0,1365.0,1161.0,-4.67228527615851,8.631218350787627,184.19674393068723
490.0,130.0,1902.0,1815.0,1167.0,1159.0,2.585106827192872,9.498922830660508,179.9400118907292
1285.0,64.0,1181.0,96.0,229.0,1679.0,-2.782127737841173,6.643494432308749,169.08238316389475
1526.0,1360.0,1821.0,1847.0,79.0,41.0,-1.478819548919033,2.1755909295854776,180.3634036648895
170.0,1188.0,1671.0,1335.0,145.0,356.0,5.790087746763637,2.4826919821991997,170.8855863896411
1117.0,690.0,605.0,702.0,1248.0,1414.0,-2.1571473767011735,-0.29160653061529196,175.80778529844855
1060.0,295.0,792.0,1207.0,266.0,1036.0,-3.5193900099888435,3.1428113754298144,169.91811125765327
1896.0,414.0,1174.0,9.0,1870.0,1176.0,-4.909577256435505,3.244108864520208,179.5378300987617
808.0,718.0,1210.0,217.0,782.0,725.0,1.4061716985523474,2.2763285376389173,168.99612179964612
100.0,1994.0,610.0,908.0,1788.0,912.0,7.689444293105025,-7.9955909317808365,177.97260857444797
505.0,1012.0,1378.0,645.0,1706.0,129.0,4.20914073205007,0.3984455625969514,173.62584946129294
282.0,1286.0,1388.0,394.0,1732.0,188.0,6.525183277655522,-0.8787973932618673,172.94094436736515
1951.0,1251.0,1744.0,685.0,1557.0,1010.0,-2.0765783659434316,2.0476460446078026,188.29776411718723
140.0,577.0,730.0,189.0,317.0,422.0,2.8627543707326817,0.7845280622044153,158.21844134452
174.0,1539.0,1195.0,126.0,1341.0,1677.0,8.444434171344803,-1.453568437753026,176.83895961692414
35.0,828.0,1069.0,1048.0,977.0,1926.0,6.034999491156517,2.131675107182796,176.17144697702656
1535.0,423.0,265.0,824.0,1314.0,1545.0,-6.599599383979805,-0.6234811466828919,176.28387895277146
1284.0,896.0,1693.0,1467.0,1937.0,1645.0,0.40298540146240774,4.2278312997572005,192.0082885293391
1201.0,9.0,1017.0,1794.0,1295.0,1626.0,-4.739115376691795,5.872122346099424,181.5913516541901
708.0,42.0,418.0,1699.0,186.0,1059.0,-3.8995634336803855,2.6798637501270743,167.08437397745595
304.0,1978.0,295.0,527.0,685.0,410.0,4.519495154815705,-8.121608624062516,167.20881984813087
172.0,329.0,1080.0,784.0,1048.0,1884.0,3.9397567326789784,4.69952946998407,173.15428269612806
1074.0,632.0,1342.0,811.0,206.0,1075.0,-0.660893689924714,4.203895942296811,172.44277882748742
292.0,1848.0,1245.0,728.0,88.0,88.0,5.852563076296275,-2.7113463030183924,167.90640564768938
202.0,944.0,1335.0,560.0,586.0,1438.0,5.829451691121136,2.6984726352047153,171.9309964484922
625.0,1038.0,359.0,915.0,13.0,1582.0,0.29850956188501643,-1.95697876119013,169.3469135964052
1310.0,1284.0,193.0,81.0,678.0,1357.0,-2.2219056417962357,-4.66339233628876,171.1557845736159
1430.0,803.0,13.0,511.0,123.0,886.0,-5.511940485897306,-3.003125582104915,165.22458783667275
74.0,314.0,1628.0,1930.0,7.0,1925.0,4.4840200214465735,8.648589069009049,175.80277964167612
747.0,536.0,1942.0,1698.0,587.0,1323.0,2.2023417696024965,8.00473231694971,180.93239085677354
140.0,824.0,1171.0,1838.0,284.0,726.0,3.6089487198785712,2.1399220070304765,171.6041220609742
406.0,100.0,1903.0,430.0,460.0,1211.0,3.722949477850742,9.335671574343985,168.73519687983259
455.0,713.0,1771.0,1241.0,917.0,402.0,3.8969415962822866,4.775431134946867,174.19592806424257
292.0,1290.0,1393.0,601.0,1366.0,746.0,6.516095535256479,-0.04042653381023076,175.15152880207359
330.0,1840.0,921.0,978.0,222.0,1669.0,6.066637623788282,-3.3303852221867065,176.50265673757227
1273.0,1347.0,148.0,599.0,1054.0,103.0,-2.8886988792470905,-6.516116841887307,169.0742926720017
1959.0,659.0,1907.0,676.0,760.0,137.0,-3.88690315712881,5.28165960018317,177.25604323344535
1583.0,1656.0,416.0,908.0,978.0,92.0,-3.406893073288074,-6.724562657400792,174.77328919198686
1932.0,1141.0,1351.0,774.0,1108.0,1180.0,-3.651682604397486,1.133846481694558,184.59849348088918
201.0,61.0,457.0,1346.0,632.0,255.0,-0.6049000403798388,1.5913861654010737,161.21278033289468
172.0,1007.0,1241.0,1417.0,1129.0,1429.0,5.72293134838138,1.517001638725384,178.86580846901998
1779.0,1875.0,987.0,1284.0,1674.0,923.0,-2.118828346489485,-5.3869357313290775,189.85336115199968
762.0,395.0,1974.0,785.0,414.0,1686.0,2.7233116693992185,9.065639841692345,176.58141495934743
782.0,1386.0,66.0,1785.0,849.0,1461.0,-0.9971347038565666,-6.535394028658589,178.46797721767825
637.0,603.0,1334.0,900.0,1093.0,1170.0,2.198601015800799,3.810778803634496,175.54018960787312
1120.0,851.0,1572.0,1720.0,1657.0,1740.0,0.5748724226923579,4.148863979281759,190.66150842350498
1007.0,1536.0,1363.0,1647.0,1897.0,1782.0,3.1163207608689225,-1.0906891911881573,193.6471843327119
1357.0,949.0,878.0,1785.0,1889.0,256.0,-3.4600312661187704,-1.8327389832763716,182.6148315343978
1543.0,1872.0,57.0,1263.0,504.0,291.0,-4.096068464905704,-8.893190228496112,174.0270174755471
681.0,227.0,1247.0,172.0,71.0,743.0,0.5351381975320781,5.2145361064474125,162.0588618883844
1533.0,1728.0,1076.0,1636.0,1961.0,847.0,-1.0660661002870948,-4.558714151967897,191.2372382987355
1183.0,677.0,1225.0,799.0,1240.0,1744.0,-0.7016066841906801,3.3487338274814213,181.40895332535322
1937.0,113.0,1129.0,374.0,1611.0,976.0,-6.725128236608333,4.563318210462114,177.35033862610305
934.0,1813.0,885.0,109.0,1855.0,835.0,3.6725004285234686,-5.55802494706772,178.9348864720081
1151.0,1505.0,203.0,1008.0,72.0,260.0,-2.451699910773881,-5.841162042374437,167.44768231467407
146.0,112.0,921.0,1791.0,632.0,355.0,0.8081457063908443,3.8083554113045,166.32026783306864
1019.0,1750.0,1921.0,889.0,1114.0,1971.0,5.703247016441953,1.677696449173304,190.56430177338942
1922.0,278.0,581.0,1082.0,1263.0,1304.0,-8.813878741124013,1.6229156283158233,178.81758429391522
1679.0,120.0,1995.0,267.0,686.0,1362.0,-2.7092580318261623,9.722727267487349,176.9900531368603
1230.0,1342.0,1960.0,54.0,1636.0,1978.0,4.3525999880426465,3.54810373348917,188.12704184241738
1963.0,775.0,568.0,1762.0,1629.0,1345.0,-8.53557734483628,-1.3994367508749332,187.19147963971025
746.0,1722.0,548.0,254.0,1750.0,1505.0,3.7505442923817975,-6.324747416678934,179.38931853295392
1903.0,1782.0,1746.0,1113.0,117.0,1430.0,-1.1499874128288068,0.9924961041437337,187.75516050694526
871.0,904.0,1492.0,521.0,1277.0,397.0,2.160223979912058,2.069647097767341,174.154447693514
478.0,104.0,1654.0,469.0,1302.0,920.0,2.9675324342422567,7.3736526695198314,171.10925984107917
1109.0,1233.0,744.0,936.0,1456.0,104.0,-0.847727022470864,-3.620981960982225,174.73090138618699
201.0,1104.0,1401.0,1416.0,264.0,1986.0,6.069587371647065,3.092412350422056,178.62963302583543
13.0,209.0,206.0,953.0,786.0,1543.0,1.3761739724136188,0.6613751089120609,165.14413106138267
963.0,1551.0,529.0,91.0,512.0,391.0,0.7749259105349267,-4.734868587788215,166.72055051319578
1962.0,1375.0,352.0,1376.0,114.0,1317.0,-7.031801226133892,-4.048717446593719,179.1780859893066
1369.0,1092.0,1209.0,1745.0,87.0,1312.0,-2.366147019697384,1.6900820134911771,181.1050095253502
1026.0,1073.0,638.0,195.0,1675.0,1593.0,0.4572598057463675,-2.3357209293762495,177.950988023391
74.0,707.0,1828.0,1440.0,1187.0,872.0,6.735375388988637,5.541795158651917,177.16704391087904
1512.0,1125.0,614.0,749.0,1733.0,774.0,-3.2944008938331004,-3.4842614740547204,179.4774345283983
1483.0,979.0,1832.0,1270.0,1003.0,255.0,-1.1040093910856172,3.55098002939065,181.15214340201413
1924.0,78.0,1606.0,530.0,219.0,292.0,-5.932468700208667,6.973877708467817,169.53122051564358
1324.0,1952.0,80.0,1280.0,1717.0,119.0,-2.177539542174479,-10.92486741381175,178.74498796158431
386.0,1089.0,1189.0,961.0,910.0,228.0,3.794918737230713,-0.12675445821343573,170.51746853362016
1113.0,1834.0,711.0,1499.0,1689.0,74.0,0.3101842402871678,-7.20444919723357,181.42696919561934
133.0,1983.0,784.0,1572.0,582.0,25.0,5.673053112343976,-6.292190415676192,171.8046401626215
796.0,1519.0,726.0,1461.0,518.0,1134.0,1.2696285622268881,-3.4984027007901206,177.70653827953248
893.0,1139.0,1052.0,1419.0,1722.0,735.0,1.0465165387575328,-1.344526641774531,181.92563705478315
194.0,663.0,1160.0,825.0,83.0,684.0,3.430131139092761,2.868479504832776,164.5225459630723
672.0,20.0,1801.0,1119.0,1766.0,1300.0,1.9089329365312293,9.163497726960708,180.0664735141623
1329.0,1445.0,1059.0,1533.0,1500.0,1510.0,-0.5177978247866554,-2.1133949269830787,189.25331555251935
1192.0,1030.0,585.0,214.0,489.0,1523.0,-1.3443676243960287,-1.242681518814796,171.9492511618534
1740.0,1205.0,1087.0,1282.0,654.0,1510.0,-3.7707035317743607,0.15200442386984359,184.54892222105985
1892.0,1926.0,391.0,1193.0,973.0,285.0,-4.736152831741755,-8.143502699902683,179.91781457826104
1808.0,107.0,610.0,1910.0,161.0,631.0,-9.869314661263328,2.9166345700965612,172.38405565365645
1116.0,1827.0,1023.0,533.0,2.0,533.0,1.3493724684439465,-3.1835487932757998,171.93277766541453
1883.0,1254.0,1730.0,911.0,1048.0,919.0,-2.2023283304639123,2.285440724578606,185.96282355179878
1696.0,595.0,861.0,582.0,1004.0,1293.0,-5.04704075236251,1.598736364998149,177.00399010359942
632.0,293.0,1800.0,1295.0,1023.0,962.0,2.1469738386079897,7.689444715052559,176.69747360680128
1378.0,944.0,571.0,1498.0,1461.0,1844.0,-3.8281159640805096,-1.7333200888551255,185.67566518952833
879.0,389.0,1048.0,1246.0,11.0,1998.0,-1.2003113208555738,5.153976545342973,174.56250642525987
1829.0,1843.0,119.0,818.0,1643.0,1061.0,-4.532419409625691,-9.470854763905377,183.21252441935536
9.0,1059.0,687.0,903.0,1755.0,705.0,5.49225195153693,-2.8601531817002908,172.22369858529692
515.0,1947.0,1370.0,1173.0,1982.0,192.0,6.71585119576329,-4.568191034796204,182.69295745118478
1163.0,1943.0,2.0,0.0,1688.0,559.0,0.09131840244204281,-10.402985106653516,173.02459110557476
928.0,90.0,1992.0,564.0,1588.0,982.0,1.4083496267790188,9.143403266966299,177.28211037291194
426.0,854.0,953.0,1566.0,854.0,791.0,2.063928928983318,0.4520701549387134,174.0900751081879
77.0,1118.0,1763.0,749.0,54.0,439.0,6.698916804629511,3.3012341912720817,167.37120468321618
1205.0,414.0,561.0,502.0,379.0,1756.0,-3.5386332373656404,1.9595290602180842,170.75663175636836
1996.0,1458.0,1839.0,1244.0,94.0,1410.0,-2.515192101899932,3.0811852576794045,187.4224432416569
404.0,211.0,1139.0,1468.0,479.0,1259.0,0.9861525168428272,5.454318235117602,171.44798111759442
1525.0,1113.0,1866.0,1985.0,1744.0,1292.0,-0.7128254367606605,3.831594116792896,195.13166117503238
1694.0,30.0,478.0,181.0,447.0,1518.0,-7.201761976392428,3.1186870048674145,168.09122936054382
292.0,201.0,1749.0,1688.0,247.0,1352.0,3.1317340931629367,8.929250245726529,174.06429010849223
604.0,1987.0,1620.0,1879.0,211.0,592.0,5.379486788785519,-1.4887242259048972,181.3909743686342
1405.0,1765.0,1692.0,1892.0,475.0,342.0,0.34011272256306047,-0.4833622133192994,185.05825629795544
1469.0,18.0,1172.0,1287.0,1364.0,1950.0,-5.164699317466972,6.866576358860841,183.14669861841372
1407.0,891.0,1929.0,1442.0,177.0,445.0,-1.149152517064337,5.237429130577741,178.3125010519725
1807.0,1711.0,1057.0,762.0,1396.0,1758.0,-1.7597142730648714,-3.1587383406892333,189.78569913137966
1039.0,430.0,567.0,1399.0,525.0,1213.0,-3.737488890450874,1.3153055231716484,172.629931993293
1275.0,625.0,319.0,640.0,347.0,1795.0,-4.204496120779135,-0.24243950692063643,171.70030171491925
819.0,599.0,118.0,1562.0,113.0,646.0,-3.817369721052647,-1.8755000126445067,165.7893056964305
952.0,874.0,1312.0,792.0,745.0,622.0,0.6774941615225935,2.014136235472325,173.3427372795119
544.0,1028.0,1329.0,1608.0,405.0,1798.0,3.3562303170294303,2.835859329918788,180.53822428692695
1663.0,502.0,1758.0,1402.0,640.0,392.0,-3.9362917265151935,5.945926761476765,178.5510376304369
1584.0,1238.0,14.0,1297.0,1106.0,600.0,-6.053696096660016,-6.643537905615639,175.73872619313778
1493.0,285.0,1191.0,1667.0,1705.0,1304.0,-4.9835423770127,4.64583768690552,185.27434932697236
1459.0,771.0,563.0,409.0,1552.0,735.0,-3.8067228097409016,-1.7678260838617152,174.24025274660886
1293.0,885.0,1894.0,309.0,446.0,51.0,0.4364225745202819,4.164427605982128,171.09697436109946
1052.0,1732.0,1476.0,635.0,261.0,177.0,2.4724402286611378,-1.240757414335476,173.50511390153238
1677.0,1417.0,1663.0,1661.0,712.0,770.0,-1.7585422017015977,1.3104245998872677,186.76997795066583
941.0,653.0,190.0,1060.0,440.0,1985.0,-2.9662376524326604,-1.0326739666158418,173.1263962072414
586.0,1573.0,1344.0,1934.0,147.0,153.0,3.067834868566519,-1.1085685285214035,175.50291948043883
1815.0,826.0,975.0,25.0,171.0,616.0,-4.3482509526956195,1.0652666364497039,168.75315031857767
324.0,727.0,1578.0,1457.0,1079.0,1645.0,5.055907978399149,5.091015176917745,180.927280802188
1846.0,1143.0,1172.0,469.0,1037.0,1542.0,-3.19917730587454,0.5987779569284203,183.16942628235577
1853.0,1159.0,1226.0,1781.0,1114.0,65.0,-5.084349681456608,-0.5959408858878492,182.99575150149138
310.0,471.0,798.0,923.0,916.0,1881.0,2.465572873004056,2.5857306280831587,173.29040966163856
1077.0,396.0,950.0,1830.0,983.0,361.0,-3.5815155702673707,2.2815614734836407,174.78307781133827
457.0,237.0,1440.0,1046.0,938.0,578.0,1.8833279762691109,5.633516258396647,170.07064852299624
1658.0,698.0,1720.0,1392.0,721.0,1584.0,-2.9723861584934523,6.143354671888412,185.91157179368574
1669.0,751.0,86.0,79.0,1726.0,1463.0,-5.857878451146105,-3.6502635321107686,175.52825508592835
1000.0,948.0,160.0,224.0,1992.0,996.0,-1.333862658143112,-4.927736085283682,173.29222377093762
1909.0,80.0,1774.0,198.0,1169.0,785.0,-4.666597744639507,7.829411581554482,176.0905194505564
499.0,1571.0,1698.0,423.0,1268.0,1474.0,7.674439673426266,0.8326615485032947,181.48993975647056
821.0,1772.0,211.0,792.0,1106.0,653.0,1.0627122240412188,-8.11464578265181,173.3071040760255
1963.0,1421.0,707.0,1220.0,1966.0,1158.0,-5.285846915960628,-4.600729069537651,189.327271049117
579.0,976.0,1806.0,1494.0,1265.0,214.0,3.969855836360233,3.2644806760260776,178.55257888509288
521.0,215.0,280.0,1506.0,637.0,156.0,-2.68633065646913,-0.11179073613023932,163.0526655190361
24.0,314.0,633.0,503.0,735.0,853.0,2.8073098631497704,1.6461703640881324,161.7602002230904
1171.0,1155.0,1413.0,561.0,381.0,893.0,0.699821129191174,1.6865424703924408,174.77541441662532
324.0,1392.0,1808.0,641.0,812.0,1627.0,8.082445938140319,2.8417049047340583,179.719717721605
578.0,1719.0,42.0,1752.0,1896.0,655.0,1.3969416434218593,-10.172558645868785,179.76896070482164
872.0,1255.0,1591.0,245.0,920.0,775.0,3.667514397849342,1.4785968095464368,175.1373992332984
287.0,1428.0,1678.0,187.0,1299.0,1701.0,8.817031593075322,1.6351416284121822,179.53574255841582
1472.0,721.0,870.0,1130.0,1871.0,903.0,-3.8911031039295647,-0.07224430134452764,181.90123148007947
1210.0,1624.0,678.0,1676.0,429.0,828.0,-1.4243106331216693,-4.4248596850631765,179.15535358851773
1364.0,989.0,517.0,862.0,1878.0,675.0,-3.2307289612141723,-3.5213329896006655,178.32406933905983
366.0,1652.0,1298.0,1618.0,500.0,815.0,5.477956465353857,-1.5068260936595574,178.09287773731185
252.0,1594.0,1792.0,1589.0,870.0,1640.0,8.570890893104796,1.7492890471099836,185.5847849983995
831.0,100.0,1068.0,1898.0,1263.0,1712.0,-2.0152521441967615,5.802470775667776,181.31908786531494
427.0,1945.0,1684.0,666.0,1738.0,1937.0,9.88676758962871,-1.2362896554215663,188.86686276731214
50.0,416.0,627.0,930.0,83.0,887.0,2.141840048491411,1.7266506668335222,161.4047464706713
1634.0,277.0,401.0,1686.0,1786.0,1225.0,-8.445373426011598,0.18308264617414427,181.8665961340812
468.0,90.0,1337.0,1178.0,636.0,1693.0,1.4605397494541437,7.430507827840862,173.5989049416832
1223.0,1504.0,667.0,1220.0,1648.0,569.0,-0.9390092242489441,-5.307820290515728,181.12332958569246
166.0,1378.0,1669.0,459.0,1248.0,865.0,8.36489268061975,1.0959303885040406,175.49898412531937
1393.0,138.0,1480.0,828.0,474.0,58.0,-3.6950152476286613,5.826647627532676,168.30138068866324
362.0,271.0,579.0,353.0,36.0,1963.0,1.0203029905352716,3.2223365316923127,164.27108112349015
1175.0,607.0,1205.0,965.0,1839.0,1983.0,-0.751583743930709,3.454415858408299,186.08260060887736
944.0,82.0,1228.0,192.0,734.0,78.0,-1.290546137244521,4.604145368988471,162.69099803593795
1783.0,97.0,1413.0,845.0,1108.0,228.0,-5.9247590380669815,5.5793055790691595,173.90705275863843
1240.0,1805.0,1974.0,460.0,1231.0,188.0,3.8344165811291187,-0.12581799705720298,181.53612095911157
832.0,538.0,593.0,1998.0,380.0,1251.0,-2.8317808578512875,1.0651543231508287,174.7951063016478
1669.0,1404.0,1122.0,1098.0,1699.0,1938.0,-1.8579624490216022,-1.351334605222366,192.0985332038148
555.0,352.0,634.0,657.0,599.0,805.0,-0.29883780384932845,1.5446170562043062,164.595963044699
1473.0,1829.0,1875.0,700.0,1169.0,777.0,2.4621090310058262,-0.12152123158544506,186.3818456550659
1976.0,1539.0,780.0,542.0,528.0,1784.0,-4.110984317624151,-2.6980351093443056,182.77010108609727
832.0,302.0,871.0,667.0,1999.0,1906.0,-0.23561317095012901,3.0480892429946067,179.89303870968726
1134.0,149.0,740.0,1167.0,598.0,1866.0,-4.10538711295767,4.229405010623653,175.00659689207518
1680.0,309.0,1704.0,928.0,944.0,1680.0,-3.654589544729254,7.924513015258822,183.03408059838526
679.0,244.0,1634.0,1448.0,607.0,1045.0,0.8863084456638446,7.467986015356171,174.92215465871485
661.0,119.0,785.0,501.0,1025.0,1881.0,-0.26991440623625185,4.216370899319101,171.56038358514027
926.0,1897.0,561.0,518.0,1830.0,699.0,2.5438987015020196,-7.785870071059875,178.84038944448687
1829.0,298.0,191.0,769.0,791.0,1934.0,-8.88631400052229,0.46489436635245657,175.59358349162378
726.0,1932.0,1691.0,15.0,1993.0,1169.0,8.008904207793933,-1.9638469447723264,184.45854966839877
1494.0,1083.0,1274.0,1657.0,783.0,811.0,-2.761733241500427,1.0076727490847246,182.6303013348169
1960.0,1482.0,1680.0,1703.0,407.0,1781.0,-2.953724492445155,2.2781325793639287,192.45185715126803
90.0,1615.0,1061.0,1619.0,889.0,504.0,6.351855173732863,-3.151634853728094,175.56749447199192
1663.0,773.0,1136.0,1437.0,469.0,673.0,-4.948389234769776,1.9814473675211763,177.6093756517101
887.0,1248.0,140.0,638.0,1777.0,1805.0,-0.015071013782297582,-5.9589965067601876,179.34985450136085
1771.0,552.0,1216.0,1498.0,1241.0,1396.0,-5.692260825597675,3.708742896458429,185.42198514596444
1398.0,129.0,260.0,1107.0,221.0,1843.0,-7.176404020959945,2.115452757934728,171.27733343816243
1551.0,790.0,803.0,432.0,696.0,634.0,-3.88765694164722,0.006124700808815012,171.26230305979826
502.0,392.0,1695.0,243.0,393.0,1867.0,3.9889749272136186,7.724265248019918,171.8438320958726
1202.0,1404.0,311.0,1450.0,1134.0,1289.0,-2.3576515489353453,-5.662249482149803,180.8933190362152
1377.0,583.0,1120.0,1327.0,482.0,1473.0,-3.484672004668736,3.650188986830062,178.7180225522945
459.0,781.0,359.0,1216.0,1146.0,477.0,0.22753025192338577,-2.722190363316972,168.87777920558904
1880.0,417.0,52.0,1229.0,1280.0,707.0,-9.952253309819842,-2.3775878314616508,174.20689836346244
1696.0,37.0,1537.0,491.0,352.0,304.0,-4.948828304912546,6.78864986021167,168.41353935453088
783.0,1271.0,1125.0,1268.0,584.0,1748.0,2.405842732062545,0.2746360610138101,180.96872377439473
251.0,1591.0,102.0,1611.0,1887.0,1244.0,3.7557487796433806,-8.809639411517175,180.10056072995937
167.0,800.0,102.0,1185.0,978.0,1645.0,1.86727300369538,-3.0998801981760056,171.12365614989506
940.0,1794.0,585.0,641.0,978.0,1223.0,1.922585208505348,-5.85734585930768,177.62640692134264
1820.0,854.0,1077.0,19.0,1895.0,1083.0,-3.4929349374739305,0.4079451470893616,180.7324712125547
1162.0,864.0,440.0,976.0,303.0,992.0,-3.2114522753810113,-1.4519679498987192,170.39560759152815
1798.0,1082.0,1316.0,620.0,1483.0,1069.0,-2.8665423487628923,0.828781989455638,184.00782299447908
153.0,896.0,1695.0,1260.0,759.0,1147.0,6.421883984896766,4.428553738110895,176.21659266317485
888.0,776.0,1700.0,1806.0,759.0,1010.0,1.1621745793729958,5.054798793294074,181.69286892982734
536.0,1729.0,334.0,124.0,1589.0,954.0,4.024084542531709,-7.495447650552587,172.78350942438314
800.0,1722.0,1409.0,571.0,1751.0,294.0,4.8529256744035205,-2.853332818336953,179.61228330586204
1861.0,1174.0,817.0,1031.0,1143.0,1688.0,-4.906706417007529,-1.4072050399112548,185.71687480731833
1461.0,1908.0,1379.0,1451.0,917.0,154.0,0.09828977883351908,-3.297137779751182,183.47108593077527
1776.0,1628.0,83.0,104.0,1097.0,1706.0,-4.013741656808218,-7.233101218376159,178.6283924824876
707.0,462.0,1464.0,581.0,1930.0,1348.0,2.658305179934006,4.794830609129929,179.3572134731201
1714.0,1105.0,1384.0,817.0,1736.0,1433.0,-2.1058788356041145,1.2205885294729546,188.26350890017537
1296.0,1486.0,1480.0,1161.0,101.0,1845.0,0.9088642405570447,1.52342733158169,183.9973005188354
1356.0,1674.0,1803.0,4.0,1908.0,1606.0,4.102987425328917,0.40363610893483526,188.97999784472796
1000.0,1751.0,153.0,28.0,1862.0,1732.0,1.5278408865044673,-8.465448044888857,179.26443675360665
42.0,1909.0,1489.0,105.0,1313.0,1483.0,10.930618317522415,-1.9553499878614313,178.0739412780193
1137.0,1007.0,873.0,1829.0,1381.0,1235.0,-1.7827046173783556,-0.8637593248545624,184.5272477780376
1803.0,756.0,1521.0,1646.0,927.0,1451.0,-4.574596570090948,4.558999593958685,187.65474624932742
207.0,1767.0,1220.0,327.0,1161.0,1430.0,8.478146969103676,-2.5137020908052734,177.14527685012226
236.0,1403.0,519.0,506.0,999.0,1795.0,5.228559402045084,-3.840500860571057,173.95190298480495
193.0,951.0,1767.0,335.0,1898.0,465.0,7.5714466208363485,2.7838096253171134,174.57844104921548
1367.0,1208.0,1574.0,366.0,1803.0,278.0,0.8306891088177272,0.44379514193489955,180.0184075779579
552.0,157.0,873.0,541.0,516.0,1149.0,0.09341996133420119,4.044892824267273,165.47283877896706
727.0,1889.0,1475.0,460.0,378.0,1911.0,6.215599561600444,-0.7028043829719953,181.07694099444623
1676.0,1292.0,901.0,1077.0,984.0,1410.0,-3.358285232291313,-1.6536452393006353,183.84857745267857
1934.0,1911.0,1080.0,628.0,1429.0,173.0,-2.2822811403176297,-5.159901352205705,182.76429872132493
414.0,1531.0,1562.0,318.0,1409.0,1141.0,7.5607958734977,-0.08357112675470726,178.61373918413955
1219.0,881.0,1681.0,802.0,1136.0,1555.0,0.9339953750535729,4.540760610690155,183.46268395916348
282.0,1127.0,1887.0,1160.0,356.0,1061.0,6.53108310200801,4.38971496568284,176.00009993356784
333.0,1630.0,1365.0,83.0,55.0,1692.0,7.190597132928847,0.2009649824875146,172.2962759881937
1196.0,830.0,1306.0,277.0,1149.0,552.0,-0.11750972713609131,1.7512232804073478,173.40290703344795
290.0,33.0,296.0,30.0,916.0,159.0,-0.1375577154248755,0.5236080138981425,154.88832435802107
1735.0,987.0,302.0,1203.0,350.0,722.0,-6.815991980650367,-3.0007457094909973,173.0646376930479
771.0,480.0,1340.0,1754.0,321.0,420.0,-0.6325623539152703,4.33196714303512,172.12632507669505
1525.0,1824.0,1016.0,214.0,912.0,861.0,0.11245440769966009,-3.9234070559508702,178.72262319518657
1762.0,592.0,1012.0,1425.0,215.0,1267.0,-6.291301839562624,3.055712633057354,178.12200635416585
1701.0,707.0,739.0,490.0,548.0,1756.0,-4.980676595186621,1.2384482438096873,176.51764110693406
1645.0,405.0,598.0,326.0,1490.0,238.0,-5.797874565028487,-0.1888870111011297,170.07247741639884
1355.0,1371.0,421.0,1841.0,427.0,433.0,-4.094769703062198,-4.73036073125646,175.9571904956025
973.0,355.0,111.0,1153.0,1513.0,115.0,-4.630665213370538,-2.46999252052484,167.61815387886782
102.0,124.0,1475.0,1906.0,1615.0,1628.0,4.252943905199575,7.63866399250027,181.03375275782673
1524.0,1266.0,491.0,598.0,680.0,1952.0,-3.0880538441126624,-2.845153669036473,179.50533274567061
1480.0,148.0,1576.0,1923.0,169.0,1876.0,-4.715893499922016,9.104350732499643,182.4585518432241
1182.0,1493.0,361.0,1534.0,348.0,1300.0,-2.2395741014800725,-4.9454788703520265,177.9443705429762
551.0,844.0,832.0,1565.0,1986.0,224.0,1.2786644686200423,-1.6328863287451356,176.9230823265702
524.0,1975.0,854.0,844.0,286.0,995.0,4.754600022340226,-4.778499898709873,174.04498121759627
140.0,1664.0,569.0,1128.0,969.0,1882.0,6.314936049325366,-5.018446002225654,178.47916974913153
1254.0,1410.0,617.0,1641.0,1425.0,13.0,-2.3618843969320884,-5.293741605773828,178.62610825271193
16.0,102.0,1316.0,1401.0,271.0,1710.0,3.7081729085995017,7.550876314957251,170.4780995233433
1304.0,127.0,633.0,50.0,270.0,1525.0,-4.199990972420087,3.524901691493648,165.98201054748125
481.0,1191.0,837.0,2.0,1376.0,477.0,3.8824944129524006,-2.487489553750324,168.39277631709265
1521.0,707.0,299.0,255.0,109.0,274.0,-5.270483113273988,-1.6589112690258925,162.17060355150574
61.0,1292.0,1471.0,1866.0,1729.0,1655.0,8.47184947304421,0.9494310050122045,187.37817245150637
65.0,1997.0,1645.0,1730.0,1638.0,1425.0,11.019878418393382,-2.139236582567779,189.31730842789437
1243.0,64.0,857.0,1043.0,349.0,1551.0,-4.6587045061343835,5.078023672400606,172.11086096645653
931.0,691.0,860.0,988.0,1891.0,251.0,-0.8324708200764465,-0.5982126832310616,174.93775991095427
1365.0,189.0,899.0,50.0,1853.0,1517.0,-3.2339513840352856,3.381812911772261,176.1617857593128
229.0,896.0,579.0,71.0,189.0,1480.0,3.5641364936475997,-0.34829395766979676,163.6762153006194
1249.0,689.0,1599.0,1536.0,1945.0,284.0,-1.0741204658585857,3.325986430554452,183.60797896047703
230.0,1604.0,1105.0,1445.0,1471.0,1923.0,7.485407930187782,-2.3722893248068666,185.8893664808168
799.0,1359.0,1020.0,1760.0,1234.0,1839.0,2.2835422630712703,-1.3492355185208176,187.34842319708972
991.0,18.0,1026.0,1467.0,616.0,52.0,-3.7848006422578147,4.368319250861636,167.32442575564914
873.0,817.0,1270.0,819.0,166.0,1116.0,0.7675270026987059,3.037734372743037,172.07694460524698
1488.0,1221.0,1702.0,405.0,1965.0,1987.0,1.4494543687325068,2.6377837632127066,191.19316976904028
1360.0,1262.0,253.0,1313.0,80.0,1438.0,-4.065177975271245,-3.85664510087899,175.27320574034826
1240.0,959.0,1875.0,1871.0,165.0,1451.0,-0.030919464489626236,5.908816960560135,184.82735922445607
1113.0,1627.0,779.0,241.0,1119.0,169.0,0.9012708773797964,-4.810300473599559,171.92525707662583
712.0,1305.0,1158.0,774.0,1038.0,554.0,2.964655326560795,-1.1539198777324944,174.56967865247205
291.0,57.0,291.0,1783.0,26.0,301.0,-2.318078530922996,1.3755992189191422,160.09549972019707
1611.0,122.0,363.0,590.0,1270.0,1002.0,-7.379202825213536,0.97172900045926,171.31767712799763
180.0,726.0,1317.0,1940.0,1331.0,584.0,4.141525199537571,2.468121981329603,177.25185193821133
1359.0,1746.0,300.0,115.0,1348.0,1907.0,-0.44781782260682856,-6.969174494418953,180.69093163620065
1011.0,177.0,1584.0,1822.0,1845.0,178.0,-1.631357492685236,5.967049867941148,179.92702550271164
1893.0,1548.0,339.0,559.0,885.0,338.0,-5.130920706642376,-6.207024936770663,174.37101969457603
1249.0,892.0,1723.0,1967.0,777.0,944.0,-0.7854688342460652,4.519922823139122,184.88104496028046
1450.0,1812.0,1832.0,1823.0,220.0,1318.0,1.1376468924751424,1.0824481279730003,189.61956678638578
1991.0,1249.0,980.0,1796.0,545.0,954.0,-6.288711642975349,-1.019485616561911,184.58866945752263
728.0,48.0,1641.0,1743.0,761.0,56.0,-0.7086695170726919,7.244888665563019,171.37769912603503
1442.0,679.0,831.0,911.0,376.0,1653.0,-3.9046427103096364,1.908796057295566,176.31193283672943
961.0,1966.0,1011.0,766.0,1146.0,1242.0,3.5557361902572646,-4.795895886261355,182.4537228837286
614.0,797.0,1698.0,1620.0,171.0,857.0,2.498218114875429,5.092800494389807,175.5339086307192
738.0,1656.0,1589.0,646.0,1079.0,163.0,4.845298148734664,-1.1383166985764,176.18084106625884
1557.0,1794.0,335.0,1462.0,1860.0,475.0,-3.30090328536513,-8.926026800076263,184.17151929512332
1052.0,1171.0,1010.0,1643.0,1609.0,1157.0,-0.02572412899751858,-1.2837611819496626,185.46992709812184
472.0,1898.0,1366.0,540.0,1465.0,591.0,7.13565568651013,-3.415106168823925,178.36249456274206
351.0,324.0,827.0,142.0,251.0,1402.0,1.9356323190014213,3.4143164796734222,162.91200869737077
548.0,949.0,950.0,356.0,1267.0,1790.0,3.6125725210315975,0.47185609600552103,176.1684560058196
1322.0,57.0,1677.0,1730.0,1466.0,1383.0,-3.198429216214765,8.81466279018501,185.0239796278753
1161.0,564.0,583.0,559.0,278.0,426.0,-3.337144732269327,0.2199050028869941,164.38474881097403
1556.0,668.0,731.0,263.0,650.0,1744.0,-3.962564380615484,1.2895286766026965,174.8582419594621
1845.0,63.0,675.0,398.0,1978.0,521.0,-7.699277449912756,1.780955357670232,173.92803422838867
1479.0,1739.0,457.0,592.0,753.0,1668.0,-1.5936625900858148,-5.68561983459708,180.3479614987362
1459.0,167.0,654.0,1561.0,1555.0,1850.0,-6.635359623746923,2.9918008819833233,183.18676118314823
231.0,1381.0,141.0,718.0,647.0,1060.0,3.1456153530035396,-5.720447103457923,167.35446263814555
1652.0,610.0,223.0,597.0,389.0,1381.0,-6.684284088402741,-1.0074481123272356,170.80222557432043
1962.0,1376.0,736.0,725.0,1674.0,962.0,-4.7932463883846355,-3.942991194345062,184.1991487038551
677.0,904.0,1837.0,1754.0,632.0,37.0,2.473952620756912,4.054046527482353,175.99968489710284
769.0,1681.0,1164.0,993.0,1980.0,1204.0,4.6853876699300425,-3.480077603117881,186.06615529616602
1553.0,659.0,1316.0,710.0,157.0,1029.0,-3.2363507376105343,3.9142537760733713,173.8669540954251
1950.0,1405.0,1424.0,1999.0,286.0,1807.0,-4.298683114878409,1.4565289512041106,191.66387582383098
1079.0,336.0,757.0,1930.0,318.0,342.0,-4.693824608641924,2.1084776625188955,170.39777892570967
484.0,617.0,1995.0,881.0,276.0,221.0,3.733961335648503,6.319970527448466,168.79919690259143
1432.0,888.0,1374.0,485.0,1335.0,443.0,-1.2782596057831483,1.5731900461978157,176.73623007116325
494.0,686.0,1847.0,1280.0,1928.0,668.0,4.749727685400668,5.032800642667118,181.39723452490222
1062.0,1590.0,878.0,443.0,107.0,1954.0,1.584852138611594,-1.872734475710072,177.06955018464024
925.0,1210.0,1518.0,923.0,1217.0,1842.0,3.3338183295202306,2.2039221716977084,185.3516020821728
1423.0,275.0,1682.0,517.0,1134.0,1141.0,-1.9296850422415273,7.052474717282974,177.59818349607514
1572.0,946.0,1817.0,1341.0,879.0,1276.0,-1.4177035623620216,4.890954413833766,186.32432024953056
47.0,815.0,1862.0,1374.0,124.0,1981.0,7.392123901153644,7.075542059355979,177.44871468982012
1492.0,1853.0,327.0,194.0,1236.0,511.0,-1.5139658311170514,-7.9295080248763306,174.61996403118255
1653.0,1673.0,1311.0,1488.0,395.0,36.0,-2.199572619441202,-2.0509426013776,179.77928074023913
1801.0,1010.0,1441.0,704.0,1509.0,1992.0,-2.511102615343089,2.7595935569059886,189.59354065023004
574.0,1746.0,1959.0,1834.0,460.0,929.0,6.394361814183128,1.510599121078199,184.50132660016692
1404.0,173.0,1257.0,917.0,1819.0,127.0,-3.9450543966219502,3.945522214730544,175.21673288292467
152.0,1565.0,1333.0,1516.0,324.0,1119.0,6.750765299646696,-0.46268143813508145,176.78000526584464
207.0,131.0,207.0,1856.0,1203.0,424.0,-1.3027415503876352,-0.2992891204666765,166.76235847143062
416.0,1040.0,379.0,270.0,368.0,784.0,1.8909990511954238,-2.6996225847934703,162.7606620398018
68.0,232.0,1086.0,62.0,358.0,1793.0,4.351159991091337,5.418813144422146,164.26777973559066
771.0,458.0,1939.0,492.0,1729.0,748.0,3.2647900721314103,6.610321256032352,177.39230771833607
53.0,994.0,1512.0,1734.0,930.0,365.0,5.912381911770769,2.12456975890384,174.63045609139942
253.0,34.0,27.0,1284.0,769.0,169.0,-2.0908017619990478,-0.570071076761385,159.0533807608798
291.0,39.0,1306.0,1710.0,22.0,1757.0,1.4433041398145896,8.120971500902673,172.0593038300095
354.0,379.0,1493.0,1522.0,1729.0,1677.0,3.944270601080321,6.181672828574267,182.7085786394197
544.0,1878.0,867.0,1297.0,1119.0,233.0,4.113070593436869,-5.815035309881191,176.3862807550649
1834.0,322.0,440.0,124.0,1579.0,616.0,-7.180898383345335,-0.2836138632783437,171.07412537165152
1337.0,1749.0,771.0,853.0,135.0,1302.0,-0.5727227770670898,-3.7315555085710903,177.6561532762694
1703.0,228.0,1865.0,1965.0,1535.0,1829.0,-4.602426117319555,9.570440876142753,192.62121293797566
129.0,324.0,222.0,1740.0,533.0,237.0,-0.5732432002349772,-0.7682245938927115,162.40226879446902
155.0,1581.0,233.0,1651.0,1915.0,1854.0,5.205365769077347,-7.760846921940778,183.77367378772718
59.0,865.0,886.0,717.0,242.0,446.0,3.9903094627370512,0.2799624422802058,162.51582600916166
1526.0,1930.0,1408.0,578.0,632.0,1314.0,1.2248407978106146,-1.9732009548251725,184.12967940787414
1946.0,131.0,675.0,95.0,491.0,221.0,-7.6829253028186475,2.186556999296754,164.00966779692752
1930.0,1138.0,1350.0,1251.0,929.0,238.0,-4.58161966376774,0.42441709691065493,181.18542034864606
45.0,1076.0,1032.0,1945.0,242.0,1576.0,5.082446695793906,0.9563310207806204,176.37037422262426
715.0,271.0,1564.0,1425.0,715.0,1010.0,0.6133667490896395,6.867455434630317,175.19543906498123
1777.0,1110.0,218.0,473.0,1639.0,422.0,-5.7657572991784525,-5.486841507773697,174.76102365803519
601.0,1324.0,483.0,657.0,1633.0,1482.0,2.773789614078453,-4.576376584658199,177.7658344767357
777.0,891.0,405.0,922.0,47.0,1499.0,-0.8882281507149055,-1.1016008730072568,169.41012115607828
1678.0,1959.0,780.0,499.0,908.0,1184.0,-1.2016426588369198,-5.599781642325516,182.02491122896197
465.0,1124.0,1054.0,925.0,1805.0,750.0,4.113344652037371,-1.3067324157628497,177.51646070122143
1879.0,1121.0,905.0,1560.0,1318.0,1342.0,-5.64056850031237,-1.145590754391379,187.81651887327064
1759.0,92.0,85.0,31.0,829.0,1211.0,-8.250693369260903,0.3075278672263921,166.30278303916876
56.0,729.0,733.0,996.0,102.0,1541.0,3.698017254373561,1.303901350741285,167.35590172229283
291.0,1636.0,820.0,1011.0,1987.0,449.0,5.819363569163162,-5.599886731759971,177.62467838744232
1223.0,893.0,1056.0,1458.0,1368.0,319.0,-2.101702682551533,-0.10268455300641421,178.58398347405134
413.0,20.0,1583.0,1534.0,379.0,1813.0,1.904121339347266,9.485404868712553,175.15407396485662
1607.0,93.0,1375.0,1261.0,680.0,494.0,-5.641341671502432,6.123164333967246,174.0848744324258
1865.0,1761.0,89.0,458.0,136.0,288.0,-5.115678241933975,-7.3527687596291,169.27901708771577
1325.0,576.0,1354.0,1446.0,345.0,1496.0,-2.681492775309553,5.032312698827418,179.6014394397216
1387.0,69.0,51.0,215.0,1447.0,547.0,-6.62581802385919,-0.8909073398642371,164.92606896977344
1270.0,1544.0,49.0,1070.0,1247.0,971.0,-2.7695089931334773,-7.929913140930146,177.4179711876668
458.0,896.0,130.0,601.0,703.0,1876.0,1.0349122061892633,-2.8783446987232906,170.01043834985373
1408.0,1377.0,1678.0,1500.0,1952.0,878.0,0.6629738034969818,0.6779095090214576,191.40331850785853
1629.0,859.0,1831.0,1335.0,1787.0,286.0,-2.007343270138896,3.699656173024185,185.78699400913996
1639.0,949.0,414.0,300.0,537.0,1320.0,-4.705074295515624,-1.8909001686898834,172.4934024963792
1493.0,917.0,704.0,298.0,434.0,1735.0,-3.0750892230900946,0.11020084368794036,174.73637770606123
935.0,1359.0,1051.0,947.0,1476.0,835.0,1.8201039694769447,-2.1586467712083808,180.06563033281896
439.0,1831.0,1028.0,1451.0,1809.0,25.0,5.326581963555933,-5.713914268270324,179.6311848691059
1921.0,1042.0,1784.0,487.0,1466.0,1879.0,-1.8863313875013277,4.299856013971169,190.17551031148
1780.0,1795.0,1522.0,104.0,1065.0,76.0,-0.1641377388605228,-2.139260758697846,178.71666073500333
1441.0,488.0,80.0,912.0,697.0,1321.0,-6.643449088372721,-1.5013457814345277,171.26880157523968
620.0,468.0,854.0,1219.0,1874.0,136.0,0.02309536762254355,0.4348987617168074,172.65629587706766
1815.0,1242.0,1253.0,432.0,1498.0,1904.0,-2.1679045035687534,0.4205027044955108,188.00811448610057
1045.0,1616.0,1561.0,1840.0,1588.0,1453.0,3.177284461957423,-0.4281640349827649,192.98072103170534
15.0,967.0,536.0,556.0,978.0,1731.0,5.196914247203347,-1.5439022232876627,170.53435875178872
589.0,1036.0,1128.0,411.0,1504.0,1224.0,3.8932244172219947,0.22019883344650912,176.33876887248175
735.0,1236.0,1995.0,16.0,1034.0,875.0,5.820872776347054,3.4805937540462777,176.16066516917334
1705.0,317.0,966.0,226.0,519.0,1703.0,-5.124031800040805,4.245663419311157,173.80223906966594
1860.0,330.0,904.0,319.0,1802.0,575.0,-6.256507909617729,1.7659255589977643,175.64390655712745
1903.0,610.0,758.0,1061.0,421.0,630.0,-7.340656967029965,0.9006084465086421,173.50598084408617
968.0,1079.0,76.0,636.0,1942.0,755.0,-1.5912899619314933,-6.231827388103482,173.93800969231734
756.0,1694.0,239.0,926.0,1298.0,1994.0,2.054224811532595,-7.228483140514999,181.38803296667905
1723.0,11.0,1661.0,1432.0,1189.0,698.0,-5.768559477120739,8.041430637571604,180.17784936749848
1695.0,672.0,98.0,1533.0,1911.0,1478.0,-8.277084105424061,-3.591536310349933,183.77861087832147
397.0,206.0,1037.0,897.0,1917.0,1510.0,2.2509254915613877,4.151263338543776,176.6853192374382
561.0,986.0,1691.0,468.0,1756.0,961.0,5.512815603277878,2.898363420911789,178.95347431998982
1726.0,247.0,1297.0,1476.0,1479.0,1410.0,-6.0182796860302945,5.643686783261999,185.11817845883988
1732.0,1479.0,164.0,1740.0,1039.0,1924.0,-6.072780660936833,-6.470908496856908,187.3445030897179
438.0,1874.0,396.0,962.0,342.0,1214.0,3.779509344684538,-6.510066116288816,172.68367875949025
1755.0,758.0,1036.0,1700.0,1683.0,1330.0,-5.685681619872515,1.2234906724956793,188.522896367475
1091.0,540.0,1795.0,1197.0,369.0,529.0,-0.3461706349340105,6.194474414999025,174.30051409358788
1873.0,1850.0,390.0,1099.0,273.0,120.0,-4.971660745000923,-6.921304735468914,174.5277814872836
315.0,639.0,254.0,808.0,783.0,924.0,0.7981584019718746,-1.7783564062376551,165.21484908988856
1024.0,1362.0,1218.0,497.0,1299.0,1816.0,2.703419087107936,-0.29339139414550347,183.21115675767368
1287.0,653.0,950.0,1543.0,695.0,429.0,-3.805555843022785,1.2424846235426603,174.60047828160586
36.0,314.0,872.0,1432.0,524.0,1516.0,2.9200165773307454,3.7883375828570203,170.1130699402598
895.0,1532.0,898.0,43.0,15.0,1417.0,2.414827999684773,-1.7041846550374498,170.70202559371964
557.0,1900.0,837.0,1107.0,1416.0,1677.0,5.504903964705409,-5.496466535841438,184.4175422022283
927.0,541.0,713.0,1843.0,417.0,143.0,-3.3088875631143035,0.6006009663804989,169.55963653356764
726.0,1132.0,465.0,689.0,1192.0,75.0,0.34370712464894254,-4.192474844638667,167.9870822506316
376.0,1158.0,1088.0,1638.0,1108.0,1205.0,4.103366107345915,-0.28659696711101396,179.87081266071937
569.0,438.0,412.0,1649.0,1804.0,1630.0,-0.8685554795722706,-0.3025025317128257,179.58900119980962
1770.0,4.0,1628.0,1720.0,958.0,1069.0,-6.514405704121817,8.627775370327862,182.33925577214296
544.0,1378.0,563.0,1164.0,1978.0,751.0,2.822477804137586,-5.424436516548169,178.7374913475334
286.0,604.0,1111.0,699.0,787.0,621.0,3.1941800928928594,2.301524794428349,167.1397557801558
259.0,1652.0,911.0,1275.0,840.0,1413.0,5.998608764403713,-3.3484870910960214,178.5632602815776
1905.0,488.0,1401.0,687.0,8.0,1189.0,-5.368376352350593,5.398920845015247,174.98948816093267
1895.0,1009.0,1305.0,1833.0,1567.0,436.0,-5.370827000539926,0.5589565094110254,187.3781601177649
158.0,1379.0,234.0,1559.0,173.0,1776.0,3.2973204741510367,-4.532954172974414,173.05773444422965
145.0,1341.0,1251.0,914.0,1080.0,1874.0,7.624458838910762,0.23254485785538914,179.81671536670905
117.0,1807.0,834.0,1711.0,772.0,329.0,5.7661845487914105,-5.269922718365292,174.41997419134643
1224.0,1795.0,819.0,1250.0,887.0,1279.0,0.3245849747750586,-4.711636458889997,183.36216904450177
282.0,606.0,1233.0,429.0,78.0,239.0,3.004507459899861,2.941217589951865,160.70627639015686
261.0,586.0,1505.0,663.0,1389.0,647.0,4.883421736730876,3.9191101798949233,171.87623394890952
928.0,1766.0,1433.0,992.0,428.0,1155.0,3.6386234727753015,-1.0015083860973506,180.54022926888715
1433.0,731.0,956.0,1325.0,512.0,1021.0,-4.004170505859399,1.5880458154499615,176.77635087267598
559.0,432.0,446.0,1176.0,1129.0,984.0,-0.8382182035881923,-0.05753741338967679,170.41328478201402
547.0,1651.0,1296.0,1851.0,1321.0,1298.0,5.293972506173893,-1.9628361375226129,186.98639975384737
1790.0,90.0,96.0,1882.0,841.0,1371.0,-11.271134907413655,0.505648351150229,176.71549665027982
1833.0,617.0,708.0,539.0,1286.0,1215.0,-6.1311256720737,0.39877804676798756,177.81448252002212
309.0,411.0,1719.0,599.0,102.0,1315.0,4.294201148071396,7.3483590327298405,168.59202778314003
1069.0,1052.0,1748.0,1077.0,438.0,353.0,1.1187157130473304,3.242463598759492,175.56427561390768
606.0,198.0,1046.0,1126.0,1824.0,1458.0,0.6326357334721724,4.30063102151857,178.23232073391364
1669.0,1671.0,430.0,74.0,299.0,743.0,-2.7923563418775466,-5.257172601355799,171.03114545302404
1415.0,129.0,650.0,1668.0,1249.0,182.0,-7.008641201343551,1.7002500092172546,173.03322247822484
1863.0,943.0,468.0,360.0,785.0,488.0,-5.99012315314287,-2.4960472157940186,171.11346447127568
258.0,1289.0,1633.0,1505.0,1943.0,1309.0,7.822729936159368,1.3392562113694653,186.7007605329954
1692.0,1425.0,763.0,473.0,1878.0,1575.0,-2.385048234341939,-3.7949649845666045,186.1890884338687
1073.0,1040.0,1168.0,831.0,1511.0,1573.0,0.9247172846932208,0.7373680087704066,183.1591556821282
560.0,602.0,1929.0,1667.0,1663.0,352.0,3.5981068421859925,5.798180867567498,180.71624728588375
951.0,1501.0,759.0,715.0,915.0,443.0,0.959606380675497,-4.000645116399739,173.20403651965043
531.0,1554.0,366.0,610.0,625.0,118.0,2.0421233679196518,-5.94174205926187,165.423075160118
385.0,761.0,639.0,917.0,1905.0,477.0,2.157965114741266,-1.9032596780602247,172.1836130986703
913.0,1199.0,1588.0,1681.0,359.0,1663.0,2.2308692543326547,3.2111920613288683,184.12767621323576
1707.0,476.0,881.0,1433.0,723.0,720.0,-6.7104671439771835,2.0352380595116264,176.42012708747848
891.0,583.0,1698.0,435.0,1269.0,1344.0,2.3632160113294267,5.7327577596665495,177.9179895995111
1669.0,73.0,1053.0,390.0,665.0,1276.0,-5.63308412580534,5.328564958984453,172.14480560172757
1435.0,1139.0,1368.0,1474.0,1040.0,1534.0,-1.317206351666663,1.670117090710484,187.2537668032922
1930.0,52.0,1255.0,435.0,656.0,1777.0,-6.588563122596331,7.034839281054188,177.0163388965842
514.0,1793.0,1042.0,1330.0,285.0,1171.0,4.607940855738727,-2.972551500329348,177.51534079480138
1568.0,396.0,874.0,623.0,1207.0,1261.0,-4.859152739687968,2.484170377834269,176.46977738850225
1724.0,580.0,478.0,456.0,1876.0,1138.0,-6.08588901781456,-1.188525987018328,178.06833578793288
1548.0,1614.0,940.0,1585.0,367.0,966.0,-2.5280664084101643,-2.8701132026298746,182.16513846247605
701.0,1454.0,1580.0,1941.0,279.0,1174.0,3.630655815160023,1.4505705630404795,182.70195726467114
1059.0,1535.0,1659.0,1234.0,1487.0,466.0,2.9195065246457896,-0.2764831319716511,184.3739265589734
955.0,1735.0,786.0,452.0,257.0,1419.0,2.1040483852915592,-3.5519381493987807,174.83168828345984
1499.0,215.0,1873.0,136.0,486.0,1233.0,-1.7466755787746708,8.534621244261713,173.67308187404245
738.0,1181.0,1507.0,21.0,760.0,1990.0,4.893691261780509,2.726331317736122,177.7770703811859
1655.0,250.0,1628.0,1485.0,516.0,892.0,-4.963344975762894,7.265279516479648,178.77824182077862
577.0,342.0,460.0,183.0,1338.0,1187.0,0.09717127624793576,0.4550185716198215,167.08463685987132
1310.0,1254.0,677.0,568.0,1412.0,826.0,-1.4291511363251554,-3.4218563438108194,177.156331671886
98.0,168.0,438.0,1916.0,1126.0,1918.0,0.9214444463544448,2.222802419322657,175.2203529821709
609.0,738.0,1149.0,1241.0,1653.0,1690.0,2.5719144906124995,2.2966399232897623,182.51829791563773
216.0,969.0,705.0,984.0,422.0,1607.0,3.6729015445983713,-0.2822649706974234,171.23466347664393
1299.0,477.0,1945.0,967.0,288.0,780.0,-0.9349236288485914,7.487089049876799,175.41832679683822
1820.0,1201.0,1634.0,1117.0,933.0,1044.0,-2.5041180200752575,2.3085874955839985,185.97601131152635
499.0,481.0,1356.0,1234.0,478.0,229.0,1.4096485171088422,3.9648951008122957,167.97957886593412
618.0,1577.0,198.0,1296.0,1236.0,1329.0,1.6352638937467883,-7.225020474676995,178.0399957179697
510.0,1616.0,1718.0,1767.0,755.0,4.0,5.172537867804372,-0.16527365653956821,178.70929986596715
694.0,126.0,451.0,1970.0,782.0,1159.0,-3.522523713454253,2.066256742301134,172.66243459612292
1937.0,1361.0,352.0,1030.0,1347.0,669.0,-6.350753507799989,-5.723946497452832,180.20851929668083
497.0,1131.0,1395.0,1801.0,681.0,427.0,3.181778754398529,1.1065140764845829,176.5483659507846
830.0,1775.0,795.0,325.0,1692.0,1286.0,3.9043791720577827,-5.407648932311474,180.36682318363157
768.0,509.0,1030.0,1107.0,406.0,1285.0,-0.26119776667556527,3.4015111533393623,172.298157649201
718.0,588.0,1336.0,1351.0,1027.0,1242.0,1.2536461102703977,4.114481955263431,178.2587200056747
1047.0,799.0,70.0,1338.0,387.0,1552.0,-4.020405057220191,-2.712025974336017,172.68047572280977
683.0,922.0,293.0,382.0,359.0,1145.0,-0.03433079882856788,-2.3005590798558404,165.50620826662444
878.0,940.0,1185.0,1317.0,6.0,575.0,-0.04036293914780731,1.6784812488789307,171.2733230326631
1245.0,377.0,492.0,1628.0,1460.0,718.0,-5.507210710512352,-0.05478331966019889,176.41755168729608
1305.0,410.0,1588.0,227.0,166.0,1509.0,-1.0548416970060635,6.811331083750094,172.58671777415503
64.0,1001.0,189.0,996.0,92.0,959.0,2.4668224564105365,-3.1350357991139663,162.94823694431503
1875.0,1527.0,1377.0,557.0,1977.0,681.0,-1.7126272610889939,-1.9259251727384212,187.22039511963519
530.0,750.0,306.0,99.0,1840.0,444.0,1.0614001878598402,-3.421239668482575,166.37264793315583
645.0,1169.0,1594.0,12.0,344.0,815.0,4.475774190696986,2.3650587149945554,169.49853180462102
762.0,1506.0,1110.0,929.0,295.0,1730.0,3.2775450189493114,-0.7240983711493248,178.61683039992107
1030.0,666.0,736.0,1756.0,495.0,213.0,-3.3155647930907266,0.0935552913509847,171.1854884467774
940.0,318.0,639.0,1978.0,1889.0,589.0,-3.675925768054241,0.5963310449692086,178.70970128543212
993.0,4.0,348.0,1140.0,20.0,198.0,-5.423666078539714,1.7489686590000737,159.7533802299525
1365.0,650.0,1599.0,379.0,1662.0,1077.0,-0.39653681848412003,4.322452609943246,180.65298929206793
1398.0,1396.0,380.0,1826.0,609.0,896.0,-4.14370708341802,-4.983181854040865,179.36360514365265
9.0,1344.0,827.0,312.0,20.0,1642.0,6.482424294124602,-1.02847502513966,167.16873128203312
1082.0,890.0,1761.0,1097.0,212.0,1884.0,1.3889780535877314,5.949492235121278,181.53860110145285
912.0,438.0,1480.0,578.0,556.0,1130.0,0.5379875668129872,5.5881929520979705,172.1407162506744
760.0,1078.0,845.0,577.0,238.0,1719.0,1.5652246527895186,0.1675948739580898,172.89507137621897
1698.0,801.0,157.0,697.0,895.0,1609.0,-6.63369966404768,-2.6589817109237996,175.9811698107325
1891.0,443.0,471.0,222.0,1630.0,1105.0,-7.184785605839431,-0.327060734860906,175.46234425570736
1723.0,1911.0,870.0,1884.0,709.0,1018.0,-3.062244237900727,-5.173609544673687,187.71703543313188
249.0,1221.0,1165.0,1616.0,1503.0,151.0,4.7945868625879235,-1.493519180668285,176.32879154423682
624.0,845.0,1943.0,1142.0,314.0,1374.0,4.152498977357217,6.454629824499677,177.9177895737988
591.0,1521.0,592.0,1651.0,262.0,1165.0,1.7719824517232823,-3.926433060856164,175.7394939165715
1460.0,701.0,413.0,1118.0,1730.0,202.0,-5.454221539216366,-2.8261935558245885,174.81634829647845
708.0,1686.0,1005.0,1535.0,814.0,588.0,2.8610647197527115,-3.6449871902146302,178.60536447337535
406.0,571.0,1123.0,641.0,740.0,1690.0,3.1846820064970656,3.6590153933382403,172.5693165797282
1889.0,167.0,162.0,1559.0,247.0,995.0,-10.905334729555697,0.6428357380967834,171.27103780398122
1670.0,1608.0,185.0,1875.0,1972.0,1323.0,-5.276398703407075,-8.612561180106532,190.11954015238692
1256.0,1187.0,1011.0,1287.0,1.0,1689.0,-1.3738725448823943,0.6118271327642995,179.1551332408818
223.0,221.0,953.0,1254.0,1027.0,1041.0,1.9425321305723788,3.7914592130772014,170.2877548287659
1466.0,1332.0,555.0,1194.0,290.0,1489.0,-3.370177320537211,-2.8652691895885334,178.5525485255738
1161.0,397.0,954.0,396.0,1814.0,995.0,-1.837487629507175,2.1273142675478756,175.45811254048922
2.0,1140.0,654.0,909.0,408.0,810.0,4.686564553524693,-1.99005219893184,166.12242064984792
480.0,771.0,1711.0,571.0,1056.0,711.0,4.618279894076215,4.286362958196983,173.1650157499037
1437.0,723.0,1856.0,958.0,958.0,587.0,-1.0323964247221438,5.261035452083239,179.52483239320753
852.0,835.0,729.0,912.0,863.0,93.0,-0.8335373112049648,-1.1939351651838082,168.10617791585983
909.0,1739.0,118.0,1352.0,1794.0,920.0,0.12553292712557731,-9.447010079873396,180.84527169401105
304.0,1987.0,1662.0,379.0,712.0,269.0,8.213073694681766,-1.8953135283991294,173.04196346933765
805.0,822.0,1128.0,137.0,116.0,1475.0,1.606400857162365,2.6590545359822646,169.06237860954894
1931.0,1429.0,85.0,327.0,755.0,896.0,-5.964663305897785,-6.297879011471425,173.5987758685795
146.0,1442.0,1367.0,1580.0,723.0,176.0,5.993182787671558,-0.8575961328029743,173.84171771604866
1246.0,118.0,1556.0,1017.0,737.0,1703.0,-2.2384618698798575,8.316916134543696,178.55271737172336
935.0,532.0,235.0,1076.0,943.0,547.0,-3.4986802986249783,-1.8264985587855864,167.96282558673119
1505.0,7.0,322.0,296.0,1650.0,1383.0,-6.721030665118827,1.3854314139981003,172.3956983768315
272.0,1050.0,503.0,71.0,1340.0,1398.0,4.260673476637383,-2.693428644692238,169.76584389996606
1158.0,721.0,80.0,1677.0,1351.0,1086.0,-5.172427681583502,-3.6805294786414313,177.17304949815548
290.0,144.0,723.0,465.0,1077.0,737.0,1.2652911351347476,2.522050399997902,163.70251560770114
1629.0,460.0,1147.0,1856.0,1453.0,1437.0,-5.707939308824128,3.7935503548549216,187.01307602807094
694.0,858.0,1458.0,52.0,1329.0,685.0,3.566522947581168,2.3163673373591207,172.0960869694172
1168.0,453.0,1336.0,544.0,1442.0,944.0,-0.9266375354649699,4.018681923865092,176.31200540107884
1211.0,701.0,670.0,827.0,1094.0,1404.0,-2.698794343076069,0.11714502948546743,176.47584110926442
1011.0,1928.0,1152.0,1565.0,818.0,1027.0,2.503895482716703,-3.8367819999714134,184.6371273346038
174.0,157.0,1408.0,555.0,1797.0,1603.0,4.9186373669076975,6.4827888899647785,175.05708212376368
901.0,626.0,960.0,159.0,1022.0,86.0,-0.16700538179905872,0.70245980127279,165.37216245530325
444.0,1103.0,1816.0,177.0,1766.0,659.0,6.875031029938317,2.5451025530660063,176.4830607029749
1512.0,1250.0,18.0,31.0,780.0,1731.0,-3.7487548350364346,-5.239315420116767,173.22079640217055
1588.0,1133.0,1018.0,1073.0,466.0,237.0,-3.5512198605746192,-0.7500877604498253,174.40684710595258
679.0,934.0,5.0,1158.0,1322.0,1180.0,-1.1744952202577317,-5.006488013737103,173.1366182768402
899.0,1170.0,37.0,1108.0,1191.0,1965.0,-1.3624832631294737,-5.442995660889924,178.74126175849955
228.0,372.0,1571.0,1920.0,1611.0,809.0,3.929798188981052,5.794688373552788,179.37716804110863
1816.0,1961.0,276.0,731.0,87.0,1376.0,-3.898117615959433,-7.0055121169129455,177.89577271705957
501.0,329.0,1706.0,1161.0,270.0,858.0,2.287858091645575,7.230611337911339,170.60302961015532
712.0,957.0,113.0,838.0,1159.0,820.0,-0.8702996701810232,-4.54357604541012,169.64663145843375
1525.0,1820.0,972.0,444.0,144.0,1452.0,-0.3522771565716985,-2.9150929027396417,178.76156246950046
1649.0,1542.0,1662.0,989.0,818.0,1894.0,0.0926091282431056,1.5933391381897695,190.1568595808941
930.0,1191.0,1751.0,1535.0,595.0,1369.0,2.683476227904888,3.608802068475675,183.96175734057334
1360.0,522.0,604.0,1840.0,310.0,432.0,-6.070033379773832,0.5148776051625228,171.9322626280057
1125.0,1790.0,1262.0,703.0,219.0,1400.0,2.3748871910909455,-1.5280330627547034,179.50822126816917
126.0,1719.0,698.0,81.0,740.0,712.0,6.492065419663394,-4.783915856283145,166.68233279787793
664.0,501.0,701.0,1239.0,207.0,401.0,-1.3111346345904862,1.126153712396007,165.1443659022578
105.0,721.0,1327.0,1695.0,1368.0,1648.0,5.679038839585971,3.6039736209043913,181.24657343425744
737.0,39.0,1478.0,1084.0,1123.0,848.0,0.02437296351123988,7.0656472526277625,173.1698595071565
840.0,483.0,1349.0,1998.0,1287.0,1363.0,-0.21029417830816227,4.849581774024966,183.6957184858369
1195.0,1903.0,782.0,899.0,474.0,1847.0,1.143517389594604,-4.527372116785501,182.53338594478677
112.0,193.0,1269.0,1575.0,773.0,254.0,2.4520618906301763,4.875243536195439,167.38415648413837
1133.0,1033.0,225.0,356.0,1162.0,1743.0,-1.8638274668116301,-3.638087103958911,175.07899901481008
163.0,1720.0,67.0,1578.0,1321.0,219.0,3.4546952991249213,-9.384902853918646,171.62785090584526
223.0,1615.0,1577.0,1075.0,1629.0,864.0,8.44424373466563,-0.8821550602621674,181.70348716119284
27.0,460.0,1638.0,165.0,1399.0,239.0,6.261661378577674,4.542353650296435,165.92614855315196
1366.0,1597.0,517.0,212.0,1499.0,648.0,-0.857802731331669,-6.044434164640856,175.9350294476707
1673.0,609.0,857.0,706.0,1330.0,1993.0,-4.82300445047744,1.9190128040069507,182.86987600235042
1970.0,1685.0,840.0,790.0,514.0,821.0,-4.0747438971354635,-3.809049654036545,180.03185388284905
1227.0,314.0,713.0,864.0,456.0,331.0,-4.3632354821311266,1.7659227220119995,166.04608468314794
98.0,1473.0,1575.0,331.0,1901.0,649.0,9.239495791537806,-0.6040142531016965,176.63817894253626
10.0,1154.0,1320.0,1246.0,252.0,1201.0,6.52566021884675,1.6751342264638573,172.51514843605608
1305.0,1419.0,729.0,544.0,281.0,1966.0,-0.7424890478790288,-1.9616483087048702,178.17447357751246
1815.0,532.0,1649.0,1095.0,1836.0,1905.0,-3.8549887455843312,6.277617357955803,191.35972806785983
1685.0,1491.0,10.0,527.0,1099.0,782.0,-4.855815721954858,-7.534239144189832,174.4650703281585
58.0,1279.0,128.0,496.0,1140.0,62.0,3.6180199926858423,-6.382881034656539,162.01944653096652
979.0,288.0,260.0,338.0,1068.0,1773.0,-3.055717527949389,0.48564222799211126,170.22534569130192
163.0,1183.0,1791.0,901.0,266.0,620.0,6.763180229116578,3.1943824997691106,171.1223863493886
925.0,308.0,1980.0,173.0,668.0,1863.0,2.3811258324157607,9.375269233138617,176.0192178514536
997.0,879.0,411.0,82.0,1105.0,624.0,-1.1244577283854553,-2.6542138504680297,167.10700437291763
1161.0,279.0,1395.0,333.0,1343.0,1142.0,-0.9400703204461294,5.423642668288577,175.0263917194094
526.0,1287.0,1376.0,1281.0,453.0,1524.0,4.481623376399102,1.4144665588538774,179.1720531885169
1551.0,408.0,626.0,237.0,1886.0,28.0,-5.035909729497797,-0.5987032374006936,170.25066904508415
826.0,1494.0,354.0,480.0,689.0,1818.0,1.3704400765932403,-4.769459182878232,175.08070963344983
578.0,1441.0,1222.0,107.0,1733.0,1633.0,6.140796899119778,-1.2267091176668985,180.42627176551832
818.0,447.0,1586.0,512.0,615.0,1427.0,1.6587711721224858,6.3584941883660075,173.67699504573426
1273.0,654.0,649.0,1126.0,491.0,583.0,-4.0938431144551775,0.0579915628010394,170.57617381962328
470.0,1500.0,1540.0,597.0,824.0,342.0,5.724679070170755,-0.24185690458372464,173.05702609516382
1714.0,448.0,1317.0,1133.0,1121.0,752.0,-5.070606050716182,4.075457736693769,179.28272983249047
194.0,564.0,1473.0,273.0,1346.0,1438.0,5.987998983556791,4.697905854978146,172.98916226048613
594.0,1802.0,1101.0,1805.0,657.0,1191.0,4.288148751567503,-3.202214581828708,182.77250373758417
1791.0,1092.0,1067.0,1022.0,1496.0,968.0,-4.061165252535603,-0.6024622930129556,184.32758915121136
1786.0,1374.0,1288.0,308.0,1058.0,1474.0,-1.6568566242319225,-0.06137851122740484,183.61333699967207
1170.0,1209.0,1666.0,930.0,1448.0,1254.0,2.0561978016855913,2.2252582270763264,185.61313022664092
766.0,1411.0,210.0,860.0,769.0,1189.0,0.3809478285274181,-5.6548030349303575,172.72050601713536
1742.0,1691.0,2.0,1989.0,946.0,100.0,-6.729138998865997,-9.282507120362556,178.67714306427408
365.0,1015.0,442.0,425.0,1570.0,330.0,2.5927749832516653,-3.9076340650600785,167.27133927526967
1706.0,1880.0,1414.0,92.0,1360.0,1402.0,0.9847950817308664,-2.3093706056063503,186.50330256484727
1239.0,1117.0,77.0,800.0,359.0,427.0,-3.8925588836300986,-4.810233206051927,166.54562546463904
1285.0,1199.0,1705.0,1883.0,1513.0,151.0,-0.07356535742651837,1.4304140337706703,185.89450126318027
917.0,331.0,202.0,1910.0,1106.0,576.0,-5.031773617568449,-1.148034966606592,171.88135360070413
1235.0,41.0,638.0,415.0,251.0,577.0,-4.749619853665626,3.033289978836156,162.1273135345465
1805.0,1474.0,1417.0,1654.0,1694.0,1200.0,-2.496455883874988,-0.7553259644081729,193.72217455958977
1955.0,1546.0,87.0,1247.0,643.0,589.0,-7.104738630930671,-7.210167397756352,176.78814565336472
403.0,1437.0,533.0,1939.0,1595.0,41.0,2.356642225370206,-6.102367720978653,176.4366031483067
1050.0,1284.0,1208.0,1676.0,1802.0,1054.0,0.9876628994574762,-1.0864280687290229,187.69270779977387
1846.0,1237.0,1381.0,711.0,2.0,1305.0,-3.040212149405099,1.8555687005990857,179.3883771058344
9.0,936.0,401.0,429.0,88.0,147.0,3.0591653709285187,-2.322483548177378,156.29509431855922
1338.0,304.0,65.0,764.0,1200.0,1586.0,-6.300716706008729,-0.9019912278056333,172.94389460914243
136.0,1572.0,420.0,715.0,1338.0,1253.0,5.707829358776558,-6.002076139556187,173.71642653830267
1479.0,1579.0,1612.0,773.0,489.0,591.0,0.4006280968613244,0.24860361487921068,179.69935572924447
800.0,1018.0,805.0,755.0,602.0,480.0,0.3921264868257087,-1.1236919675579786,169.03405389368035
1998.0,581.0,1230.0,521.0,239.0,1360.0,-5.799018610605278,4.132444649833929,176.3309223417815
255.0,292.0,1659.0,1812.0,574.0,1492.0,3.603420947033207,8.060064419051935,177.0151464404442
1203.0,1306.0,45.0,623.0,474.0,99.0,-3.134022641828798,-6.104095335667396,165.09903377688838
589.0,459.0,1605.0,1866.0,1826.0,225.0,1.8565376156321562,4.669827646594029,179.7521803455503
166.0,666.0,1848.0,1506.0,1093.0,560.0,5.729760967889388,5.557604599894888,175.82288231882075
255.0,807.0,279.0,1047.0,522.0,34.0,0.7682239152100327,-2.9156662720208897,161.14019062039722
494.0,987.0,216.0,877.0,1659.0,1305.0,1.2828296781021615,-4.404703312218507,174.49659032233802
37.0,1061.0,1445.0,185.0,1123.0,638.0,7.423527601103944,1.4003946495407655,168.86239852713854
1623.0,1553.0,1685.0,1565.0,1949.0,1115.0,-0.05957288336640719,-0.016695870124990297,195.0179109566095
379.0,1916.0,950.0,1949.0,920.0,1646.0,5.977758572404559,-4.641369127644174,185.79655477483024
1723.0,661.0,264.0,304.0,1595.0,1801.0,-6.215435656415835,-1.9031123005522281,178.5357335997681
1279.0,1188.0,910.0,1889.0,1606.0,1111.0,-2.012124148601238,-1.9754806084270857,187.1953331244147
1931.0,593.0,497.0,1840.0,1043.0,1883.0,-9.25191089895328,0.21914892042535522,185.80891927301556
1995.0,653.0,407.0,1675.0,2.0,1834.0,-9.557833720623766,0.3533675863950654,179.3818271047702
1347.0,1768.0,366.0,816.0,1924.0,979.0,-1.0439237626697395,-8.212751463587235,182.82950298476484
618.0,1704.0,1831.0,1056.0,1834.0,623.0,7.0858508150213115,-0.42049971938989816,185.32386977595354
1117.0,1030.0,1402.0,1135.0,161.0,1905.0,0.48126300376757686,3.4617810088406227,180.75327741035142
813.0,1839.0,1684.0,510.0,1471.0,1577.0,6.7606537371122855,-0.7141005820641156,186.52598747436213
1737.0,1487.0,1531.0,445.0,725.0,1444.0,-0.6495219381929369,0.8613149017453363,184.04653324170124
1955.0,1197.0,812.0,1841.0,1762.0,1590.0,-6.387964256510675,-2.3348973089697114,193.09515419003841
1989.0,297.0,1010.0,316.0,1751.0,1090.0,-6.735316625028041,3.0504628046799005,179.01944222039037
618.0,1638.0,1274.0,274.0,1248.0,788.0,5.4911339607868594,-2.1879064830653903,175.96693856982455
1724.0,172.0,1259.0,520.0,736.0,1270.0,-5.245906346647393,5.839686575488681,175.01213357793836
1402.0,593.0,1227.0,1582.0,1809.0,1997.0,-2.9200194006210096,3.7969513188692012,190.3761128016945
1190.0,849.0,1569.0,699.0,948.0,329.0,0.04279281762373642,2.901283939910653,174.79707753452956
1784.0,1087.0,819.0,1569.0,869.0,172.0,-5.841098911756282,-1.951669079953525,178.3115440084331
797.0,43.0,700.0,488.0,565.0,1948.0,-1.7002893159652508,4.5646042242513545,169.28665361258209
1478.0,714.0,1917.0,1184.0,1935.0,877.0,-0.773259519687215,5.480652127019254,187.70189387614107
1544.0,1325.0,105.0,1036.0,1257.0,1346.0,-4.73886122166018,-6.309596788427169,179.85273065789826
1252.0,321.0,1402.0,657.0,581.0,667.0,-2.1861475640422046,5.2362177439276865,171.03577654501495
219.0,910.0,1482.0,1027.0,1397.0,1320.0,6.287076615452846,2.9451868362982556,178.59071684093934
967.0,875.0,1788.0,633.0,812.0,225.0,1.865189644197879,3.7774964582452584,173.27737293872661
1799.0,1626.0,1101.0,298.0,100.0,57.0,-2.431381390790606,-2.3400708754101682,171.66558885588145
175.0,951.0,509.0,800.0,649.0,1660.0,3.6367728729745803,-1.3527982079517225,170.41000076658838
1041.0,1539.0,455.0,1364.0,463.0,1084.0,-0.8659355133047274,-4.916875351964844,176.57468548915696
1702.0,1300.0,1526.0,1360.0,1564.0,999.0,-1.8595807069396686,0.6990827965483869,189.63759720656105
1774.0,319.0,1129.0,1259.0,998.0,1105.0,-6.4730951454278065,4.277035561928998,179.7095620870164
1684.0,1702.0,282.0,359.0,1346.0,1375.0,-3.0291350540737305,-7.192886070361971,180.52393214777666
1994.0,1666.0,977.0,1318.0,258.0,1363.0,-4.448304590601678,-2.4958467785522287,184.97704846021665
218.0,416.0,494.0,1025.0,1127.0,266.0,1.0074797018910413,-0.38577477953462674,164.29774695823653
1690.0,1069.0,1165.0,1254.0,1721.0,1377.0,-3.297600080881891,0.21493114218765275,188.70194698506984
1736.0,592.0,1354.0,1940.0,1196.0,691.0,-5.689316074576183,3.5810472946696814,184.54115229247034
565.0,335.0,739.0,1470.0,1725.0,713.0,-0.4311416873538926,1.2471340595903837,174.62923413806547
279.0,477.0,1549.0,1860.0,691.0,1187.0,3.5134402881506746,6.088340270591221,176.94865079360363
1342.0,326.0,1257.0,578.0,900.0,464.0,-2.9339583531375215,4.06440411016074,171.00414014054402
655.0,567.0,592.0,1673.0,384.0,1319.0,-1.298360047543986,0.9641654098783384,172.7672626295709
408.0,643.0,974.0,133.0,1040.0,981.0,3.146151474452668,1.5510325408447916,167.50494962173158
1331.0,659.0,189.0,192.0,1964.0,1286.0,-3.9614354847783364,-3.043434270018843,174.85350174130247
213.0,1280.0,130.0,1736.0,1599.0,65.0,2.007278310377187,-7.3114670195882905,171.5933442272873
1736.0,393.0,531.0,833.0,1750.0,480.0,-7.1840582011584395,-0.43262510915198094,175.26764691484075
1389.0,1420.0,1407.0,1861.0,885.0,1376.0,-0.6015448299124173,0.3688231950831355,189.05855945071156
1189.0,375.0,959.0,1469.0,866.0,1270.0,-3.571090019675403,3.4200647186773416,177.53118500654176
1219.0,997.0,1966.0,864.0,1172.0,1341.0,1.9737220771622053,5.164744764522504,184.89489048748845
666.0,503.0,422.0,308.0,1208.0,1647.0,-0.049796317268615664,-0.02305584826750312,170.52622475210717
490.0,632.0,1167.0,1903.0,545.0,78.0,0.7021765179011785,2.2301321124048115,170.77959170960818
1119.0,1923.0,1591.0,946.0,1442.0,115.0,3.4646044430396454,-2.8237385229885614,182.72833215550153
337.0,1953.0,1996.0,815.0,1526.0,1193.0,10.386711459269623,-0.0743700115138635,185.84851227752603
1702.0,427.0,1509.0,1857.0,1447.0,1190.0,-5.192787068450929,5.6894447529813545,187.72134290925197
1364.0,149.0,305.0,1492.0,1567.0,1102.0,-7.228508572968908,0.42358860318825464,176.63051010350094
1769.0,840.0,451.0,1876.0,1781.0,545.0,-7.722528175197263,-3.1980986785790297,183.13648383795424
1606.0,1877.0,1677.0,583.0,260.0,815.0,0.8838480729790926,-0.4463960739830647,181.21493304599505
497.0,1342.0,389.0,251.0,970.0,151.0,2.288194524812892,-5.141436201339311,164.4049136587139
1975.0,1530.0,119.0,1899.0,1134.0,353.0,-8.029291689386575,-7.960609039022255,181.5209749870756
879.0,636.0,1064.0,1507.0,610.0,1315.0,-0.7358870866127964,2.85319515173362,176.9954843098073
236.0,1897.0,416.0,767.0,691.0,1833.0,5.969460086069279,-6.586809040743801,175.73763298317127
1066.0,616.0,1316.0,1728.0,1171.0,966.0,-1.294130451042216,3.5342359632238285,181.37648472588876
717.0,1605.0,1103.0,689.0,235.0,381.0,3.0005722265257235,-2.1858541537983243,170.3556909873764
8.0,1144.0,1617.0,1299.0,1679.0,7.0,7.5450121710977385,0.9019422289826626,175.3698165031695
739.0,543.0,85.0,1789.0,849.0,1502.0,-3.275939088341911,-1.8828329312968584,174.36487900099462
120.0,1563.0,7.0,869.0,1883.0,1313.0,4.85437570171631,-8.8218257080856,175.21573774378757
63.0,81.0,743.0,1028.0,802.0,887.0,1.8248308326969398,3.3852084404353815,164.5418168061051
617.0,776.0,1428.0,678.0,436.0,260.0,2.2539546057709203,2.8635485262592435,167.59541843974736
164.0,171.0,1339.0,359.0,503.0,1963.0,4.3180607131713336,7.152346254153224,168.81849096908715
308.0,1673.0,1986.0,1060.0,1744.0,1609.0,10.187984157402191,1.5809246541969457,188.7730832242651
219.0,453.0,1765.0,944.0,1556.0,1695.0,6.233505380391083,7.1840805694857846,179.81129156962447
1615.0,1975.0,1677.0,887.0,1709.0,591.0,1.5204081560666998,-2.526473896909459,189.608353132298
217.0,937.0,1189.0,597.0,694.0,1541.0,5.444633446755706,2.0228309212655216,172.54010349804966
157.0,1374.0,1346.0,1864.0,1701.0,1610.0,7.642752914484497,-0.23982417268211242,187.32899598974612
889.0,1147.0,989.0,542.0,1158.0,1567.0,1.911129930405023,-0.448279126558943,178.46829444767022
1295.0,515.0,102.0,1685.0,1998.0,626.0,-6.557958437122197,-3.4626234409441956,177.83462889536986
721.0,270.0,1475.0,1784.0,1777.0,1159.0,0.6424364523095878,6.120198126091899,182.93769752242838
1637.0,1216.0,163.0,849.0,849.0,233.0,-5.537551584940218,-5.574402883761591,171.20989641984977
420.0,656.0,922.0,877.0,131.0,1033.0,1.7475554136950282,2.087195476165907,166.8098789165553
1025.0,1983.0,1054.0,1784.0,531.0,1001.0,1.889679411146473,-4.372160944067897,183.97292444895095
1430.0,533.0,492.0,893.0,1972.0,320.0,-5.163169712991967,-1.682523751676983,174.9340807675885
592.0,93.0,733.0,1093.0,804.0,177.0,-1.6190133200395886,2.5272701929291266,163.97606993089724
36.0,1567.0,1367.0,464.0,514.0,502.0,7.72637818505828,-0.9404192682930586,168.64925286352278
174.0,761.0,430.0,761.0,946.0,1820.0,3.1816823418852396,-0.9467122609271542,171.19486064846296
621.0,169.0,334.0,156.0,321.0,505.0,-1.667152892696078,0.9120424854612255,156.85771587696118
1346.0,456.0,1081.0,1177.0,845.0,28.0,-3.9738774564097925,2.27904166918701,171.34574568692338
1495.0,617.0,1146.0,796.0,1265.0,375.0,-3.4615504208925953,1.8078090033990897,175.32222653275687
64.0,385.0,1890.0,1905.0,442.0,602.0,4.82412605216394,7.728763893654445,172.83933688715598
400.0,649.0,1062.0,207.0,908.0,286.0,2.8438828261466176,1.3607232484897158,164.07778747776223
793.0,674.0,1571.0,275.0,1648.0,962.0,2.9791542924717858,3.908584919514865,176.43972418586182
773.0,939.0,565.0,1424.0,923.0,536.0,-0.8392133160137409,-2.233013921554225,172.6149805057706
764.0,1056.0,1081.0,276.0,693.0,1184.0,2.3880071402123138,0.5600632623082298,172.06382802320752
689.0,1677.0,1542.0,1923.0,1164.0,310.0,4.284345302372279,-1.4607568109886258,183.58802515454943
373.0,89.0,1508.0,1011.0,1294.0,907.0,2.609298558782706,6.922646926067731,172.48974702009474
659.0,1677.0,1483.0,864.0,1012.0,436.0,5.049986210018603,-1.4627990178870465,177.52111887121308
1212.0,1736.0,1593.0,1353.0,879.0,50.0,1.6346568047288172,-1.4381326140323143,181.1932627961484
202.0,1188.0,489.0,914.0,457.0,785.0,3.257721224836199,-3.0927260105043475,166.7336830333839
739.0,321.0,703.0,511.0,1449.0,237.0,-0.9314269368255544,0.7740951550963533,166.4211164548388
1394.0,1416.0,631.0,140.0,1449.0,219.0,-1.315494598123968,-4.823204481871069,172.94032026198013
277.0,1275.0,1886.0,968.0,78.0,191.0,6.0422310502058005,2.9029467388257357,169.8789560331633
1282.0,1919.0,1898.0,1223.0,945.0,1209.0,3.5956051933136486,0.12746470518283598,189.7249891252538
1805.0,1576.0,1384.0,1189.0,241.0,1217.0,-2.343796338433973,-0.08443503827974164,184.2424703041118
1821.0,859.0,29.0,1543.0,1691.0,301.0,-8.822114707106973,-5.551002627917456,177.66660994375573
1905.0,1924.0,1837.0,380.0,1177.0,1553.0,0.8713073007321798,-0.10859007707920965,191.3108927625267
828.0,1206.0,131.0,1317.0,160.0,1093.0,-1.624616255605033,-4.493402207837207,170.31401877938794
1092.0,259.0,176.0,290.0,1285.0,827.0,-4.168708735760336,-0.8169211948501152,166.18413200831895
1467.0,1980.0,66.0,883.0,424.0,98.0,-3.009650826786959,-9.129887732669335,170.87273781079534
1405.0,483.0,558.0,848.0,1085.0,328.0,-5.120756006216466,-0.31156514654396894,170.1658654975462
1785.0,1297.0,1160.0,876.0,16.0,1916.0,-3.133887572958101,1.0039591361253029,182.29864881890333
503.0,1694.0,1704.0,473.0,1929.0,1906.0,8.961336495815761,0.03361803487977431,187.96919564204902
187.0,22.0,1700.0,1691.0,359.0,1247.0,3.079083907888594,9.404754505274742,172.3610694702044
203.0,1585.0,132.0,623.0,593.0,1249.0,4.029487518599266,-6.5579489503952235,168.32870614358183
1170.0,176.0,231.0,853.0,1935.0,1695.0,-5.118142296627569,0.08674463568274088,177.15880835242478
861.0,1249.0,1425.0,1848.0,1670.0,1520.0,2.8340837854877132,0.8569924629587033,190.25073689557817
832.0,1675.0,1725.0,1004.0,1217.0,25.0,4.483435659788114,-0.8209712520561742,179.3264171856909
1910.0,1140.0,1364.0,344.0,620.0,531.0,-3.306692185901748,0.9657503045524535,176.46142324824305
479.0,1426.0,75.0,1559.0,523.0,1026.0,0.7883707513372615,-6.43617236752886,172.05034509383051
1973.0,1325.0,1740.0,153.0,946.0,1979.0,-1.2444986385404389,3.0344670530068925,187.81241539893213
1555.0,648.0,409.0,1173.0,1292.0,1656.0,-6.059784312020961,-0.9589416278954327,180.5980471957187
47.0,1426.0,1373.0,1006.0,1658.0,865.0,8.391020585556099,-0.984760238294618,178.56320224552883
549.0,514.0,1030.0,1806.0,197.0,1978.0,0.6359358831639472,4.3396029659552156,177.21241598009408
993.0,790.0,911.0,124.0,511.0,182.0,-0.5082597977503029,0.24843734185732178,164.13500476092415
544.0,1693.0,31.0,1897.0,133.0,147.0,-0.030482062891979966,-8.020755629596518,168.5377551550157
338.0,1702.0,895.0,1493.0,246.0,1226.0,4.830912409236331,-3.207991683683261,176.27537348498464
409.0,1109.0,433.0,1276.0,30.0,1517.0,1.5839640923352105,-2.072372546335631,170.5810434518279
1530.0,1173.0,595.0,534.0,1884.0,1706.0,-2.712982519924706,-3.2676950046843496,184.21673833002
969.0,177.0,503.0,1985.0,1060.0,1861.0,-4.601525823623383,2.5382602432331565,179.7176658701806
80.0,1759.0,979.0,730.0,1130.0,1880.0,8.62395753946087,-3.4305871065686153,179.4260744826884
1170.0,585.0,1427.0,1220.0,1416.0,1737.0,-0.6632259363019531,4.873379936800936,184.91198194087812
1504.0,188.0,353.0,414.0,1047.0,1983.0,-6.253952639169375,1.6905817512101837,174.09886996869102
323.0,1547.0,548.0,1352.0,1934.0,1681.0,5.154913355671733,-5.820224036548277,183.86536310984468
718.0,231.0,1288.0,343.0,804.0,1919.0,1.2922547708237866,6.367591086981132,173.12984974122935
1654.0,377.0,373.0,596.0,1670.0,768.0,-6.8521030811130865,-0.8260112111233191,173.82388290981962
1409.0,358.0,990.0,556.0,1478.0,888.0,-3.640665891397373,2.6656086418584373,175.21865905584525
1176.0,1441.0,31.0,1485.0,1757.0,1798.0,-2.5519400642985546,-7.884179925115065,185.3977737342873
1126.0,1300.0,1001.0,1384.0,1109.0,1638.0,0.14154800843123985,-1.1374420582143105,185.03775253749333
1940.0,1700.0,154.0,176.0,1761.0,217.0,-4.798800235050027,-8.823428309214417,176.11959308541847
987.0,59.0,1484.0,62.0,1094.0,200.0,-0.5465082676452624,5.78675333438737,165.86176377134296
648.0,967.0,1406.0,127.0,1130.0,1410.0,4.275160922466513,2.436464506541752,175.2251190687212
191.0,1736.0,687.0,594.0,53.0,414.0,4.975819190274192,-4.4380891868316095,164.72437564976713
1560.0,707.0,211.0,1283.0,152.0,883.0,-6.991448086861535,-1.7666428621747006,170.4739597396628
1209.0,271.0,798.0,1125.0,1263.0,1108.0,-3.994225181107394,2.60625952707524,175.71689485475642
849.0,1946.0,1365.0,1679.0,1438.0,1097.0,4.604925513745813,-3.443103163334766,189.09797137672626
1799.0,1911.0,1775.0,1754.0,771.0,147.0,-1.0799406055512215,-1.234654795221689,188.0798127213766
615.0,482.0,1445.0,1055.0,1750.0,385.0,2.0751368342900247,3.7167069706011873,175.48630098652447
348.0,929.0,161.0,1704.0,433.0,866.0,0.06743472010423612,-3.511452760685232,168.84894077376796
1982.0,1407.0,1289.0,626.0,333.0,406.0,-3.6552736290685712,-0.48113835905931174,177.1431810970791
780.0,772.0,1039.0,1922.0,948.0,1218.0,-0.08698509781618113,1.6761345495073963,180.47455269702908
1631.0,1349.0,88.0,81.0,1038.0,1504.0,-4.001324391204193,-5.840257739047346,175.09769394429705
1984.0,1762.0,827.0,263.0,924.0,1551.0,-2.975950929332715,-4.114954497280484,183.60595515495402
1466.0,434.0,419.0,1113.0,173.0,1257.0,-6.3431931161478445,0.8940674358779673,170.8753994471295
487.0,348.0,522.0,1653.0,908.0,1325.0,-0.8733674187431462,1.2984915300825826,173.0658042719544
1784.0,1478.0,1741.0,522.0,1537.0,725.0,-0.3831642253850043,0.5947064593345981,186.20793274298228
1625.0,34.0,158.0,89.0,351.0,974.0,-7.5826704427455835,1.1310156545302816,162.34437708775587
461.0,1261.0,523.0,1595.0,153.0,310.0,0.9934514371390418,-3.415286493013382,168.11532425813002
661.0,84.0,1100.0,1457.0,1202.0,1723.0,-0.42824355140128073,5.999433974727013,177.99282009136152
278.0,1983.0,1505.0,730.0,998.0,469.0,8.196292040940497,-2.7866131451609553,176.39678463512297
1084.0,1622.0,965.0,1643.0,992.0,547.0,0.3385010541565263,-3.7641785626229165,181.3102517396183
1411.0,1001.0,1832.0,1196.0,203.0,226.0,-0.9825683553891702,3.9260393491893937,176.20703501856084
1218.0,1916.0,1156.0,295.0,1450.0,603.0,2.551278549105879,-4.4755781884755805,180.12627137841608
531.0,1645.0,1863.0,633.0,1811.0,1371.0,8.446123890258344,0.7583190029450155,186.19368960129873
221.0,888.0,1555.0,1768.0,192.0,1931.0,5.401280356006412,5.086110983554671,179.52296429599213
568.0,1432.0,663.0,1886.0,1221.0,757.0,2.0132156167854363,-4.495702064395871,179.57740353095696
597.0,69.0,657.0,3.0,1985.0,1278.0,0.2828701674558718,2.3969658557286664,169.60216298423305
1294.0,409.0,1998.0,379.0,604.0,1861.0,0.3551019585468766,9.085050522758317,179.33373081202095
1852.0,1221.0,478.0,385.0,1929.0,1733.0,-4.7064423791079735,-4.150892416170362,185.00784612501545
730.0,962.0,1359.0,1440.0,811.0,1832.0,2.5467649821965335,3.0439289918494703,182.7610311891625
414.0,1953.0,806.0,381.0,1720.0,1842.0,7.361581385589101,-5.982008042983257,182.26989290139318
58.0,1583.0,1155.0,200.0,1399.0,261.0,7.835992444400947,-3.047707318326515,169.63027144159173
1705.0,572.0,722.0,1550.0,1418.0,664.0,-6.924566589898574,0.11181980003083658,180.0016514948415
363.0,1400.0,1246.0,557.0,514.0,431.0,5.083385610609656,-0.7926134915797194,169.15729134904817
1456.0,94.0,1417.0,349.0,1261.0,232.0,-3.4335386091146605,5.367383434824017,170.59783724802205
748.0,1982.0,765.0,1821.0,1808.0,27.0,2.852924980287796,-7.955532420645241,182.5058814916952
687.0,744.0,541.0,1524.0,1143.0,1495.0,-0.4890221638617708,-0.7803560115204764,177.68466231369464
313.0,1111.0,951.0,1769.0,1499.0,989.0,3.9487600341700158,-1.322659542528811,180.1687816646884
177.0,1489.0,481.0,134.0,153.0,1350.0,5.017555469393747,-3.665057127931186,165.29764691559822
1050.0,1957.0,54.0,180.0,1577.0,599.0,0.6852067336165185,-10.146618849086341,173.3916696404763
1634.0,1239.0,232.0,1310.0,1221.0,527.0,-5.7174602474616965,-5.7329695195546515,177.48873070779257
1948.0,275.0,812.0,1804.0,1781.0,152.0,-9.380279470225679,1.3702525644637107,180.46970658352865
805.0,1545.0,1828.0,1966.0,1679.0,1337.0,5.238561132427291,1.2821129428123477,193.18249500362916
641.0,1911.0,1753.0,1090.0,1278.0,499.0,6.7094611072234125,-1.4912227840383305,182.7956693193625
1021.0,652.0,1132.0,1676.0,352.0,1999.0,-1.3121355574924891,4.036366378809815,181.15072754647684
1014.0,254.0,1193.0,355.0,1591.0,1482.0,-0.5225932622126093,4.77439875478047,176.27317209951576
169.0,1304.0,928.0,1928.0,1913.0,1569.0,6.066846508193899,-2.4602834843976282,186.15668102538012
696.0,361.0,1614.0,228.0,1222.0,1940.0,3.131511990736347,7.113821862183067,176.95071743819327
1117.0,1522.0,497.0,205.0,61.0,108.0,-0.6656263656395435,-4.426159120490907,164.0137226160402
1976.0,743.0,1297.0,284.0,925.0,1532.0,-4.544540101777285,3.3115098014539255,180.7148296096065
659.0,1065.0,509.0,1478.0,1390.0,1970.0,1.0329694984583992,-2.582277165720274,182.48928494335533
92.0,836.0,240.0,1738.0,468.0,852.0,1.5106692206944843,-2.6915737940274798,167.7522970341754
590.0,1296.0,788.0,1831.0,31.0,780.0,1.1316635938900315,-1.8614825689610108,173.37820118098688
387.0,298.0,2.0,295.0,225.0,1284.0,-0.8267954434179545,-0.46099686601764867,158.83846315273675
660.0,899.0,1126.0,246.0,441.0,893.0,2.344124108099422,1.4690848120337212,167.98451498145556
1639.0,1318.0,623.0,1310.0,953.0,235.0,-4.545465993525932,-4.068964431596538,177.1815709984756
1381.0,1193.0,202.0,1372.0,717.0,1695.0,-4.340150845640921,-4.36058008729343,179.68553416048331
33.0,126.0,868.0,1580.0,1066.0,1428.0,2.5306125271135844,4.304814441486372,172.2274415537794
676.0,707.0,1355.0,927.0,496.0,7.0,1.2087465005620315,2.5758316124284932,167.47277381634308
57.0,1662.0,396.0,393.0,123.0,441.0,4.944449083940767,-5.422024415792607,161.55595394140784
1702.0,1093.0,186.0,242.0,1002.0,735.0,-5.226891882432211,-4.58108153178866,171.35012042833569
463.0,2.0,1848.0,1226.0,1822.0,498.0,2.709074973450885,8.427794073105785,175.84217693915699
1264.0,1945.0,1397.0,1631.0,1176.0,71.0,1.3310807175398192,-3.747100589931039,184.53515336724053
11.0,1257.0,1156.0,246.0,1076.0,465.0,7.076790033807871,-1.02437997639438,167.45893292676146
196.0,274.0,1847.0,42.0,702.0,632.0,5.251090388968179,7.1949934957414,164.6190814871554
1873.0,1554.0,1552.0,1765.0,1825.0,1624.0,-2.140934137101925,-0.19122450331152524,198.64158426025375
1258.0,578.0,1266.0,1420.0,540.0,1476.0,-2.438900225699345,4.407422946280844,179.6296719170931
1220.0,1094.0,473.0,1740.0,421.0,1997.0,-3.262306027494108,-1.9412357513310416,181.75628435369333
1774.0,1608.0,1422.0,1624.0,74.0,1307.0,-2.4793525549620368,0.15504342519867087,186.26273624391715
1284.0,812.0,1314.0,1750.0,609.0,942.0,-2.320976841389137,2.8860495271601176,180.57678615024923
906.0,1287.0,1100.0,1524.0,489.0,415.0,0.528724195675248,-0.9865618111774205,175.52226200107413
1982.0,1995.0,535.0,1179.0,1127.0,775.0,-4.441396607860759,-7.731761190750451,184.8157197339107
1002.0,566.0,1707.0,89.0,1650.0,17.0,1.5007718467605502,3.9456922796483602,171.82996145852246
1974.0,76.0,1988.0,606.0,1774.0,893.0,-4.823743895266628,9.011083465920168,183.2099932607535
672.0,254.0,1679.0,777.0,1475.0,461.0,1.8936363752152254,6.203274018161782,173.2339820473618
1084.0,57.0,1497.0,48.0,1998.0,224.0,-0.6342657908167257,5.432663746333765,171.10815650427784
1259.0,472.0,756.0,10.0,367.0,371.0,-2.9537992817193417,1.2713438976933147,162.64998357512127
1513.0,1991.0,1729.0,1939.0,1172.0,1553.0,1.6208659061150301,-1.108399954608546,197.1045581836085
1169.0,1465.0,1076.0,1736.0,641.0,1833.0,0.11930673740694553,-1.039128031365385,186.88035295379638
1765.0,1434.0,241.0,1499.0,1073.0,489.0,-6.174221876812413,-6.574225411545126,179.1476160616844
1364.0,563.0,7.0,162.0,989.0,526.0,-5.251670633591171,-3.0318739598423257,164.43843258559482
255.0,451.0,1556.0,1003.0,664.0,1097.0,4.195690381595832,5.913362726594249,171.68736951563255
887.0,1847.0,1452.0,1159.0,1721.0,483.0,4.492258410036603,-3.147254570881932,184.82024394287765
1115.0,1127.0,1468.0,132.0,129.0,2.0,0.8447252541233727,1.3644461688285754,166.51111913212966
1917.0,1404.0,1203.0,1834.0,905.0,1513.0,-4.480518139677285,-0.5448327413407458,191.2262068074341
1309.0,1315.0,606.0,564.0,784.0,464.0,-1.8501657851495983,-3.655296315859144,171.95536344444992
1627.0,416.0,48.0,33.0,1613.0,482.0,-6.727345308445773,-2.783964761880064,167.45892014294637
1799.0,1776.0,671.0,1859.0,874.0,1309.0,-4.34688630880888,-5.522389879354731,188.55951507996184
704.0,580.0,1367.0,765.0,1503.0,1953.0,2.674508692288944,4.6541026236760334,181.33688409510927
266.0,68.0,1961.0,1789.0,1746.0,1158.0,4.414510296115266,9.905139292687508,181.53474491888164
35.0,569.0,435.0,725.0,679.0,1855.0,3.333347071889415,0.3603273731894594,168.11443448437333
395.0,1127.0,955.0,1036.0,199.0,129.0,2.555147079147189,-0.8592049917003195,165.7845852350655
1237.0,547.0,1272.0,1294.0,1193.0,758.0,-2.2733924683992957,3.33865882604147,178.46537857651992
1128.0,15.0,567.0,1477.0,1690.0,1751.0,-5.153361948792427,3.1415771591204598,180.07172897415285
245.0,511.0,1635.0,1817.0,323.0,1234.0,3.867022097611467,6.616473434254786,175.44291701028266
780.0,1904.0,435.0,500.0,311.0,718.0,2.113440063190331,-6.489886935588119,169.74911866562522
1728.0,1970.0,299.0,86.0,187.0,1484.0,-2.4657095366109907,-6.737453767486537,175.3968456129067
1875.0,1874.0,639.0,1083.0,1046.0,1670.0,-3.4898529678834653,-5.9678570080556375,188.05218348962867
123.0,948.0,1766.0,362.0,133.0,895.0,6.742518223855348,4.461953777154669,167.45643839779996
1015.0,192.0,1882.0,1685.0,1665.0,1607.0,0.09137847935100141,9.395614587515615,187.15600715742426
59.0,1529.0,218.0,54.0,1276.0,728.0,5.492185244360431,-6.782448865629323,165.51881721288294
943.0,1308.0,168.0,1319.0,1923.0,764.0,-1.2384307570958197,-7.121175506639846,178.91237491246503
119.0,44.0,247.0,251.0,356.0,1263.0,0.7220945079619875,1.7786261370360188,157.73602749664005
1568.0,1725.0,1119.0,1965.0,1115.0,916.0,-1.8806450761613633,-3.4171524834467455,189.3421608767202
102.0,1531.0,1249.0,288.0,983.0,1099.0,8.048360033601542,-1.2749808182092708,172.76382092233501
1310.0,1815.0,1231.0,117.0,560.0,1027.0,1.8600975277519094,-2.3413200321572174,177.2444024432707
472.0,655.0,1432.0,1377.0,618.0,1279.0,2.953303605545328,4.5891322546117035,175.97169726093102
975.0,368.0,63.0,1217.0,1025.0,953.0,-4.731079641478271,-1.6278651249531138,169.64193692859186
1106.0,1786.0,839.0,535.0,419.0,498.0,1.0304126457987435,-4.335590383885404,172.66629929095933
1219.0,1873.0,431.0,1527.0,670.0,456.0,-1.3787576261585304,-7.355830214956951,177.58833579024724
1899.0,440.0,109.0,127.0,889.0,378.0,-8.145939550192448,-1.986596075468039,165.439434527909
1273.0,1033.0,316.0,1596.0,112.0,536.0,-4.670862998679651,-3.1084897015932844,170.92606562776942
1931.0,1960.0,532.0,1587.0,1806.0,664.0,-4.587580291036054,-8.646874081348173,189.31370557100365
1810.0,979.0,1137.0,950.0,1439.0,1990.0,-3.943061890826321,1.3533467025690675,188.8040077032208
1816.0,1567.0,1196.0,340.0,1680.0,1091.0,-1.4841080356905785,-2.4201046485428557,185.65520644985918
1286.0,1869.0,1079.0,92.0,1324.0,45.0,1.6202368366934687,-4.815921799161248,175.2383885128273
1326.0,422.0,1804.0,1450.0,541.0,844.0,-2.016166498712857,7.20660532484714,178.68971141348763
99.0,1552.0,1007.0,1987.0,633.0,857.0,5.803928234979417,-2.6322738953498694,177.45130396186647
1195.0,392.0,349.0,179.0,188.0,285.0,-4.163692371258737,-0.10393653206107684,159.26820510703593
1851.0,1850.0,1581.0,1585.0,1578.0,156.0,-1.5467108118980555,-2.656177373384822,190.33786406556777
667.0,1394.0,958.0,586.0,1321.0,78.0,2.9362897213168377,-3.2013403769118436,171.72068522567514
986.0,1465.0,1202.0,1744.0,695.0,175.0,0.646894639520309,-1.7711513268512118,178.31158140902926
1177.0,102.0,971.0,1454.0,1136.0,1066.0,-4.246013805324579,4.497869923770282,176.31929482518672
1585.0,183.0,1110.0,108.0,227.0,1156.0,-4.44202638112103,5.144444950552124,168.2872991040207
935.0,694.0,859.0,132.0,996.0,1629.0,0.2989565800364823,1.391499941272653,173.04501525703768
931.0,154.0,254.0,656.0,966.0,521.0,-3.974325696330954,0.086089336692666,163.90047619347155
816.0,1200.0,326.0,742.0,1364.0,1309.0,0.29649871986862925,-4.582264815860629,175.62832067022748
1836.0,1183.0,1466.0,1493.0,443.0,5.0,-4.132792661334234,0.9632432256328898,179.05741554155725
826.0,378.0,1134.0,788.0,213.0,1953.0,-0.10517407564474063,5.372895205581987,173.1312822783831
1484.0,1308.0,150.0,1126.0,684.0,1661.0,-4.480629075793825,-5.142148270177772,178.87984692167709
67.0,1563.0,1710.0,9.0,301.0,1162.0,9.149216582415452,1.4506571935133292,170.3491369419578
1365.0,896.0,618.0,1075.0,1454.0,1827.0,-3.2388311215977366,-1.180183331855754,183.31230669281183
1136.0,356.0,1051.0,24.0,1624.0,1740.0,-0.8812006393952518,3.701813859866401,176.4987842763626
1900.0,1055.0,1839.0,161.0,950.0,1570.0,-1.474999532646066,4.461481643574214,184.46590889669335
25.0,423.0,1854.0,1183.0,193.0,1918.0,6.457418619689895,8.870236387523263,174.23856847921684
1258.0,1931.0,1860.0,934.0,210.0,238.0,2.6803587723017266,-0.3041882348972649,179.17278110706957
1332.0,904.0,229.0,1768.0,1653.0,315.0,-5.459834100990275,-4.745993683224076,177.72651126572447
1747.0,1343.0,284.0,1551.0,1994.0,794.0,-6.0057619686709405,-6.813017135450905,185.42202731239513
1642.0,328.0,530.0,157.0,257.0,468.0,-6.079310218461702,1.096166097116812,163.24846519381535
1703.0,1750.0,239.0,431.0,295.0,578.0,-3.7582139956535165,-6.698503897350543,171.4743051779387
1684.0,1236.0,57.0,560.0,206.0,913.0,-5.6354547413430645,-4.913308008067042,169.7342517716376
1919.0,157.0,736.0,1056.0,1272.0,1198.0,-8.657628534884019,2.9449367761358882,178.32306526001366
32.0,455.0,1788.0,1747.0,1109.0,520.0,5.5318745138878,6.354343002475209,174.8065307462062
667.0,327.0,1261.0,761.0,1309.0,81.0,0.6422891902528698,3.4275896796012417,168.66936055086833
519.0,1793.0,329.0,389.0,959.0,369.0,3.232480080579833,-7.424846407181345,168.1422074372636
668.0,566.0,757.0,1730.0,1714.0,456.0,-0.7044819011938804,-0.10590003299425643,176.39262276533336
1407.0,1384.0,1117.0,1173.0,701.0,1745.0,-0.8965631271521939,-0.46803784615993227,184.86305960738596
1101.0,791.0,1829.0,1278.0,223.0,328.0,0.11297965069806615,5.027014324843023,174.50931484672194
1756.0,951.0,1444.0,515.0,1981.0,185.0,-2.632294644447574,0.859557630819455,181.18812982908355
1781.0,1498.0,489.0,1137.0,117.0,311.0,-5.202645033876022,-4.542993574151808,173.2633238610243
1181.0,310.0,1031.0,682.0,1952.0,46.0,-2.6133086053592325,1.8981320131321675,172.74979642397992
294.0,338.0,1679.0,252.0,586.0,690.0,4.245046164408708,6.344765235299825,165.50245291178294
90.0,758.0,915.0,1786.0,558.0,170.0,2.796738962338882,0.4301187932231293,168.0007043357586
1011.0,248.0,636.0,340.0,1577.0,1196.0,-2.2763011690650448,1.6412374781181565,171.8030408438794
1766.0,972.0,1988.0,1447.0,806.0,925.0,-2.2909297896639362,5.307057364605459,186.65664801151297
266.0,1172.0,762.0,9.0,935.0,1009.0,4.8673447599248565,-1.8961238838997032,167.28353257894588
712.0,1832.0,1415.0,136.0,235.0,263.0,4.777429305779428,-1.8214803387671084,169.57492647060278
1488.0,893.0,841.0,1783.0,378.0,1472.0,-4.6442036586533515,0.7033880677585167,181.2644597011723
630.0,543.0,110.0,906.0,352.0,1446.0,-1.7583810618041595,-1.1862487245406466,166.55272564621154
670.0,578.0,1863.0,190.0,1180.0,1542.0,4.407902486704138,6.794207415441738,176.7388888855347
458.0,952.0,208.0,1052.0,328.0,1394.0,0.5094307908414349,-2.778733917229714,168.62727825250897
1958.0,1350.0,1219.0,1798.0,497.0,1303.0,-4.996241255715361,0.03389962610897046,187.82016245260442
516.0,201.0,558.0,1698.0,1532.0,1356.0,-1.1308795728280854,1.8095668444022346,176.25777660880524
705.0,871.0,368.0,10.0,18.0,1647.0,0.3802038475697654,-0.9213037813412672,164.62526885980756
1735.0,287.0,750.0,462.0,495.0,1637.0,-6.335305504610172,3.312830214774458,173.41868903959067
1938.0,785.0,759.0,960.0,835.0,72.0,-6.926925650224261,-0.8056041979229707,173.35018151807097
1982.0,872.0,1635.0,895.0,1511.0,552.0,-4.115893359785515,3.0039599710623808,184.32296778020952
1894.0,608.0,78.0,1947.0,1673.0,248.0,-10.470041552197692,-4.067562462146278,178.62328320375823
518.0,804.0,499.0,509.0,309.0,1613.0,1.2246312851585894,-0.337638178239168,167.92216721926388
259.0,697.0,674.0,1201.0,167.0,826.0,1.6659097647737136,0.4770921676740278,165.72005914363803
399.0,598.0,747.0,1777.0,715.0,329.0,0.29533547280271444,0.4049333438934267,169.54117435183804
1056.0,609.0,158.0,14.0,1448.0,658.0,-2.683173990310787,-2.8850741995002487,166.2482451885745
1373.0,628.0,448.0,1103.0,775.0,377.0,-5.238199624292628,-1.2322270439256842,170.1374460847701
60.0,846.0,931.0,1467.0,1424.0,99.0,4.123590391007912,-0.7508441269372337,170.80166568036265
777.0,1211.0,79.0,1684.0,1961.0,1091.0,-1.00727035329403,-7.047296276334487,180.89273718572292
1478.0,716.0,376.0,1593.0,1182.0,1019.0,-6.195621865717223,-1.9424869754582117,178.6640793363163
1709.0,148.0,438.0,1661.0,1646.0,419.0,-9.23609761895675,0.4283267364722333,176.64149192628412
503.0,275.0,1409.0,912.0,1186.0,900.0,2.119854668926183,5.493156504425137,172.60731930472426
860.0,1374.0,708.0,636.0,167.0,1079.0,0.9841480094161796,-2.3636298963066174,170.8719802668436
862.0,54.0,252.0,272.0,524.0,27.0,-3.666768215197762,0.4430797767352558,156.20212919224815
535.0,422.0,1862.0,540.0,84.0,1425.0,3.583105879750026,8.104236435439491,170.68619921759745
1275.0,418.0,1255.0,1582.0,1888.0,1434.0,-2.749346804213279,4.273556133978172,186.44294440347056
922.0,725.0,175.0,1184.0,94.0,1827.0,-3.0108661393519025,-1.2620096893532422,171.34195732315092
610.0,1651.0,1024.0,263.0,1468.0,1470.0,5.545104567797202,-3.2093540183599676,179.26277213088864
61.0,1928.0,977.0,191.0,1789.0,666.0,9.019093090530108,-5.707825915548167,174.34009294105851
1292.0,205.0,554.0,744.0,1160.0,22.0,-5.192704454837658,0.6511610041402723,166.37176980731064
494.0,993.0,1306.0,503.0,889.0,298.0,3.665291296395485,0.9484211113813839,169.07538293131708
468.0,248.0,184.0,1169.0,197.0,1791.0,-1.6696894697333151,1.0937792040813583,166.89075207132586
620.0,137.0,978.0,1841.0,809.0,963.0,-1.3632592453099694,4.543858681929805,173.49418191441794
1425.0,112.0,925.0,537.0,823.0,1031.0,-4.728995139175577,4.171989023748279,170.85584416321456
55.0,1981.0,1020.0,1282.0,974.0,278.0,7.548525427473541,-5.357731486702696,174.40477335751504
1708.0,987.0,349.0,181.0,443.0,1480.0,-4.990792822865438,-2.1532472098034092,172.40106273914037
698.0,235.0,456.0,1935.0,1427.0,376.0,-3.2114191977236386,0.22857342345963705,172.38857725537082
1099.0,947.0,1258.0,81.0,1054.0,1495.0,1.2498298966263206,1.9409186939045742,176.5905283717401
1281.0,1929.0,1440.0,964.0,590.0,759.0,1.9794102992878904,-2.2401549255429676,181.92471903506163
163.0,456.0,176.0,1856.0,1359.0,319.0,-0.12493961076196258,-2.389421323223215,168.28984501707458
551.0,1391.0,1222.0,1050.0,438.0,808.0,3.819484342396547,-0.4944208244626676,174.122800881813
208.0,1087.0,1212.0,416.0,992.0,121.0,5.222967559289284,-0.19474631769198741,166.68393679888322
1077.0,982.0,463.0,453.0,862.0,804.0,-1.587596458944615,-2.562511497626372,169.92531296311665
1546.0,1232.0,1221.0,815.0,1567.0,1037.0,-1.4128614943083078,-0.5310197001435005,184.30316098916867
1087.0,722.0,1582.0,1363.0,899.0,1550.0,0.2542639701754582,5.134455158492809,183.07540537432328
1417.0,1246.0,1616.0,1722.0,1241.0,1694.0,-0.17350153985885203,2.4508360361223347,192.13484680178206
1823.0,624.0,1277.0,822.0,797.0,343.0,-5.083705280096088,2.720196011142857,175.18952206779886
209.0,356.0,1280.0,240.0,728.0,1922.0,4.655094032866522,5.713638208011707,170.12298368163226
1716.0,766.0,1756.0,226.0,801.0,685.0,-1.9468825625713004,4.5709446132513385,176.59713380187742
1839.0,1862.0,398.0,1729.0,1562.0,49.0,-5.158279758571497,-8.873370818827855,183.83114563855312
905.0,1107.0,1865.0,1938.0,1867.0,918.0,3.155220160192461,3.352957598935988,190.3072117594163
475.0,302.0,654.0,658.0,1313.0,604.0,0.3274421690937496,1.1131264713248574,166.67851526336239
759.0,1863.0,65.0,177.0,134.0,1977.0,2.0541948009405977,-7.110098214803136,171.32445878484975
1300.0,1706.0,1672.0,510.0,1571.0,283.0,2.631873142037288,-1.3162995991761965,182.3009135225877
58.0,1703.0,1563.0,1513.0,20.0,1896.0,8.834589593515522,0.9457674270615839,180.41359390819377
1077.0,1782.0,923.0,1759.0,549.0,1478.0,0.9136141699414589,-3.7129893757859938,184.99735356284012
1836.0,1293.0,1413.0,832.0,499.0,812.0,-2.883955247116253,0.8613294735915044,180.4872792661789
1460.0,93.0,131.0,655.0,1464.0,741.0,-7.361210016966656,-0.45531518810775873,169.17766014722255
267.0,1136.0,711.0,154.0,1638.0,1833.0,5.596597104070199,-2.052023389128021,175.40770234940462
1919.0,1442.0,618.0,742.0,1975.0,1997.0,-4.398864069720981,-4.540280841893666,190.68344459964186
468.0,1311.0,1965.0,922.0,1625.0,962.0,7.410003781715872,2.8086047464545256,183.14439555753185
1424.0,399.0,1831.0,376.0,1648.0,1105.0,-0.7883333622617572,6.819046404006845,180.77115359044882
602.0,58.0,1775.0,64.0,1763.0,771.0,3.0352870610451976,7.612891322741535,171.59139204200497
625.0,526.0,1344.0,421.0,149.0,0.0,1.2222371166248445,3.4777439400383026,161.7514345202157
844.0,1204.0,128.0,266.0,658.0,1703.0,-0.07955236019724388,-4.416172999759734,170.66989418548258
863.0,1442.0,393.0,545.0,407.0,555.0,0.2275688386084828,-4.763241474669627,167.59715838299292
1331.0,1728.0,723.0,26.0,902.0,741.0,0.24725775911501424,-4.877402736492611,174.01374790442574
204.0,1579.0,253.0,1781.0,492.0,706.0,2.9403957754331596,-6.5161769739805315,171.6084844517435
1486.0,1728.0,427.0,122.0,1180.0,760.0,-1.3941312715883234,-6.633541930494145,175.1927084461825
1599.0,605.0,1199.0,851.0,1078.0,952.0,-3.8876611467269617,2.881595549072058,178.34414228260766
519.0,533.0,276.0,1706.0,1542.0,1652.0,-0.8524857388038403,-1.3397213261068224,178.1655875791237
725.0,51.0,1223.0,1608.0,185.0,634.0,-1.733791975789381,6.155537323450113,168.6081045743096
137.0,526.0,1646.0,692.0,17.0,1223.0,5.150861589841474,6.417521005204502,167.5109899007137
1790.0,1359.0,1949.0,1743.0,1155.0,678.0,-1.6744468863016886,2.6611053771057054,190.74377734463542
764.0,824.0,350.0,83.0,381.0,884.0,-0.3787657583814464,-1.7443844135464932,162.94711611510365
467.0,1409.0,1165.0,303.0,561.0,325.0,4.481807853938503,-1.3288362207026414,167.727976389098
1121.0,1102.0,1747.0,1628.0,382.0,559.0,0.5442957123240852,3.355613283259669,179.68853657180495
1715.0,186.0,67.0,1267.0,256.0,331.0,-9.697406499533248,-0.49698822707094575,165.20088668593777
1008.0,1155.0,581.0,818.0,955.0,676.0,-0.7990808629365955,-3.077776298995367,172.77500200908898
873.0,693.0,1552.0,493.0,38.0,317.0,0.967303616565233,4.1055170200041085,166.38277680703484
1902.0,1487.0,1417.0,422.0,496.0,1111.0,-2.107458439218362,0.21295215790536826,181.27867995087823
154.0,73.0,1334.0,474.0,993.0,1803.0,4.209196219642136,7.195434079306419,170.56981552324214
229.0,304.0,1153.0,1541.0,1628.0,563.0,2.5815572988641478,3.525106006952284,173.87053341314012
1380.0,422.0,1226.0,1581.0,143.0,90.0,-4.553208357104476,3.7671085973718146,170.76908409254557
1366.0,1091.0,459.0,330.0,1261.0,1164.0,-2.5066431945753327,-3.2514022688537336,175.19140365687625
1041.0,1653.0,657.0,856.0,1322.0,109.0,0.49675185607301287,-5.938090555617965,174.90947436316847
869.0,1182.0,595.0,1646.0,1860.0,755.0,-0.22714887003912687,-4.166717707644691,181.57466957495234
657.0,1747.0,1382.0,1843.0,442.0,509.0,3.8483288594573377,-1.771207110418728,179.85457904668394
1102.0,276.0,942.0,994.0,1409.0,1922.0,-2.4001197653896327,4.077311722861079,180.20714279576296
1678.0,1645.0,1421.0,1210.0,768.0,1522.0,-0.9402578092395042,-0.49393184741991,188.57711757265997
1056.0,1656.0,41.0,1546.0,1226.0,1685.0,-1.401102654154001,-8.403201779468503,182.8978943122299
1156.0,952.0,387.0,628.0,1350.0,1343.0,-2.1585717109491727,-2.923291914611247,175.96866100495964
180.0,1309.0,1573.0,1346.0,1889.0,544.0,7.547147431005311,0.191977054513216,181.02547672328296
1093.0,1091.0,1802.0,665.0,797.0,807.0,2.1319901123156475,3.4759767658748055,178.22730948000935
929.0,1894.0,1737.0,654.0,1945.0,1231.0,6.380687699131916,-1.4684271784919583,189.10279853816706
1633.0,9.0,1894.0,739.0,1546.0,1706.0,-3.270164953775729,10.168563316034486,184.3054317011675
75.0,248.0,695.0,629.0,1241.0,1446.0,3.1003912469217623,2.4901452875237444,168.29767620494343
1955.0,1183.0,1986.0,1239.0,1592.0,1054.0,-2.1871847660954886,3.7868865600425488,192.44600384369548
1703.0,201.0,1246.0,1591.0,1449.0,289.0,-6.569404704697,4.347186096307087,179.118651278906
1483.0,890.0,181.0,944.0,44.0,1034.0,-5.671061688376293,-2.519810490870847,169.4088783241906
240.0,1582.0,1200.0,1243.0,192.0,1699.0,6.474962308859176,-0.6049411664597959,177.54193399034267
1012.0,1373.0,626.0,1344.0,1598.0,479.0,-0.38994514343310466,-4.873833554070185,179.08402890526165
1107.0,779.0,1163.0,223.0,1431.0,1883.0,0.6558511851520062,2.4078001844264447,179.93910197760238
1260.0,762.0,1307.0,1463.0,451.0,169.0,-2.4448045531931104,2.37803410053817,173.86316134495118
1358.0,1432.0,1349.0,1117.0,420.0,482.0,-0.507037665968109,-0.34398452241302596,177.80287987156032
1715.0,1826.0,1343.0,1215.0,1760.0,46.0,-1.0862034793091386,-3.9799455467005256,186.69518002329636
1203.0,294.0,947.0,1392.0,1659.0,1614.0,-3.46450226746396,3.5684685938884853,182.610475586781
238.0,1909.0,464.0,198.0,1355.0,1397.0,6.731448062819332,-7.24175714397251,174.1867541788444
517.0,463.0,1127.0,762.0,1199.0,254.0,1.524465038077314,2.384500915557319,168.26984617963467
718.0,1326.0,1701.0,798.0,1518.0,766.0,5.034361896460974,1.2379983762528786,181.12003359585495
1193.0,628.0,1786.0,239.0,984.0,493.0,0.5920841526567194,5.029634658426885,173.3484068862716
1658.0,879.0,1338.0,1988.0,1620.0,771.0,-4.273868150735138,1.7424408513696896,188.51221636681396
165.0,1747.0,580.0,946.0,1772.0,288.0,5.915242348202153,-7.223628045833449,173.9110016787815
951.0,218.0,322.0,156.0,1075.0,1730.0,-2.6987483814969924,1.1108303073180494,168.90954014461914
1818.0,1900.0,16.0,622.0,1996.0,1133.0,-4.239659168531486,-10.656515622878198,183.97732569713293
353.0,1779.0,1958.0,1185.0,1711.0,1651.0,10.092056961299228,0.9262319139696902,190.1253681458535
951.0,302.0,1407.0,1758.0,1226.0,640.0,-1.4349567246960742,5.267130827952063,178.29339864749943
1851.0,48.0,1984.0,560.0,1318.0,1036.0,-4.209166275908732,9.478732586086101,180.54493621205074
1820.0,1626.0,315.0,560.0,1865.0,1751.0,-3.9917145392386386,-7.1552588663936945,186.6391430405419
1256.0,940.0,873.0,706.0,594.0,1085.0,-1.8441579048614634,0.11017176936277201,174.15561225086486
1353.0,765.0,1919.0,1528.0,1266.0,98.0,-0.9354481087850608,4.776111721448341,181.63162131870732
1248.0,1770.0,1947.0,1317.0,821.0,1182.0,3.3139008055433425,1.236832246731454,188.73695594719663
226.0,1882.0,1047.0,1000.0,1693.0,790.0,7.667982619931,-5.13872293241112,179.8476498797416
1015.0,1268.0,172.0,886.0,326.0,1018.0,-1.8773295465677382,-4.7105450472428005,170.05640783247895
721.0,1693.0,1069.0,1675.0,954.0,83.0,2.6141854305698686,-3.8922492924062073,177.8427784957535
114.0,193.0,1747.0,1941.0,1890.0,108.0,4.285279278464635,6.673379480953617,176.56887306348503
1299.0,618.0,538.0,1244.0,993.0,1251.0,-4.461221964519296,-0.18571864639809754,176.60309179961163
1927.0,1774.0,791.0,460.0,1914.0,1335.0,-2.714769055249565,-5.687209137505301,188.1315774333091
587.0,1038.0,1288.0,433.0,710.0,1324.0,3.881024663835759,1.7810590281718783,173.68335226684093
1072.0,1457.0,122.0,410.0,60.0,524.0,-1.5974918656524797,-5.6238540649848545,164.6294525506106
1671.0,1745.0,730.0,42.0,1327.0,320.0,-1.5527641418060654,-5.680805258407808,175.91918407539623
563.0,961.0,1766.0,1071.0,231.0,710.0,3.817735582463072,4.292947907703225,173.19930718124874
643.0,1862.0,1500.0,518.0,693.0,1332.0,6.434786372725167,-1.2180328992579803,179.5890783438103
308.0,1560.0,1057.0,1026.0,1853.0,524.0,6.144519438830308,-3.7887119017855535,178.39497519402755
504.0,1797.0,421.0,276.0,1369.0,203.0,3.8397726056369406,-7.568504570521638,169.18059940788976
1752.0,1982.0,1658.0,999.0,969.0,1956.0,0.8965821481170458,-0.8450204259545502,194.10052800517977
1956.0,1645.0,1848.0,1076.0,1198.0,1314.0,-1.081386649604461,1.167322140452452,192.67734036548927
726.0,1058.0,781.0,1738.0,400.0,1306.0,0.24939158858286625,-0.6313149435723113,177.00794149160998
1265.0,1247.0,1501.0,871.0,1733.0,890.0,1.110666289940289,0.5706630149433756,184.75941772190941
1003.0,236.0,1813.0,557.0,1430.0,1320.0,0.9719368119037727,8.015160543777917,178.50433690810925
1475.0,1770.0,352.0,1609.0,1301.0,964.0,-3.0251626423120217,-7.8150797463398245,184.24381440580228
1367.0,1262.0,625.0,194.0,809.0,32.0,-1.9861046882860371,-3.5864127851257597,168.04975175429044
828.0,1149.0,692.0,1025.0,1970.0,863.0,0.9707440224184045,-3.4146445404120787,179.63245873198608
941.0,997.0,1450.0,394.0,1677.0,761.0,2.4912679096936854,1.4608761604621452,178.059325287479
1455.0,1960.0,832.0,1561.0,1343.0,346.0,-1.088421201272472,-6.681033714771833,184.4673825142795
983.0,978.0,876.0,1913.0,937.0,643.0,-1.494583823619866,-0.7940138367545189,178.65616120076194
525.0,100.0,186.0,858.0,288.0,309.0,-2.632041065404727,0.4192922816382631,157.6595888986731
316.0,257.0,831.0,1623.0,409.0,99.0,-0.13558331767482024,2.501206957077116,164.18048901992287
1565.0,1914.0,148.0,349.0,1832.0,740.0,-2.1352418769783768,-9.8535241193551,179.2551733070354
1115.0,1408.0,1624.0,776.0,1445.0,1778.0,3.3379706971387693,1.452529693954941,188.00208087181994
1155.0,1686.0,1922.0,574.0,273.0,367.0,3.177713585870105,1.1674738600377967,176.8136824663656
628.0,58.0,1947.0,1626.0,888.0,857.0,1.4510240824921559,9.708425299957787,176.51508661917887
1327.0,172.0,494.0,168.0,1633.0,626.0,-4.651395611195536,0.6844177785457662,168.67540974369243
1323.0,1619.0,126.0,537.0,726.0,1727.0,-1.9224916014903546,-6.66424980866088,177.0184186308308
1374.0,6.0,459.0,180.0,114.0,1844.0,-5.543453274637411,3.727407249139259,166.23166685730962
593.0,847.0,833.0,1802.0,1426.0,749.0,0.7870423615114484,-0.6797062085362965,178.2640567746702
1636.0,427.0,1456.0,701.0,842.0,1122.0,-3.7007216598883117,5.371533178011889,177.7223566830208
711.0,897.0,435.0,195.0,393.0,607.0,0.07671278792461292,-1.9280186954024399,162.7050903766562
453.0,1912.0,1735.0,619.0,417.0,115.0,6.854950241869615,-1.0776518645956763,172.84795008111067
126.0,1878.0,729.0,1292.0,1841.0,47.0,6.574398070044284,-7.456249485696475,175.97654404939166
1896.0,208.0,375.0,1017.0,683.0,1843.0,-9.383565942372316,1.9047136152304835,176.6230974307395
377.0,845.0,517.0,1838.0,1721.0,160.0,0.9266380116281919,-3.1184185473682096,174.07862515027017
1260.0,1232.0,1261.0,721.0,1769.0,778.0,0.48952342888978484,-0.7357552496686137,182.2442142691642
1604.0,882.0,1795.0,1836.0,300.0,351.0,-3.065344221173879,4.545438041762104,180.74927095509253
1226.0,257.0,139.0,1003.0,803.0,1661.0,-5.932209546181536,0.15375896064435357,172.0992798705693
1525.0,1758.0,1388.0,1778.0,204.0,1180.0,-0.8344687996669978,-1.0243384252350802,186.4126934678839
519.0,328.0,1520.0,1679.0,1264.0,45.0,1.3148968109840122,4.9526821521933755,173.47573368389226
1427.0,1205.0,1418.0,1654.0,3.0,62.0,-2.297766270908902,1.0591925867689913,175.7042974481254
273.0,665.0,1823.0,576.0,1099.0,468.0,5.629713666379675,5.0287844697600175,171.01860805826033
649.0,787.0,675.0,1060.0,860.0,492.0,0.0691736921898608,-0.8801369124879297,169.35826925983332
39.0,724.0,1003.0,431.0,1736.0,1865.0,6.5002262600073974,1.6066668755564053,175.68682761358733
1251.0,1873.0,94.0,943.0,220.0,746.0,-1.9461283976722883,-8.002765637017275,172.1047667815481
1238.0,928.0,241.0,762.0,492.0,949.0,-3.707563764016937,-2.927563069508648,169.69341219510574
1326.0,621.0,212.0,984.0,1232.0,17.0,-5.472874543592662,-3.071886967765811,168.44730709185518
1258.0,1615.0,508.0,333.0,1960.0,1781.0,0.3658271912291815,-6.091948565929546,184.27262911777157
1437.0,953.0,56.0,499.0,823.0,1331.0,-4.759080677583968,-4.0074904982219035,172.1267186376475
1055.0,1325.0,1830.0,623.0,828.0,792.0,3.1311016300996855,2.42685056322687,179.25479179292756
1873.0,1761.0,1757.0,50.0,498.0,767.0,-0.00681147236437335,0.22206731442742036,180.63742925718904
1046.0,1385.0,20.0,1534.0,94.0,1723.0,-2.6908840011790027,-5.5943424771775065,175.7194151860534
1985.0,1838.0,1479.0,1675.0,725.0,1387.0,-2.633416549372146,-1.3076981314176166,192.89829311928602
87.0,554.0,1520.0,1065.0,1613.0,1337.0,6.280312830165999,4.9106948377962505,177.59061109506433
1748.0,1195.0,665.0,1008.0,1422.0,910.0,-4.713778294192045,-3.1945516814110286,181.72710000435598
1503.0,1820.0,323.0,1047.0,1824.0,1736.0,-1.9826178865942652,-8.30886561954431,188.27748743541795
1962.0,252.0,267.0,1743.0,71.0,1595.0,-11.068469044221361,1.4347229252534748,175.73147783322088
1489.0,531.0,1153.0,1129.0,959.0,437.0,-4.1382279515524445,2.6080061808138235,175.30233284439262
519.0,1130.0,1011.0,102.0,1008.0,1986.0,4.67992041898775,0.264465322694611,175.55746692643547
1642.0,1494.0,1762.0,332.0,984.0,1244.0,0.7269227519798437,1.5612496748418936,184.5002423466843
1233.0,119.0,505.0,885.0,851.0,97.0,-5.478423216782604,1.160458113066051,164.87633298690395
1706.0,342.0,1334.0,487.0,1568.0,1501.0,-4.149710961162439,5.116461718020126,181.59918716570607
172.0,707.0,1459.0,1511.0,1553.0,1630.0,5.897599317519243,4.225487055332252,182.08136647714122
636.0,1580.0,1994.0,1187.0,1821.0,1003.0,7.328856621885504,1.4793002276024805,188.18555896548847
1791.0,346.0,930.0,324.0,1588.0,20.0,-5.864597376794808,1.3913637549728923,171.57563640066303
1970.0,573.0,1853.0,1908.0,1130.0,781.0,-5.599580229567293,6.449362901874712,188.05533442371953
1451.0,1615.0,979.0,793.0,666.0,1959.0,-0.38762340245955523,-2.1470944292598757,184.49529232313094
1975.0,1451.0,660.0,75.0,1203.0,514.0,-4.223678338171167,-4.364199442063236,176.14039430709826
408.0,1127.0,841.0,1663.0,1346.0,1359.0,3.302967898197102,-1.5466061367578763,180.77723154068963
947.0,737.0,255.0,1743.0,1956.0,1892.0,-2.8233568854758477,-2.8435325440859156,184.83096261409887
1453.0,1539.0,316.0,1724.0,1381.0,777.0,-3.8828645758201854,-7.024138019955743,182.81115962412292
1122.0,550.0,1757.0,308.0,1588.0,10.0,0.6790479522187384,4.355341116845055,173.40375466057523
239.0,1765.0,1274.0,1708.0,1298.0,597.0,6.9442504253872395,-3.1927247923748476,181.2335672395245
728.0,1529.0,466.0,225.0,858.0,302.0,1.8075215346993319,-5.419304547011534,167.03031262599066
1973.0,510.0,757.0,590.0,1551.0,1333.0,-7.15413700608366,1.0880456596048869,180.40434878963404
447.0,954.0,1235.0,227.0,1553.0,289.0,4.317931737838049,0.22648768202592917,170.16432675559045
955.0,903.0,1894.0,1716.0,888.0,900.0,1.8187232921421836,5.171850094877019,183.32001320399493
532.0,1673.0,1070.0,840.0,1798.0,1005.0,5.660074209257463,-3.8690854271153876,181.48682706334588
1973.0,195.0,1213.0,1238.0,1520.0,1733.0,-7.60237568240386,5.7509594144469185,186.2301952152428
1564.0,1545.0,1905.0,1286.0,396.0,647.0,0.12101823075021967,1.9866872791442352,183.901349386242
1327.0,1637.0,1538.0,491.0,1886.0,1319.0,2.7291021602807604,-1.0272487845768625,188.27549678859523
1142.0,1284.0,99.0,707.0,1429.0,1361.0,-1.9962444139343871,-6.226332779743809,176.88524843688566
1164.0,1269.0,9.0,896.0,511.0,1850.0,-2.8216213020338383,-5.278933576683643,175.22480763932597
1153.0,467.0,1258.0,1735.0,1574.0,1494.0,-2.0742108841603986,4.329862186889224,185.57500173189
232.0,1105.0,1446.0,410.0,434.0,570.0,5.683459708585048,1.7032390601132776,167.48438525085103
1038.0,1071.0,1726.0,1964.0,1496.0,1884.0,2.0946838621074653,4.088437973651043,193.32265919115116
1139.0,705.0,478.0,186.0,1944.0,527.0,-2.0692089181083744,-2.3925167817192246,171.6052468863801
351.0,1554.0,400.0,430.0,797.0,384.0,3.5546808388314104,-5.779744707012257,165.97067402862533
690.0,168.0,1532.0,800.0,450.0,1899.0,1.3278409903369208,8.247821446911562,174.21457553044974
1811.0,477.0,1363.0,658.0,257.0,825.0,-4.980133067215999,4.692713186651117,173.58645962184687
1331.0,577.0,640.0,1471.0,838.0,1322.0,-4.779387703167087,0.7632892263687057,177.79880260609343
74.0,1534.0,434.0,1880.0,1403.0,1144.0,5.101470143112864,-6.227610286638151,179.0997449341327
832.0,1871.0,872.0,561.0,557.0,1980.0,3.9027609330458035,-3.821835774102935,180.27118722099627
1698.0,773.0,1423.0,1681.0,70.0,214.0,-4.898622824985267,3.238669051094523,176.02157628991796
1582.0,1220.0,1030.0,1456.0,1914.0,21.0,-3.2342357994376894,-2.6686765263106977,183.15405736765948
1933.0,1192.0,1260.0,1931.0,1764.0,1785.0,-4.854699918803025,0.40969562601501036,196.85988650717718
1132.0,1118.0,844.0,1719.0,72.0,1129.0,-2.0325738745670474,-0.4425405317271013,176.9960989108865
1387.0,1254.0,1114.0,429.0,141.0,1021.0,-0.9437632596930552,0.12925275180041473,173.60058756991575
1520.0,114.0,1338.0,1787.0,699.0,489.0,-5.861135888723588,5.9959981833657245,176.32309808975944
293.0,295.0,1402.0,737.0,1278.0,1653.0,4.117020057572147,6.14276149569022,174.9425248164971
128.0,1195.0,1135.0,1383.0,1265.0,141.0,5.3010154808371075,-1.3039913396878187,172.91692351030386
1642.0,1804.0,517.0,1322.0,328.0,302.0,-3.69538963682744,-6.173097323292872,176.25033957186426
598.0,1877.0,384.0,1736.0,840.0,709.0,2.1677008439747834,-7.788772527146859,177.38550705704358
1887.0,1682.0,943.0,852.0,714.0,1567.0,-3.0921426090055375,-3.0139028248248265,185.3869491325964
264.0,1066.0,716.0,1259.0,17.0,131.0,2.139937861350868,-1.5231703705373456,163.76572843944103
1300.0,1591.0,837.0,1608.0,1461.0,1675.0,-0.592473624718563,-3.9932395164858034,189.69379632920544
226.0,1874.0,1821.0,390.0,1467.0,1653.0,10.913895173792604,-0.10877396242299883,183.75480425451374
435.0,1339.0,1800.0,1416.0,1867.0,20.0,6.257897633421493,0.7286840326125226,181.2568696778694
1785.0,1598.0,927.0,530.0,828.0,419.0,-2.76387175241203,-3.54721171080475,177.33389223413914
1608.0,904.0,651.0,1237.0,1560.0,1393.0,-4.927738344185191,-1.5147550418323772,183.85891063373285
3.0,1564.0,598.0,823.0,620.0,173.0,5.394052626668894,-4.927628215122664,165.22750967037695
1501.0,1816.0,711.0,245.0,926.0,1828.0,-0.22492090075487747,-4.798731539047302,182.13784767577903
1018.0,22.0,1708.0,1105.0,1915.0,687.0,-0.7262129234708214,7.762557192640119,179.0166609694986
1921.0,797.0,830.0,1888.0,131.0,713.0,-7.884897955248363,0.6830892809261842,178.0552634508087
1606.0,323.0,200.0,326.0,57.0,1.0,-7.063708122619335,-0.5854334806285492,158.67832390933452
1645.0,825.0,920.0,1479.0,224.0,243.0,-5.5490312255120475,0.47125585085806326,173.359414442989
1432.0,1689.0,1376.0,1881.0,1480.0,34.0,-0.5541884426597306,-2.9089758871624083,186.65776020503142
1776.0,1507.0,1045.0,1845.0,1563.0,844.0,-3.7871359024749993,-3.1433120587012686,190.1914057065947
236.0,885.0,972.0,978.0,149.0,420.0,3.0272387068852464,0.6495321644210357,164.7392044414731
1488.0,519.0,1034.0,1496.0,145.0,918.0,-5.059206227613468,3.238192114462742,174.70633597802737
1439.0,886.0,1711.0,1927.0,1109.0,1132.0,-1.7069506704022683,4.467910463004461,188.25868194221496
1724.0,894.0,586.0,849.0,1128.0,322.0,-5.670492724860927,-2.2230315079629177,174.2193500624376
761.0,404.0,1246.0,168.0,1111.0,873.0,1.2082755136234655,3.8655561987814977,169.46796980072412
417.0,69.0,1866.0,616.0,1962.0,503.0,3.8629361882315036,7.8250654483381705,173.62594426792418
602.0,32.0,712.0,1516.0,595.0,1876.0,-1.7073061510631977,4.7746722220003885,173.39309996831358
730.0,766.0,344.0,137.0,933.0,524.0,-0.33807825494971283,-2.347038874113764,163.6987487435723
675.0,364.0,1512.0,638.0,1957.0,647.0,2.2436675732172056,4.7274498758520975,175.74573014490426
1094.0,1557.0,1411.0,1157.0,833.0,434.0,1.6757696691368589,-1.0753460135222905,179.47970230132913
1095.0,774.0,1576.0,691.0,1183.0,1729.0,1.2730486145743678,4.687549248998355,182.27514027126122
232.0,1434.0,1293.0,1575.0,100.0,941.0,5.400685739448822,0.05026781477734199,174.60769277376494
1595.0,311.0,1864.0,1878.0,889.0,1673.0,-3.807034674675906,9.157242282094348,187.92276745820504
1189.0,1139.0,499.0,1098.0,1220.0,62.0,-2.565846967069304,-4.17176375500007,172.74310383620264
41.0,190.0,1543.0,1225.0,88.0,387.0,3.469605887234675,6.637515819538309,163.60953587137914
1219.0,1183.0,180.0,1626.0,116.0,466.0,-4.385228077489317,-4.5529290404831135,170.48398184906824
1958.0,1095.0,301.0,1930.0,1647.0,1303.0,-8.569399865791771,-4.727838016692945,188.08268312561376
384.0,1584.0,344.0,1372.0,1351.0,49.0,2.6554613997051226,-7.3596748108767365,171.90134204632815
1381.0,1942.0,308.0,1622.0,1212.0,755.0,-2.2012103120017716,-8.932836731358126,182.8625877520742
1327.0,311.0,1653.0,1210.0,1154.0,1003.0,-2.193837486187504,6.797566335386952,180.1391723047114
1121.0,700.0,1308.0,1564.0,1351.0,745.0,-1.242797802883263,2.6540870792242814,181.0194099214679
835.0,558.0,1494.0,1800.0,1743.0,139.0,0.27644069332655885,3.4935162949560343,179.80948976165078
731.0,759.0,1503.0,982.0,819.0,2.0,1.604338619856565,2.804080050385977,170.70052225835244
409.0,1315.0,1726.0,1544.0,1681.0,1804.0,7.413750948352089,2.418493806358995,189.52223396609867
512.0,1568.0,1785.0,234.0,585.0,1585.0,7.464349817967534,1.9555447721128432,178.03288768205636
994.0,236.0,375.0,728.0,1572.0,624.0,-3.636569260741916,-0.14452496012350047,169.30997755762138
1122.0,1004.0,907.0,928.0,332.0,1797.0,-0.8384934895810632,0.8130950762701263,177.4159756168978
161.0,1544.0,1802.0,162.0,1460.0,405.0,9.155375410423359,0.2939449155279369,174.09604748973456
1485.0,952.0,1356.0,1821.0,541.0,1148.0,-2.9990576084840708,2.6478659269843883,183.61950844933853
1134.0,1008.0,1429.0,1558.0,151.0,658.0,-0.7101460756689808,2.5168922495773467,176.60400459365016
1761.0,151.0,1299.0,1534.0,916.0,1951.0,-6.606139587897665,7.164901000640431,184.8485660374379
662.0,1497.0,1844.0,1474.0,1381.0,592.0,5.542990250069494,1.0964454473913288,184.31170711847463
1167.0,1976.0,865.0,1927.0,1564.0,661.0,0.7349707731055777,-6.782735079410134,187.89925918058074
1907.0,360.0,791.0,1726.0,835.0,375.0,-8.901091884023687,1.7607620939640432,176.5035491308391
211.0,1918.0,1628.0,804.0,1695.0,1571.0,10.488294970682883,-1.659634991999467,185.8672232165462
1901.0,890.0,444.0,869.0,1929.0,231.0,-7.003472410085445,-3.773457642528597,177.97906454783885
970.0,40.0,897.0,1096.0,486.0,253.0,-3.5030563339631033,3.866137073197608,165.1686335316817
1552.0,1039.0,1299.0,820.0,1888.0,658.0,-1.8224274059241001,0.24792305224805677,183.43746562318137
1122.0,617.0,1907.0,1250.0,1448.0,1630.0,1.175961666640883,7.1642235861314845,186.94086518729242
936.0,1675.0,1258.0,71.0,1691.0,330.0,3.920850356402158,-3.2238350784694463,176.60026570213364
143.0,1613.0,1020.0,1202.0,1399.0,1479.0,7.5030915371954965,-3.1047954832907356,181.0975960727201
942.0,383.0,1044.0,1521.0,1666.0,1939.0,-1.2008949834417089,3.9812959897104125,184.6401191563042
1928.0,1702.0,885.0,759.0,989.0,141.0,-3.6925762795685038,-4.652417420413838,178.87806885438545
1589.0,1986.0,1538.0,132.0,486.0,403.0,1.2297076403553775,-2.1080191561412254,177.65521678984112
366.0,118.0,699.0,1628.0,98.0,1480.0,-0.6119081062267093,4.211301994218245,168.52853358055512
841.0,1011.0,1632.0,287.0,1917.0,741.0,3.8781532816206594,2.091909896846624,179.06090329342817
1659.0,2.0,1330.0,241.0,1047.0,1100.0,-4.752345044988014,6.546541872725679,173.4224407931844
1552.0,654.0,1518.0,299.0,1578.0,1339.0,-1.565969627364809,4.220046706853719,181.7169904642339
1401.0,1060.0,725.0,332.0,443.0,1551.0,-2.187679812259548,-0.6501696884617463,174.41583300357487
964.0,1562.0,667.0,422.0,506.0,604.0,0.9499119017343283,-4.096697438565451,170.3123615594584
1219.0,1162.0,1869.0,63.0,82.0,1538.0,2.3816976920839013,4.6283828872651025,176.44830516726122
1196.0,793.0,1155.0,1158.0,780.0,1103.0,-1.5281823003729018,2.131180657067314,177.91703426645907
1559.0,1174.0,154.0,235.0,1761.0,1776.0,-3.8737958133741217,-5.367240198399209,180.12565762905206
758.0,1022.0,1847.0,749.0,364.0,1059.0,3.745226395127048,4.617871885713188,175.76032443260064
635.0,308.0,658.0,975.0,1402.0,1634.0,-0.37880832448048823,2.0811008303499894,174.96457533479793
72.0,377.0,1223.0,1523.0,1665.0,955.0,4.303801559062623,3.91779228189943,175.86759116941792
445.0,1018.0,935.0,784.0,1502.0,90.0,3.0225199323113006,-1.6672059320958028,170.56349387606807
31.0,1074.0,397.0,1900.0,630.0,1701.0,3.6418521435977675,-2.704873579357228,175.48392831218885
191.0,1914.0,1210.0,123.0,594.0,1287.0,8.418119414111949,-2.7495894231624596,173.02496093960167
95.0,1240.0,1831.0,1215.0,1923.0,383.0,8.583449302449402,1.6988314661984585,180.11652520387614
343.0,1884.0,426.0,1794.0,407.0,1557.0,4.102548125576496,-6.654284658076458,178.77608020947451
1857.0,948.0,1544.0,84.0,331.0,1801.0,-2.4164008288880727,4.203691266328681,179.72603099169982
1692.0,107.0,1720.0,409.0,1995.0,673.0,-3.6153326998084316,7.017111169415693,179.70181008536906
1240.0,857.0,1787.0,470.0,801.0,1698.0,1.2828941306306958,5.507673971311643,181.2098151255669
1385.0,1779.0,6.0,671.0,749.0,48.0,-2.91820860267744,-8.847706803852601,169.4605417424132
1444.0,404.0,942.0,815.0,335.0,761.0,-4.52677210533579,2.949979575578154,170.12243973138507
421.0,302.0,1553.0,1988.0,71.0,448.0,1.10698077942932,6.502119166804993,170.40124463495238
1087.0,1775.0,1554.0,1246.0,13.0,1588.0,2.897662898410947,0.29181234308069237,183.4282920942701
1002.0,410.0,1503.0,489.0,516.0,1792.0,0.42183705669881855,6.614594131566678,175.23884692834844
1362.0,1734.0,709.0,81.0,1929.0,586.0,0.4057082035454719,-6.27492879759323,178.79214708270382
1435.0,1830.0,70.0,1835.0,1149.0,953.0,-3.780969375996312,-9.51462255178261,183.0366539361739
240.0,334.0,1906.0,850.0,989.0,685.0,4.993694381502008,7.474192847304491,171.421627383743
1974.0,12.0,688.0,1571.0,995.0,1361.0,-10.344151415479367,3.9099987186670773,179.49306097125154
1273.0,588.0,16.0,783.0,1846.0,675.0,-5.280886778319902,-3.990739092870297,172.51228129053885
1183.0,1770.0,364.0,287.0,10.0,982.0,-0.40065106651811155,-5.600765438439917,169.54693076766168
1315.0,849.0,1766.0,1767.0,1241.0,1160.0,-0.6317174786098568,4.8709729354609586,187.71341505119437
1593.0,796.0,1834.0,259.0,1652.0,651.0,-0.6704611418500003,4.248439739175587,180.91800493560083
46.0,1478.0,1008.0,90.0,239.0,1275.0,7.160190496692532,-1.2759682338988303,167.04086290197915
1906.0,1011.0,410.0,815.0,886.0,1959.0,-6.61389044924847,-2.194103294426667,181.82424014290018
1269.0,664.0,1846.0,853.0,1081.0,894.0,0.057757938466612424,5.7708193299645005,179.96069183210165
1078.0,1344.0,1581.0,1352.0,569.0,1134.0,1.74426437079069,1.7120801075118413,182.4227972405535
123.0,1661.0,1906.0,895.0,792.0,1089.0,9.61970513365554,1.4889344056865708,178.9076753913552
240.0,964.0,175.0,889.0,344.0,1332.0,1.8333914868352867,-3.028138019258479,166.29197992045843
1252.0,1313.0,63.0,1858.0,420.0,737.0,-4.617081260373367,-6.049432670045736,174.81097039903332
125.0,1624.0,42.0,763.0,513.0,1230.0,4.138994004884648,-7.151406085107731,167.8269069910665
989.0,1602.0,280.0,1072.0,92.0,108.0,-1.2574460818567952,-6.063019197145944,167.16239560021333
853.0,1297.0,825.0,808.0,1208.0,1682.0,1.9225031084830713,-2.062197695053986,180.42250194317631
678.0,572.0,933.0,310.0,180.0,207.0,0.2626556826889628,1.631550559952923,160.86350397981937
694.0,1226.0,324.0,215.0,1898.0,1320.0,1.9197574180010086,-5.193327513132922,175.11903168042528
563.0,472.0,337.0,1713.0,1366.0,1720.0,-1.1947825982095646,-0.43503373975884796,177.87262038530864
1924.0,1149.0,1620.0,591.0,1718.0,1730.0,-2.1696848468854606,2.5342277152991404,191.02723132317863
291.0,1471.0,287.0,341.0,1672.0,780.0,4.309761150720416,-6.721028032798975,170.64696924503227
639.0,1700.0,1907.0,317.0,286.0,1500.0,7.072604934652029,2.0809290857026133,178.47017292477415
657.0,928.0,212.0,301.0,156.0,69.0,-0.6371391578742169,-3.2307534335485686,157.9363463052149
1319.0,596.0,1455.0,221.0,1046.0,1364.0,-0.6702428615120939,4.555112545099682,176.8661962559674
1560.0,625.0,766.0,1122.0,932.0,898.0,-5.263980264626691,0.6828962689253691,176.35122785696902
658.0,112.0,1866.0,521.0,78.0,590.0,1.551448275520948,8.46421867886782,165.3307393011979
1260.0,1286.0,1921.0,710.0,228.0,166.0,1.2791795328772837,2.840692358843495,174.72079794977495
160.0,1551.0,1637.0,248.0,20.0,1034.0,7.900752960458429,1.3013970637435612,169.63729138649552
650.0,734.0,1192.0,1282.0,1593.0,1033.0,1.9564038711739216,1.9376954830955562,179.45702923822358
1265.0,1312.0,1887.0,818.0,1732.0,1779.0,3.066481661913164,3.167189308311492,191.31338722208383
1904.0,1360.0,254.0,108.0,418.0,894.0,-5.304764497889705,-4.700148085063981,171.21636270972945
810.0,150.0,465.0,1376.0,963.0,890.0,-3.4455556820029183,1.55316281910095,169.96718275764397
1696.0,1173.0,1458.0,409.0,688.0,558.0,-1.849390338289926,1.226738362583165,176.87800988578545
1690.0,152.0,1818.0,1406.0,1734.0,991.0,-4.411730336249199,8.272385321733685,185.8123308699222
1554.0,101.0,1728.0,1740.0,1968.0,64.0,-4.633280797000711,6.876176274543513,182.5409791544835
1566.0,1852.0,1665.0,534.0,1862.0,302.0,1.6738003129554107,-2.3241915996452005,186.10411071875012
1892.0,1638.0,1505.0,1524.0,1909.0,1398.0,-1.9299016284662327,-1.1987515511171147,196.94437059553726
1705.0,132.0,1010.0,1165.0,1177.0,1912.0,-6.680796869339073,5.399369871265067,182.31518664764982
571.0,190.0,917.0,224.0,920.0,1355.0,0.8424765408008855,3.9782254223856808,167.46801705674076
1732.0,1304.0,948.0,1123.0,1684.0,360.0,-3.684961355579439,-3.0037221544954207,182.79644721638005
83.0,1001.0,1199.0,1763.0,506.0,1048.0,5.039390688413386,1.505056388042473,174.761474178007
328.0,784.0,1305.0,516.0,1637.0,1555.0,5.466296489142832,2.6677883122100163,177.43051247151402
1761.0,1701.0,1821.0,1656.0,1470.0,1059.0,-0.40434093502260465,0.28059048992952257,194.9094894949437
1305.0,1020.0,1901.0,1641.0,874.0,596.0,-0.018243402654273266,4.248185579109733,183.79210655590873
417.0,1029.0,325.0,1393.0,493.0,1893.0,1.3813427262691318,-2.4730521195970723,174.5958794563563
1952.0,1893.0,1058.0,413.0,1113.0,1883.0,-1.7347697702152147,-3.6420574757983473,188.8208684683699
1497.0,433.0,1458.0,471.0,130.0,621.0,-3.0186375824856357,5.139155532919974,169.6098784595178
403.0,447.0,1606.0,406.0,744.0,1343.0,4.203801833598694,6.243590252556958,171.25029184132646
1531.0,92.0,1685.0,1645.0,605.0,1947.0,-4.3671916888361455,9.75843135533009,184.17906040030593
646.0,1775.0,834.0,654.0,252.0,1388.0,3.88074397707269,-3.5760030871148407,174.49428618432592
1304.0,1817.0,992.0,1381.0,85.0,497.0,-0.5674823682158763,-3.5857793086565493,177.2868304978373
1250.0,441.0,377.0,816.0,1140.0,1781.0,-4.456560996767976,0.2353225214319175,175.87435170265252
1983.0,1686.0,674.0,1354.0,1169.0,1734.0,-4.914533981585133,-4.968394394635058,190.18945832685932
1621.0,781.0,409.0,857.0,878.0,1701.0,-5.700490775422864,-1.1945359750024138,178.08623642467148
1883.0,84.0,1531.0,355.0,583.0,651.0,-5.532802223494439,6.822899730260016,171.8474570164682
1255.0,1047.0,1373.0,1570.0,1275.0,1273.0,-0.5855210654787808,1.753037200058263,186.24483809396807
1387.0,619.0,1295.0,403.0,1519.0,644.0,-1.7618140031693228,2.569854810038927,176.23479904640166
1222.0,624.0,100.0,601.0,444.0,1773.0,-4.464289864056283,-1.4457347248034593,170.45807088840203
506.0,1916.0,1912.0,1191.0,57.0,1460.0,7.653437493103275,1.2317716294852983,182.02402375902284
461.0,1095.0,625.0,1987.0,1674.0,177.0,1.3504331157504221,-3.823582834396791,176.94376853999216
946.0,170.0,1400.0,762.0,1576.0,584.0,-0.6106627270447473,5.324652622330883,173.9251699271033
81.0,1005.0,413.0,727.0,1771.0,243.0,3.912316358744844,-4.321331276718567,167.68097554694526
1520.0,82.0,1558.0,227.0,1485.0,215.0,-3.2158792280043538,5.911380486996857,171.99312010154847
1014.0,1120.0,230.0,698.0,129.0,1594.0,-1.756143200257438,-3.0687258014258334,170.61383347478258
1867.0,1820.0,1717.0,986.0,657.0,31.0,-1.1990959299124735,-1.0453766577054275,182.537613570253
681.0,825.0,987.0,988.0,1560.0,21.0,1.0851767997977861,-0.5691664797687778,172.09919389781726
354.0,1459.0,1598.0,1291.0,678.0,1739.0,7.0449789520979005,1.6787738707893136,182.4971199967815
1930.0,1061.0,1246.0,1818.0,1145.0,502.0,-5.683955850511554,0.38719674845693636,185.59576071129138
855.0,1754.0,1770.0,960.0,737.0,142.0,4.445314385645527,-0.455814625343489,178.0022858679335
1032.0,294.0,543.0,1170.0,1599.0,1782.0,-3.3571544923918992,1.5326356209607905,179.09704748299225
1455.0,1894.0,507.0,555.0,686.0,1956.0,-0.7160450472429407,-5.970340707777857,182.20869955062312
91.0,112.0,1278.0,846.0,1265.0,807.0,3.715029670715531,5.473066083072532,168.49518070572964
18.0,269.0,100.0,1790.0,1368.0,444.0,0.09651582758397115,-1.7104206560996653,166.55820251000722
1880.0,1850.0,1320.0,445.0,1639.0,875.0,-0.88757134167135,-3.3661722030281043,187.28857408023478
925.0,94.0,681.0,1656.0,280.0,643.0,-4.306294351598501,3.232623130603086,167.9152244993059
1993.0,237.0,1256.0,1276.0,1065.0,1390.0,-7.613670606801441,5.645542542729987,182.83674029756273
1920.0,563.0,1044.0,246.0,562.0,369.0,-5.668768191988026,2.026898825048493,170.0937315356725
1147.0,1639.0,1859.0,840.0,1142.0,1416.0,4.056165214968761,1.3853109928466234,187.45578805967762
1468.0,26.0,873.0,528.0,1684.0,1578.0,-5.073878391260022,4.378576893748308,177.55583354500473
902.0,70.0,1399.0,1120.0,1334.0,1773.0,-0.5964270471245678,7.5669905960144925,179.80044438342742
1403.0,475.0,680.0,615.0,1149.0,770.0,-4.359993611557871,0.6751813002114617,172.19935429682235
587.0,1700.0,271.0,568.0,868.0,1705.0,3.088964374869361,-6.543979111432329,175.14820965481704
1043.0,1977.0,577.0,584.0,133.0,400.0,0.9029867459124987,-6.139251832535467,170.12960846452256
682.0,1268.0,885.0,1606.0,1548.0,1904.0,2.6917017319365817,-1.84037597401601,186.7279746808097
1874.0,528.0,241.0,1597.0,1823.0,1758.0,-9.516423158673586,-1.6795090940082433,185.97323410007178
924.0,1228.0,1203.0,826.0,1165.0,981.0,1.9620754751576512,-0.2914096635922392,178.66684625918606
1707.0,397.0,1716.0,269.0,1758.0,174.0,-2.9257444324275057,4.985539528003549,176.86741336397023
1582.0,967.0,1519.0,455.0,223.0,735.0,-1.7931746616965756,3.021650478447885,174.2435663011392
467.0,1643.0,396.0,262.0,313.0,1344.0,3.6293291116095014,-5.031406678835418,168.6220949217268
506.0,45.0,64.0,1084.0,1696.0,1751.0,-2.204191361934668,0.1535759867753645,172.55349027231523
1757.0,1042.0,36.0,384.0,1866.0,1684.0,-6.041236737293562,-5.507961312055622,180.59193705357018
848.0,896.0,1702.0,1314.0,243.0,1943.0,2.4818670606297184,5.708351050558786,181.63459744334122
48.0,1564.0,264.0,1038.0,1078.0,1843.0,5.757027467043731,-6.233611763267703,175.7758754442887
960.0,1722.0,189.0,519.0,1730.0,703.0,0.6928501505042176,-8.64998490208156,175.66060128392562
778.0,1762.0,826.0,1430.0,942.0,1097.0,2.6738259751041773,-4.7278653876506915,181.1600917190068
148.0,1217.0,1038.0,150.0,1765.0,1179.0,7.1161362565317905,-1.4332986397515746,174.07749765654364
342.0,1767.0,126.0,1067.0,417.0,1209.0,3.212019882386991,-7.4596695509819515,171.09949962232534
475.0,194.0,1803.0,1209.0,542.0,750.0,2.394837054314161,8.108043808674907,171.30353809136804
1161.0,1754.0,1663.0,922.0,812.0,1610.0,3.5662874194671486,0.2429879368297499,186.85074371830166
739.0,1046.0,1226.0,233.0,479.0,785.0,2.552215564166172,1.1140412907963713,169.2418049406232
1577.0,1723.0,1919.0,146.0,1343.0,1498.0,2.7419334299430176,1.1323364339461728,188.30971368884613
870.0,310.0,1199.0,915.0,869.0,242.0,-1.0127043943997371,3.71550893261426,168.66723328275344
1818.0,100.0,1484.0,82.0,1635.0,263.0,-4.77596466881054,5.398825567621123,173.46714837830405
391.0,1379.0,546.0,631.0,1306.0,438.0,3.4816008156089713,-4.856677113821098,170.02924467165664
1681.0,1757.0,1508.0,861.0,1565.0,981.0,0.13479610765715075,-1.8142837942103478,189.12933307736984
74.0,1659.0,912.0,8.0,1299.0,1836.0,8.726249129939996,-3.325100515627513,175.38699464058377
1243.0,859.0,1713.0,403.0,612.0,1511.0,0.9245393357348693,5.023612299406644,178.5963379714638
1390.0,289.0,1653.0,121.0,1925.0,631.0,-1.2191552441032738,5.639191625891039,176.80459452988012
348.0,634.0,1583.0,1962.0,508.0,950.0,3.2798337467348038,5.311465585239069,176.68164292303368
916.0,40.0,1884.0,128.0,462.0,1443.0,1.1040875649655746,9.703669949793445,170.61876146670866
457.0,1820.0,1610.0,815.0,983.0,1882.0,8.256504683496837,-0.2984928328980261,184.72861047867517
796.0,1198.0,1907.0,1793.0,257.0,735.0,3.0423970530471593,3.9797560225465176,180.36508325199756
495.0,591.0,1854.0,1199.0,1124.0,178.0,3.577076336150554,5.382903841123995,173.86437253089773
1795.0,170.0,1158.0,926.0,341.0,1923.0,-6.45658675738404,6.455796176261551,178.13897865458424
996.0,1617.0,55.0,1667.0,199.0,1671.0,-1.7159324494600539,-6.82562571693604,177.75355397311503
399.0,1922.0,1331.0,850.0,221.0,1035.0,6.605708554892319,-2.1221744442149597,175.47336547225117
636.0,780.0,1647.0,530.0,1498.0,954.0,4.0959552443116225,3.905361672229937,177.04797554193033
1513.0,74.0,647.0,1389.0,507.0,1531.0,-7.2706148420334085,3.8809862897478915,174.8798697750831
812.0,1903.0,569.0,727.0,1605.0,470.0,2.7711692200736096,-7.691842275107373,177.0663362621188
1376.0,292.0,1700.0,1598.0,1937.0,1194.0,-2.46236591639741,7.129287171512875,187.55346975038836
1666.0,12.0,304.0,1610.0,808.0,1964.0,-9.683837121719936,2.617654521840664,178.36640287311366
1877.0,1952.0,1755.0,535.0,99.0,640.0,-0.2960329736195532,-0.4242518975063137,181.42522770740558
819.0,193.0,399.0,619.0,1921.0,1163.0,-2.229829757743798,0.40846474946355793,172.36335947864282
1498.0,1117.0,382.0,1219.0,1508.0,450.0,-4.66833870885093,-4.70466428220738,177.65007161177434
1504.0,1178.0,1260.0,1098.0,187.0,473.0,-2.3523438406949726,0.6442651806470077,175.4004132263553
1262.0,722.0,57.0,1482.0,1522.0,1454.0,-5.499911804899991,-3.6952451291873527,179.36685074278097
1356.0,24.0,965.0,292.0,593.0,528.0,-4.335322561487897,4.305223641446175,165.20279384554718
253.0,1425.0,157.0,172.0,456.0,1244.0,3.6562406786763226,-5.331267490803996,164.89848865573626
285.0,1471.0,1704.0,1102.0,1837.0,1342.0,8.637588903590684,0.8175302839225266,185.61846835829937
1856.0,1233.0,466.0,1825.0,933.0,1686.0,-6.873589918681049,-3.5121447313787786,187.02304457152718
897.0,1061.0,830.0,1630.0,462.0,418.0,-0.9495799259464036,-1.1813385058827943,173.32444209927922
18.0,658.0,792.0,1875.0,1544.0,136.0,3.200659495625783,-0.5540194505079549,171.83295142586732
1976.0,397.0,1972.0,340.0,1906.0,269.0,-3.7364141163558857,6.305742227233441,181.0918784871963
1247.0,1738.0,1057.0,1408.0,1439.0,1028.0,0.7430959164655524,-3.9860599214701367,186.81899063899226
1748.0,1916.0,1206.0,285.0,1826.0,681.0,-0.08560402984189142,-4.581592131924831,185.42753316829908
1370.0,1258.0,334.0,1683.0,448.0,1444.0,-4.223297728223688,-3.9392767841559766,179.5732488250494
1414.0,522.0,1522.0,732.0,408.0,1061.0,-2.193771683535196,5.436311699662442,175.04377597939407
882.0,705.0,1290.0,1141.0,159.0,1486.0,0.34058287740972615,4.118187659279786,175.13271934143054
722.0,263.0,776.0,400.0,1907.0,1169.0,-0.045026132773390515,2.012260980032289,172.9932673166984
710.0,1308.0,201.0,1645.0,173.0,1665.0,-0.4798339205990858,-4.429835903170357,175.3032924646448
1903.0,101.0,219.0,405.0,639.0,648.0,-9.210922950967573,0.5625315446443766,165.75034058298422
1922.0,1071.0,221.0,546.0,821.0,1227.0,-6.802475931180109,-3.8460064639433384,175.67499395328218
1776.0,246.0,1011.0,162.0,109.0,1476.0,-5.605522900518987,4.830532647540638,170.34627066061265
575.0,1336.0,215.0,1955.0,420.0,507.0,-0.3689468824339702,-5.5680046364402065,171.65479045643295
981.0,1958.0,123.0,1825.0,1376.0,376.0,-0.6200283575640262,-10.444215322908757,179.70691920212252
707.0,21.0,1035.0,1169.0,1753.0,728.0,-1.011383503434296,4.4077155990053285,173.84413013078756
1830.0,1114.0,351.0,1457.0,552.0,1125.0,-7.099814539271046,-3.378091505656526,178.8816465512355
508.0,1868.0,691.0,1744.0,1979.0,1325.0,4.909525575604748,-7.1969360577088946,187.56381617054288
1760.0,1168.0,526.0,1344.0,163.0,810.0,-6.029598809681726,-2.5554038605634206,175.55900558632632
147.0,1727.0,470.0,895.0,608.0,1186.0,5.4707662815161235,-5.739631486563692,171.66552195518383
1632.0,903.0,1256.0,1762.0,828.0,955.0,-4.22925349025316,1.9565916979353042,183.77328893971622
1014.0,896.0,1597.0,1506.0,504.0,945.0,0.5526225141297941,3.9427206266393573,179.28509700846834
324.0,831.0,98.0,1715.0,126.0,509.0,-0.6441173953279123,-3.2481833347100886,164.5039200259892
1863.0,381.0,1253.0,436.0,1313.0,1458.0,-5.206767466648239,4.595799860209339,180.36613765418397
344.0,1244.0,1492.0,1067.0,1015.0,725.0,5.729679481069538,0.9849639326246805,176.23641947429846
1169.0,1769.0,1086.0,1593.0,935.0,837.0,0.814720367371844,-3.621953799276791,184.09327018801088
1903.0,1591.0,1331.0,605.0,643.0,1717.0,-1.9935154562759467,-0.3585680759871366,186.1962200174662
1209.0,1362.0,1590.0,384.0,219.0,408.0,1.326196032814014,1.203754428640618,172.70259532694342
563.0,56.0,1300.0,1997.0,714.0,1471.0,-0.2173471418565458,7.375575319264852,177.22353444724007
1546.0,254.0,1504.0,1924.0,255.0,1510.0,-5.108882064277881,7.670630182296406,181.64651337450385
1583.0,1767.0,1668.0,1072.0,1794.0,1328.0,1.3441005824865537,-0.9516399466192277,193.5716005476384
1167.0,1452.0,1734.0,485.0,1071.0,69.0,2.4011746346972105,0.4308468706045804,176.833740425687
984.0,1596.0,285.0,1727.0,185.0,1347.0,-1.2476113983817034,-5.700368930699323,177.41653531702593
1603.0,1840.0,776.0,905.0,518.0,104.0,-2.2035807297802634,-5.337636637370749,175.48768447224393
1142.0,226.0,1780.0,1825.0,1517.0,778.0,-1.5604549128210348,7.680705118635206,183.22791312365305
375.0,1281.0,1897.0,987.0,218.0,110.0,5.611466475837466,2.742575083379149,170.91159767532218
174.0,1035.0,68.0,510.0,1535.0,129.0,2.442076487628749,-5.936076587829838,163.56609912603767
1612.0,1000.0,1911.0,1616.0,287.0,716.0,-2.046219877896808,4.907385313283459,182.71523516967682
1575.0,904.0,1455.0,1656.0,377.0,257.0,-3.607082704774918,2.5811447595289216,178.00522499376015
59.0,774.0,1072.0,106.0,345.0,1194.0,5.373509415664374,2.1590303058725424,164.12923031194813
1297.0,1951.0,1160.0,1159.0,1887.0,1366.0,2.111373837531237,-4.7818489150107055,191.4272223215598
1242.0,1503.0,1427.0,869.0,1751.0,955.0,1.8472302753967254,-1.1091886788474616,185.98438701492663
682.0,1638.0,1554.0,1561.0,615.0,302.0,4.067968692985005,-0.6936716844986556,178.69487731187814
794.0,190.0,1162.0,1371.0,41.0,893.0,-1.5966726917134602,5.503574064516852,168.78511011211845
1348.0,120.0,1763.0,1105.0,1174.0,1776.0,-2.1256856062098035,9.31618113006752,183.18483549598122
608.0,1977.0,306.0,1207.0,906.0,701.0,2.6675725860403072,-8.549805028870537,175.0500674817424
66.0,72.0,1972.0,1250.0,373.0,1730.0,5.4623387687862035,10.96501657626421,173.42261961947924
1724.0,1244.0,857.0,320.0,1633.0,172.0,-3.159203746583333,-3.173344890260351,176.58312924631753
1558.0,1236.0,742.0,160.0,1078.0,778.0,-2.3661383698673553,-2.6431463135204027,174.59969647281747
1888.0,1950.0,870.0,1688.0,14.0,266.0,-4.2327454724255364,-4.941830467661003,180.1979997389034
25.0,674.0,1870.0,1585.0,28.0,1724.0,6.672296383359237,7.657955298540602,175.91893625510352
1864.0,1040.0,1546.0,903.0,812.0,1783.0,-3.0270736624923633,3.503010124605871,186.93401602914486
29.0,1641.0,1281.0,1122.0,1777.0,1590.0,9.607827277345491,-2.1327735428384225,183.9652164206679
419.0,1118.0,1283.0,490.0,744.0,748.0,4.592946416625591,0.7950182367168566,170.6895166129726
883.0,1810.0,1599.0,852.0,1108.0,255.0,4.433228641620219,-1.7877930714151264,179.48110170970998
747.0,1780.0,612.0,1301.0,1126.0,1023.0,2.457009999284334,-6.154588896901549,179.8191821546691
1193.0,1387.0,1501.0,1042.0,1438.0,656.0,1.487814120730259,-0.1160363292106153,183.26450497413046
970.0,459.0,437.0,1029.0,883.0,1218.0,-3.0593827965511764,0.18726661891692326,171.76211946713147
1343.0,711.0,1515.0,828.0,1678.0,529.0,-1.0663660057975484,3.0621576707877813,180.03880034643325
530.0,918.0,1048.0,1444.0,956.0,1612.0,2.6344887996218946,1.28248084206691,179.57335365693456
1742.0,1229.0,719.0,1790.0,851.0,534.0,-5.667221044005304,-2.89153180679731,181.2281087232476
1579.0,1189.0,190.0,651.0,1944.0,1231.0,-4.4662478214511525,-5.919668575444212,180.7446192130859
968.0,1431.0,1607.0,975.0,1967.0,1029.0,3.936147334782106,0.101631067898443,187.11375077374998
790.0,1985.0,1443.0,685.0,1171.0,524.0,5.395376285272817,-3.234200392512178,179.86862150170305
1386.0,1175.0,1656.0,684.0,808.0,388.0,0.0737748015991588,1.9205163415709987,177.4772422316812
300.0,947.0,1225.0,1368.0,1547.0,1519.0,5.12829837490324,1.4935411800619973,181.54289508306363
1194.0,1485.0,1075.0,442.0,99.0,612.0,0.3651233458747241,-1.4174874088366953,171.33534140180893
1081.0,589.0,1489.0,1574.0,60.0,135.0,-1.7492686145660075,4.329015866178368,171.28491118867066
1396.0,962.0,887.0,411.0,875.0,666.0,-2.2381617988789797,-0.5464554079394467,172.81788925365908
742.0,652.0,1027.0,476.0,154.0,722.0,0.4819794589660185,2.2442135820756657,165.45772360633714
505.0,1558.0,1607.0,459.0,349.0,1318.0,6.394480809071419,1.1024200494601306,175.69523840025755
20.0,1924.0,680.0,1538.0,1190.0,51.0,6.443865408204598,-7.2250892142832805,173.37593711752766
1686.0,730.0,602.0,1799.0,1343.0,1148.0,-6.952516188208754,-0.8678601836794568,183.511038310668
1767.0,856.0,105.0,247.0,1037.0,5.0,-6.542824724586074,-4.372648679164281,166.37839772686323
44.0,1901.0,683.0,1431.0,897.0,866.0,6.795081457563956,-6.250636150254106,175.63437673263294
1107.0,866.0,639.0,1097.0,643.0,766.0,-2.428961630172135,-1.0120936966184981,172.4018884130638
58.0,1349.0,1902.0,968.0,754.0,44.0,7.962431996502326,1.9775807839828563,171.8288275667529
110.0,1075.0,1008.0,701.0,55.0,1992.0,5.707127409286002,1.3892857708573492,171.2722782571854
451.0,1923.0,1731.0,114.0,322.0,1752.0,8.630915914245323,0.3458876112317053,178.0478778120334
380.0,489.0,298.0,817.0,968.0,1460.0,0.49019258948840255,-0.5428477156577796,168.7838061292507
1818.0,341.0,844.0,1292.0,215.0,1843.0,-7.561966266790199,4.043095847092178,178.39588259728038
806.0,1505.0,1644.0,1084.0,31.0,4.0,2.9502766561494935,0.6102822654981489,172.13474897064614
716.0,1836.0,1949.0,1408.0,1612.0,135.0,6.389114637825309,-0.7398702186870938,185.29357395871955
760.0,413.0,1661.0,1249.0,1010.0,884.0,1.3216333475349242,6.261410624440612,176.66769068314866
1372.0,713.0,937.0,1032.0,770.0,1786.0,-3.052730207701819,2.0804532061549774,180.0613849439902
1984.0,1787.0,1152.0,105.0,304.0,679.0,-2.3074154631267,-2.5575489495077295,176.98189678091748
1341.0,1180.0,674.0,131.0,1302.0,1709.0,-1.0297055637266062,-2.2248573542071965,178.65838546756376
165.0,1355.0,1963.0,1655.0,914.0,1224.0,8.491252588658009,3.483101870044868,183.1623002435368
1910.0,990.0,370.0,1982.0,627.0,1444.0,-8.564957898611626,-2.583780457974459,183.40569573036896
1817.0,900.0,1018.0,972.0,1746.0,1519.0,-4.677912348853483,0.435412858473443,187.06893506161506
1895.0,1328.0,513.0,1290.0,1595.0,218.0,-6.120092071914315,-5.375187968268254,180.95185909155236
1584.0,140.0,926.0,1931.0,1221.0,1181.0,-7.335335820242794,4.227004226319885,181.71762820814752
1007.0,108.0,1512.0,781.0,1652.0,444.0,-0.869970608943303,5.990046378919375,174.21613250151233
1523.0,1906.0,1061.0,1061.0,843.0,1893.0,0.07532104226768563,-3.5337528975994656,188.73011263496394
135.0,40.0,1409.0,1289.0,1247.0,281.0,2.8731963778284,6.004698407402989,168.4813303366471
1725.0,914.0,960.0,1921.0,331.0,124.0,-6.195002112124644,0.04092730650040363,176.59096047616907
1371.0,356.0,313.0,1754.0,748.0,1163.0,-7.103019370562914,0.14526471526959842,175.20305047178408
266.0,1151.0,1204.0,1368.0,409.0,601.0,4.271448412319346,0.43150976089167503,171.70956371595224
1374.0,1917.0,1510.0,571.0,817.0,1188.0,2.3907475508209086,-1.68759713766965,184.06163833582613
0.0,325.0,762.0,485.0,900.0,524.0,3.233686018088281,1.7520300246526759,161.40084629921006
444.0,1895.0,491.0,719.0,899.0,189.0,3.914341812605845,-7.282635864813112,169.56826249600505
1333.0,911.0,399.0,1975.0,273.0,1987.0,-5.099746012254369,-1.2415460431537084,181.3263640346874
93.0,1429.0,129.0,835.0,460.0,1889.0,4.401151269697793,-5.374028562617494,170.69046299278767
390.0,123.0,236.0,137.0,675.0,1333.0,-0.28363391880448197,1.135208516733841,160.91741182864808
1975.0,893.0,1806.0,340.0,1785.0,404.0,-2.793969580243694,3.2824052656496048,183.06563997884405
637.0,1403.0,1543.0,905.0,765.0,1829.0,5.42943103311614,1.6791912345987599,182.40116100483112
543.0,1884.0,1835.0,1654.0,977.0,1527.0,7.761461152783148,0.2282809612720125,189.19858565026604
365.0,1720.0,1538.0,1535.0,1791.0,1641.0,8.356299553589619,-1.1529043203598213,190.04627508312706
237.0,486.0,1021.0,879.0,1238.0,991.0,3.2875994084695552,2.5098713916027147,170.97787135063246
283.0,1539.0,638.0,77.0,1094.0,825.0,5.367000381004479,-4.557354829333325,168.72957484671696
576.0,1448.0,1150.0,964.0,533.0,1437.0,4.242657491640761,-0.698615446964144,177.44597437749022
1925.0,722.0,1194.0,1200.0,1733.0,1311.0,-5.706296366449513,2.175238255673221,187.5849693980937
1759.0,1312.0,257.0,786.0,202.0,135.0,-5.759304975065933,-4.861815016921035,168.6592921216896
1795.0,1196.0,1071.0,815.0,1476.0,1117.0,-3.4646802500952294,-0.9694338199320652,184.52081685009315
597.0,830.0,298.0,1600.0,187.0,1052.0,-1.2021134949738548,-1.9054213866452177,169.51497159036128
235.0,526.0,1847.0,328.0,1798.0,346.0,6.1659503281677015,5.198496032099387,171.8444716789697
473.0,1069.0,362.0,33.0,1962.0,892.0,2.8436503310400023,-4.514133636968274,170.53310412232923
346.0,1953.0,991.0,1705.0,1043.0,796.0,5.963534420416433,-5.232954881442126,180.9743414023827
1170.0,1228.0,24.0,1641.0,1847.0,1392.0,-3.5243578592128872,-7.119688898348892,183.42538706290657
1104.0,1171.0,678.0,192.0,1056.0,644.0,-0.3105921376475245,-2.7226623342625658,170.97684261692584
515.0,1508.0,914.0,1017.0,1902.0,1437.0,5.043859592696247,-3.645827031884597,183.4778344263116
1056.0,1854.0,1517.0,1658.0,1882.0,1649.0,4.232248095531977,-2.1191609088663257,195.57733473135113
1428.0,31.0,858.0,1955.0,131.0,1021.0,-7.192917626993187,4.997882650531762,173.56381237060194
143.0,1371.0,227.0,374.0,473.0,1661.0,4.450360499079373,-4.582651676804626,167.69627951685908
290.0,900.0,310.0,1793.0,849.0,1107.0,1.0794675161267757,-2.8846670947302364,173.0539744304689
772.0,739.0,495.0,1833.0,1898.0,1487.0,-1.1620638105678822,-1.7540596819286494,183.2996216060572
1705.0,898.0,9.0,1255.0,1071.0,1686.0,-7.582397897863664,-4.192939641004186,179.84652885806472
251.0,1027.0,764.0,4.0,34.0,99.0,3.2626913018756567,-1.0720363418377254,157.18578438445658
1686.0,584.0,230.0,1707.0,245.0,1661.0,-8.49210868382474,-0.5871428190871486,177.16580375969946
53.0,699.0,1181.0,948.0,1506.0,770.0,5.451694542646672,1.8151568764292108,172.4638346184845
1078.0,1283.0,569.0,1508.0,837.0,1091.0,-1.473421816610009,-3.4814531626967664,178.80966327718096
715.0,1902.0,1572.0,1649.0,1823.0,209.0,5.545549978689639,-3.1709735681754667,186.396340975794
168.0,293.0,1083.0,939.0,436.0,516.0,2.3870689497678863,3.8414276255565296,163.62916298032917
815.0,624.0,1780.0,1895.0,559.0,1101.0,1.2336794322239357,6.514984648406239,180.7423042311305
28.0,355.0,1745.0,1458.0,526.0,554.0,4.874450166266766,6.882039281159006,169.707384907224
1491.0,362.0,1718.0,909.0,1961.0,1738.0,-1.8949375378345565,7.261133283882378,187.96494714939772
147.0,879.0,1260.0,1209.0,1830.0,899.0,5.832526560463981,1.1966414255942268,177.96466452643006
367.0,1146.0,1636.0,358.0,568.0,604.0,5.7557226296865025,2.3197982496073566,169.95664799117733
211.0,1123.0,47.0,1397.0,1724.0,1107.0,2.3518455508500313,-6.364016904903204,174.74831644810735
1593.0,1511.0,1763.0,17.0,511.0,596.0,0.7861977915817694,1.227304417364339,176.9338617012439
1292.0,496.0,1842.0,872.0,1526.0,1024.0,-0.31992881388985644,6.527002141168324,182.20960262608463
1795.0,1914.0,825.0,1350.0,712.0,1022.0,-3.0007795294060022,-5.2682235248992475,185.16195612830091
823.0,1385.0,132.0,1825.0,966.0,1743.0,-0.8941887143715648,-6.179838669898976,181.3111332738361
207.0,1992.0,1981.0,929.0,1412.0,379.0,10.184960549325275,-0.9777674343057476,181.07696287120655
894.0,1126.0,17.0,829.0,35.0,1568.0,-1.8594860511148035,-4.08585704951926,168.9370740977945
430.0,387.0,55.0,39.0,761.0,1548.0,-0.03345710900852905,-0.9247192839339313,162.58841021529494
1899.0,1717.0,409.0,1165.0,151.0,1244.0,-5.253240015313238,-5.4886834311409,179.68705302498648
985.0,868.0,663.0,123.0,1234.0,1251.0,-0.10584699543217957,-1.0039262719190951,172.43643401985847
997.0,909.0,1849.0,634.0,359.0,587.0,1.9007135818053096,4.6090350600381,173.42302216722786
863.0,1097.0,972.0,1390.0,21.0,1051.0,0.09658453500503816,0.3027260127100794,173.8294180180126
255.0,176.0,1728.0,1243.0,808.0,1867.0,4.364240126019747,9.174059856390972,176.86471531495013
360.0,593.0,965.0,573.0,356.0,1150.0,2.5202748173020417,2.504797645678746,166.56941820756177
876.0,1845.0,384.0,442.0,1953.0,316.0,2.082573600694716,-8.727529123475113,175.56099561067998
1688.0,186.0,1316.0,408.0,1227.0,129.0,-4.839086959729494,4.364007630049201,171.3349920977871
1627.0,758.0,856.0,528.0,967.0,324.0,-4.378680337627186,-0.10931701954559286,172.02889848499032
1102.0,1727.0,317.0,1961.0,645.0,218.0,-2.0363110168657528,-7.447545829179239,176.4689817999415
935.0,352.0,1323.0,1889.0,72.0,1383.0,-1.7752064617435872,6.176670090664617,176.48389107049798
1046.0,87.0,1471.0,614.0,697.0,1672.0,-0.9705854742594466,7.869199867533399,174.51277481743358
615.0,600.0,720.0,1641.0,1625.0,1689.0,0.3081095568303968,0.7306394738390501,181.59529628734364
858.0,1341.0,463.0,1752.0,1306.0,815.0,-0.4439217967032911,-5.100625546695785,179.6171307254633
1003.0,1663.0,835.0,546.0,9.0,1805.0,1.763100387777401,-2.4572825789838166,176.16778385608876
145.0,992.0,1782.0,1962.0,245.0,7.0,5.070788883263383,3.6201912341714566,172.22393109676042
1313.0,1945.0,121.0,737.0,1321.0,752.0,-1.3078048249837895,-9.63180822037147,177.4720614516232
47.0,951.0,1573.0,1157.0,1317.0,1405.0,7.64732142401371,3.3757186416586484,178.97738777100216
92.0,1087.0,888.0,1783.0,466.0,1528.0,4.65328564005567,-0.10359139037663079,176.04816201789936
1355.0,173.0,1825.0,1885.0,1013.0,1516.0,-2.876290611409914,9.43470630624133,185.64476547923806
601.0,1835.0,623.0,1920.0,1618.0,1647.0,3.8066183712707655,-6.832795646760539,188.3076382840783
1798.0,943.0,1924.0,959.0,1328.0,749.0,-2.057130975829277,4.468214745971628,185.6566326055209
1595.0,339.0,266.0,1080.0,1516.0,832.0,-7.633709427185466,-0.989834788068275,174.7680374176253
1984.0,90.0,471.0,953.0,1630.0,1927.0,-9.894699708751698,2.3469494620168216,181.93436916912017
238.0,1558.0,1761.0,1174.0,982.0,309.0,7.526146762976925,0.39667718448892214,176.79432358468978
748.0,803.0,805.0,1872.0,1445.0,345.0,-0.6661787618044492,-0.9704995251958423,177.03777181229526
1774.0,1017.0,1405.0,1199.0,486.0,1893.0,-3.40919269803725,3.2845572623444905,186.0144302712124
1784.0,1016.0,1727.0,1238.0,1206.0,1816.0,-2.297679540061575,4.396124070811773,191.27072931920998
738.0,808.0,72.0,1451.0,1020.0,1033.0,-2.231769200239288,-3.8240002542172684,172.36001936680913
1512.0,1739.0,1275.0,1791.0,75.0,1607.0,-1.0069219425923661,-1.0505094224902287,187.24871086716956
1314.0,199.0,812.0,1720.0,1065.0,1114.0,-5.610894092750594,3.3005356677536986,177.93721917931288
1207.0,1461.0,1987.0,214.0,1825.0,1993.0,4.934862136616287,2.9625863327440096,190.64485371420227
615.0,1151.0,186.0,1900.0,655.0,1354.0,-0.5947056283928546,-4.509685942229291,176.1491137131315
1286.0,1744.0,213.0,93.0,1066.0,1950.0,-0.35298611366478627,-7.009429981872704,178.49802608582414
1530.0,739.0,1223.0,1223.0,1428.0,777.0,-3.4156043514611225,1.9305545221628135,181.66669373720873
762.0,1534.0,1715.0,1614.0,1042.0,1266.0,4.827054464520329,1.1639793216423189,186.85885144876454
1186.0,668.0,1950.0,301.0,701.0,271.0,0.8445120573908387,5.513210453885364,172.04901027793193
1277.0,1445.0,872.0,1469.0,501.0,5.0,-1.9087788380105675,-3.1899521505917092,174.655040728016
1281.0,1418.0,173.0,1145.0,1506.0,1055.0,-2.8070464866818248,-6.948229260661446,179.70111202509966
941.0,392.0,188.0,1318.0,365.0,1383.0,-4.285278016039172,-0.12929214357133567,169.5793667942952
338.0,1076.0,1509.0,1146.0,1481.0,936.0,5.820961286299205,1.7739735830007217,179.31866363054326
1386.0,1777.0,807.0,447.0,1904.0,1921.0,0.9205566731823467,-5.237987252628146,188.39028588263042
1775.0,1730.0,1753.0,1548.0,549.0,857.0,-1.0678644818200336,0.3917438352636421,188.40168307401106
1859.0,160.0,633.0,567.0,243.0,160.0,-7.988216557879652,2.0573955933343084,164.31371145473128
392.0,1429.0,1704.0,369.0,604.0,1168.0,7.084421303839115,1.8325529060689258,174.97012256299664
438.0,1162.0,349.0,347.0,1845.0,1990.0,3.5915106801874366,-4.2528611981454905,177.46103430524732
1112.0,270.0,202.0,1564.0,1216.0,1686.0,-5.649957782155365,0.04848578230870826,177.10015436707099
446.0,140.0,1597.0,914.0,1127.0,1044.0,2.6586340528764936,7.336531690017642,172.9025126403621
84.0,436.0,1030.0,376.0,1971.0,1206.0,5.159661561860421,2.417906955247204,172.152462965356
816.0,138.0,897.0,393.0,225.0,2.0,-1.8150652907641303,3.1614996842680085,158.6849883600582
1648.0,925.0,138.0,1757.0,671.0,1712.0,-7.507566914018678,-3.2973475442938347,181.03830266463322
594.0,11.0,1914.0,437.0,343.0,1830.0,2.769210628871786,10.720206021733961,171.79572582775302
857.0,1710.0,1968.0,1897.0,54.0,1062.0,4.375607896594248,2.206759765152204,184.8079340800159
1032.0,552.0,1346.0,121.0,1143.0,1475.0,0.744868884474509,4.267582527735513,175.15274043558654
1370.0,1468.0,1715.0,1937.0,252.0,1755.0,0.40346335886458295,2.6555000722617708,189.79894248680372
1389.0,1994.0,536.0,1312.0,590.0,823.0,-1.3397159805439882,-7.067273480350265,180.04432622415547
49.0,1347.0,1784.0,17.0,1518.0,1783.0,10.66345726101791,2.4779571509232743,178.89053326359402
168.0,431.0,1912.0,1306.0,1792.0,1061.0,6.347326328527624,7.299890643174132,179.9932497981003
601.0,644.0,949.0,1121.0,187.0,875.0,0.48719196443277574,2.0957731274481017,168.5714268156384
1414.0,919.0,240.0,903.0,1182.0,1385.0,-4.616458855987799,-3.34835522316091,177.05309454728214
318.0,1458.0,1512.0,1538.0,607.0,1329.0,6.414362537031548,0.9258774302951189,180.70594918991048
281.0,497.0,172.0,1215.0,1336.0,773.0,0.15338711441113806,-2.18263057969009,168.05111072888326
801.0,1025.0,1210.0,1223.0,628.0,1755.0,1.8830354169632775,1.9764273797213674,180.25481192528207
1651.0,970.0,621.0,983.0,424.0,1748.0,-4.945147380226202,-0.6026511854978545,178.8892944472715
1560.0,389.0,833.0,1071.0,700.0,779.0,-5.762970139831653,2.266953639371303,173.34188783115965
307.0,520.0,29.0,115.0,635.0,1480.0,0.7886971728980429,-1.6357673677490325,161.89015068462118
78.0,1902.0,123.0,1813.0,604.0,1616.0,5.030352529827563,-8.584596633681938,177.18274229155074
1940.0,17.0,1250.0,206.0,1589.0,1124.0,-6.410713461657446,5.7935333035909675,177.22361466815752
1228.0,1005.0,1422.0,1416.0,1019.0,1530.0,-0.2355687497992842,2.6839346250211373,185.32859021954604
606.0,1519.0,1024.0,617.0,1543.0,1315.0,4.833787616774918,-2.7776719025351606,180.04870629399522
1341.0,560.0,321.0,1646.0,1791.0,154.0,-6.126157178636198,-2.707182281903796,175.74447133029133
1727.0,851.0,1739.0,1845.0,1576.0,1300.0,-3.183719883410024,4.672283108416602,192.5386965860634
1227.0,740.0,1439.0,626.0,1952.0,1857.0,0.44955936284429454,3.7347695329675887,186.40077245025563
1405.0,1099.0,1296.0,119.0,238.0,669.0,-0.7427628434835325,1.2802838669952759,170.9153074678745
765.0,840.0,1064.0,1282.0,532.0,1555.0,0.8719457953708754,2.073857834969938,177.14878929463532
1717.0,45.0,359.0,1165.0,1239.0,1692.0,-9.057991321477413,2.086761090334381,177.69102013641208
1922.0,1603.0,259.0,520.0,735.0,1014.0,-5.1972670278123045,-6.284741571430781,176.90979237132385
1310.0,117.0,1562.0,1936.0,1544.0,1420.0,-3.4991709196447056,7.948685184337168,186.3987595961361
1275.0,1948.0,1129.0,837.0,1676.0,1853.0,2.613174136764811,-4.300248272216998,190.89750326192004
681.0,877.0,104.0,1315.0,1734.0,1598.0,-0.8521948364446094,-4.3906240690455185,178.49759925931525
807.0,1195.0,386.0,1639.0,668.0,748.0,-1.0574437056009816,-4.045402465225545,174.0092695339981
531.0,995.0,1616.0,1980.0,1111.0,606.0,3.550104467681867,2.816995470554726,181.1946337301115
1637.0,1868.0,576.0,515.0,1047.0,1974.0,-1.4727332690733237,-5.908819745610995,185.12524237640218
808.0,1890.0,1323.0,854.0,1261.0,15.0,4.232726286783842,-3.8524106777225198,177.5710212511347
175.0,1959.0,20.0,1200.0,1752.0,1420.0,5.491764382678266,-10.797157769942299,179.00089716167597
1181.0,1650.0,407.0,855.0,1357.0,506.0,-0.7995122453204196,-6.961833087024834,176.49985931413246
1900.0,461.0,1558.0,1469.0,1610.0,1332.0,-5.599098311530234,5.726848578932676,188.7273293845793
1439.0,452.0,1002.0,957.0,480.0,646.0,-4.37176746526211,2.8008544582159365,171.55783520167802
756.0,583.0,447.0,526.0,249.0,1684.0,-0.9182086437934793,0.609585991251924,167.8815330241521
619.0,1535.0,1581.0,1166.0,1027.0,1360.0,5.689853975399396,0.5381403830765699,183.48796596107843
1793.0,1208.0,1009.0,111.0,1170.0,599.0,-2.972845439510584,-1.4596010317176562,176.34973381728815
550.0,57.0,522.0,606.0,542.0,1978.0,-0.863014029498218,3.6554391906731647,167.86061962346952
183.0,140.0,1055.0,1675.0,932.0,216.0,1.2706076967350672,3.958801203907513,167.573691649971
376.0,120.0,748.0,1708.0,1974.0,831.0,0.05251055387836934,2.4258531905461496,175.68816824695512
813.0,241.0,193.0,1620.0,608.0,806.0,-4.439744469975501,-0.06705444079972411,167.99419575304344
1552.0,885.0,1635.0,1314.0,1059.0,325.0,-2.325123530593565,3.0884656129195296,180.8792322097696
400.0,1577.0,1274.0,624.0,949.0,1336.0,6.506536861787044,-1.1818166630630798,177.58885115442973
1813.0,269.0,268.0,252.0,1431.0,391.0,-7.895585733205998,-0.9333692157811138,168.48029410904175
791.0,859.0,558.0,1180.0,1758.0,63.0,-0.7607474957363828,-3.0380401319067234,172.80502721292356
163.0,147.0,122.0,1175.0,1305.0,113.0,-0.6438516470741746,-1.1883658147563136,161.5865667075596
1012.0,1111.0,743.0,1303.0,1406.0,706.0,-0.7644518991260827,-2.5359404871516005,178.40514264357049
658.0,1265.0,1779.0,1255.0,894.0,677.0,4.528267344000412,2.3887193223675465,179.5842293847694
359.0,179.0,115.0,264.0,900.0,429.0,-0.7360646080466139,-0.7218106514887732,157.59007728308453
110.0,860.0,905.0,1588.0,1610.0,1524.0,4.921896077262761,0.1724349873094863,179.96921529429494
1854.0,1801.0,1891.0,1334.0,1114.0,1639.0,-0.005751912501553498,0.9533835064431069,195.7605935540535
1726.0,1108.0,476.0,85.0,1250.0,940.0,-4.213843975890428,-3.356556378341849,174.67132938613278
1621.0,1423.0,1648.0,449.0,216.0,359.0,-0.6152715908353374,1.14987220719728,175.52176686047363
533.0,996.0,559.0,1754.0,1929.0,1903.0,1.799450718999434,-2.5494737799180753,185.60396201825185
1580.0,407.0,201.0,1262.0,67.0,1607.0,-7.867585671438196,0.3343649302389762,172.10049728431775
574.0,1606.0,944.0,159.0,711.0,624.0,4.298361398490222,-3.1636808344511125,169.6922862337906
373.0,674.0,1885.0,1483.0,1101.0,234.0,4.409185790897533,5.299723952515568,175.42784063101766
1256.0,1346.0,648.0,249.0,183.0,299.0,-1.3419076759248099,-3.0088084792049887,166.5042079196941
1517.0,1014.0,443.0,906.0,772.0,1889.0,-4.320908142297315,-1.9868034080173902,179.6524247145495
139.0,762.0,211.0,1934.0,165.0,1687.0,1.0858717820719679,-1.55903012974934,171.21712679610675
781.0,1458.0,1600.0,1868.0,1487.0,994.0,4.052380152790251,0.33201134685791506,188.20966685066054
361.0,586.0,859.0,1055.0,808.0,61.0,1.3573315454739399,0.6389342465869985,165.23882809161847
1895.0,888.0,904.0,1417.0,551.0,338.0,-6.629290853328078,-0.11223262570136389,176.70191749456708
270.0,822.0,198.0,1499.0,1441.0,34.0,0.6196243339749087,-4.414610012737597,167.87435250722234
1817.0,170.0,214.0,1221.0,1296.0,1687.0,-9.819643774573168,0.5865982206352947,178.61545737248042
1572.0,15.0,533.0,1959.0,1731.0,1025.0,-8.879420836194715,2.230625063650442,180.89688788764332
188.0,742.0,1715.0,1365.0,1332.0,648.0,5.810888414803468,4.407890014914169,176.66462258460476
1284.0,1274.0,1333.0,311.0,760.0,1240.0,0.8212507225618172,0.7176183172663636,178.02067889499327
588.0,1803.0,1630.0,1652.0,1369.0,1987.0,7.3400433950224,-0.41816623232322586,192.38906731058356
497.0,1603.0,1947.0,830.0,1804.0,123.0,7.508904263974917,0.21994725861068276,180.80229553237876
712.0,221.0,897.0,1274.0,74.0,76.0,-2.056332314811187,3.141860095004936,162.69615455661497
1146.0,1609.0,1617.0,1106.0,1666.0,769.0,2.931939531444611,-0.7600176200827912,186.82161564580377
1127.0,1009.0,1980.0,1438.0,1031.0,1556.0,2.120536272683006,5.6633383971144635,187.8760993440464
476.0,1925.0,1714.0,1803.0,1603.0,573.0,7.5292666218053075,-2.043841114383168,187.4847944099314
1669.0,1183.0,1602.0,1759.0,4.0,250.0,-3.2116195218468055,2.2316601077770994,179.26033030106
1967.0,1241.0,407.0,540.0,862.0,859.0,-6.087806117790082,-4.058823671788534,176.0674395379969
872.0,757.0,1897.0,1012.0,1401.0,159.0,2.363826541093309,4.53911685377403,177.33635563646652
1175.0,1297.0,762.0,1488.0,1520.0,555.0,-1.3430444240583057,-3.658958166700944,181.01798404010992
833.0,753.0,419.0,1638.0,365.0,220.0,-2.772662857541517,-1.7535626933912103,167.7398613975189
1049.0,1386.0,1016.0,785.0,1470.0,1797.0,1.8168202006331566,-1.6922082883580536,184.71435872185415
1858.0,356.0,624.0,736.0,735.0,1058.0,-7.628946663794291,1.6114543298583568,173.40309774396215
317.0,193.0,136.0,101.0,679.0,991.0,-0.07790109741277018,0.008440730974890676,158.47223619248058
930.0,995.0,484.0,1441.0,1534.0,1694.0,-1.0380429718123554,-2.6834890344239324,182.52899050249687
791.0,801.0,978.0,883.0,182.0,1436.0,0.4857178659106462,1.9943641152696334,172.14734783318443
1759.0,702.0,780.0,1092.0,787.0,557.0,-6.211658555215946,0.17764784488589644,175.11907834500727
323.0,1684.0,1566.0,1920.0,342.0,597.0,6.066871743171059,-0.3660528310300323,178.9838846659706
1230.0,1185.0,1930.0,1388.0,956.0,569.0,1.264678567490595,3.4176239046931327,183.41752263309326
1928.0,1255.0,736.0,538.0,416.0,1858.0,-4.787794115099496,-1.3191246505334586,180.5984348241668
1102.0,441.0,1331.0,683.0,811.0,1035.0,-0.9855025890615621,4.601828487157558,173.79524896673382
238.0,762.0,1740.0,128.0,1096.0,161.0,5.926016215240333,3.687738208467164,167.0127681284155
776.0,937.0,1087.0,1971.0,1831.0,615.0,0.7180962309908633,-0.26543472815632885,183.24139177593585
1645.0,1410.0,535.0,893.0,1895.0,1554.0,-3.361987301667305,-5.059779681398448,186.78303399133114
1300.0,1576.0,411.0,1614.0,1620.0,1792.0,-1.8938976641032843,-6.393231236754705,188.74166867444129
1209.0,404.0,1666.0,328.0,824.0,1413.0,-0.17852265959830493,6.76997793005586,175.92760681219514
1700.0,1299.0,1688.0,233.0,285.0,1349.0,-0.5346980429323615,2.8047232864502654,179.78707051364754
1351.0,1534.0,506.0,1303.0,1287.0,533.0,-2.3554858198634396,-5.918360475107215,179.43157236609719
1008.0,541.0,1795.0,1986.0,756.0,1870.0,0.3225922857662864,7.892209177902961,186.7716974474347
1147.0,390.0,1604.0,1487.0,112.0,646.0,-1.9836517168812544,6.37647338009211,173.5496838511382
1740.0,74.0,641.0,1842.0,79.0,212.0,-9.42614396033988,2.8469999355784323,169.1029651518585
65.0,181.0,1490.0,251.0,688.0,1042.0,4.889019781621932,6.576997267683568,164.82369211321162
1185.0,666.0,1215.0,295.0,149.0,1370.0,-0.8625965936352119,3.698436044568868,171.09959523297942
1002.0,1415.0,671.0,534.0,1689.0,1884.0,1.5448835146688382,-3.824514205017889,183.04923377272976
1184.0,1547.0,1500.0,812.0,1636.0,325.0,2.1394831200113105,-1.4060412810952876,182.11905949369975
1974.0,545.0,19.0,1452.0,351.0,1827.0,-10.569841691492012,-1.428436720034886,177.25010113641707
912.0,1827.0,1110.0,515.0,1848.0,1261.0,4.4371927302026055,-4.279425710096564,184.38503079797295
459.0,1755.0,1667.0,463.0,67.0,991.0,6.809219386828453,0.4155618737481301,173.63168589971053
1097.0,1281.0,1336.0,73.0,567.0,280.0,1.4642741645484538,-0.008519737664766186,169.9251835948471
984.0,1891.0,1552.0,1438.0,211.0,132.0,2.7343681060859613,-1.6784128957332143,177.97681315584364
1111.0,1739.0,674.0,295.0,743.0,1664.0,1.4865939714242078,-4.493002365811169,178.01211929406227
224.0,920.0,1424.0,1847.0,1638.0,500.0,5.041944412815603,1.675036365629071,179.67716253934802
1553.0,830.0,94.0,545.0,1386.0,1902.0,-5.535770776699988,-3.4353488141054074,178.35442807202543
166.0,20.0,177.0,1557.0,1049.0,1506.0,-0.7081312894636063,1.253670980401996,169.10455169279186
1946.0,42.0,175.0,1991.0,369.0,1641.0,-12.279296085630454,1.8398643369709742,177.0294211236519
1023.0,1275.0,871.0,1702.0,1431.0,1045.0,-0.16751626264238045,-2.526063548163432,183.91969465941386
1117.0,1327.0,1397.0,1073.0,825.0,1186.0,1.3735995849645546,0.680128450657209,181.76439875960654
336.0,1288.0,1232.0,500.0,1371.0,748.0,5.875495448896754,-0.8349704961016092,174.08549718742188
160.0,1321.0,826.0,1625.0,528.0,1363.0,4.796653218196284,-1.8339698056489286,175.926938156936
1732.0,1668.0,1026.0,929.0,1773.0,395.0,-2.106419818245759,-4.50249906641044,184.70400073242007
48.0,1358.0,133.0,427.0,1015.0,728.0,4.355150345132116,-6.182516330472941,164.84590672057112
1264.0,1760.0,216.0,1329.0,143.0,883.0,-2.3992941235528704,-6.886022943171314,174.59408467750495
928.0,1291.0,74.0,274.0,816.0,694.0,-0.8464515792264056,-5.8758706152954145,166.86277822906268
754.0,1259.0,297.0,113.0,1440.0,190.0,0.854158143687354,-5.661742993064591,166.71596054179335
1357.0,1708.0,1341.0,1081.0,329.0,1726.0,0.9340705401719799,-0.6302231048090549,184.92262451890437
1458.0,1929.0,804.0,357.0,1088.0,831.0,0.1072422339506191,-5.7120436115561875,179.22614498106958
1539.0,1679.0,1343.0,1809.0,326.0,833.0,-1.4303529921338323,-1.250503115532235,184.83720315755025
1232.0,830.0,1040.0,51.0,1204.0,1764.0,-0.2680358595649148,1.566089869271065,177.55322926751106
1941.0,882.0,1411.0,1660.0,1415.0,1583.0,-5.231809871031603,3.0711913136251052,191.7654692329952
624.0,1764.0,1167.0,310.0,1209.0,1223.0,5.790104025728791,-2.970594715201329,178.2906099424242
1899.0,1124.0,1731.0,1072.0,1329.0,176.0,-3.0297166775815567,1.9807797549172714,183.77912244247912
1111.0,1296.0,1934.0,1196.0,1676.0,1957.0,3.8818307298431343,3.8044853966464585,193.22712787172216
246.0,576.0,1972.0,1113.0,325.0,1796.0,6.01426694217894,8.449114084199921,176.55068276237597
528.0,111.0,422.0,129.0,1833.0,1571.0,0.04144727622426747,1.3903076557225174,169.66063263128933
974.0,1216.0,1210.0,1364.0,1220.0,1508.0,1.4836790749719198,0.2254425483793507,184.6960131689863
1811.0,183.0,1635.0,1119.0,1909.0,1827.0,-5.019243209515564,8.00182692116704,189.39772985616622
1313.0,880.0,613.0,307.0,924.0,849.0,-2.5589189306621614,-1.3558172632020689,171.18993077692537
1870.0,504.0,906.0,1690.0,760.0,305.0,-7.909713522107117,1.6011837033323602,176.79986393927686
674.0,585.0,870.0,1408.0,1085.0,769.0,-0.17858580624977582,1.1852054561893115,173.838218768256
1115.0,1377.0,1596.0,1698.0,551.0,1031.0,1.275206243087748,1.5573866670255745,184.02154738030166
451.0,416.0,632.0,1584.0,1340.0,204.0,-0.405616633197643,0.09071971589252315,169.8633012294692
1635.0,1054.0,1684.0,22.0,936.0,1488.0,-0.2862411005977735,3.594156521212418,181.11993673282961
18.0,534.0,1640.0,27.0,59.0,865.0,6.004392580301631,5.698073397576019,161.8221548751829
1966.0,545.0,1551.0,955.0,188.0,1991.0,-5.260453826091585,6.729942113849729,182.73990692787584
309.0,1247.0,235.0,544.0,1360.0,380.0,2.76677667806846,-5.806368214761438,166.80987215104088
1680.0,604.0,883.0,696.0,783.0,690.0,-5.198103673447392,1.268706963658735,173.41374539443484
714.0,393.0,279.0,501.0,1159.0,1585.0,-1.3470135808627828,-0.20590526711783702,169.89418800796028
1244.0,1432.0,1367.0,741.0,697.0,1526.0,1.292495775930993,0.41151092727166655,182.17642854576394
45.0,1623.0,1543.0,1226.0,1392.0,688.0,8.937516232039462,-1.0407908502722774,179.24698585223024
1754.0,318.0,943.0,1816.0,1047.0,1580.0,-7.5932810622263105,3.8848229436937114,184.17030832231075
1836.0,609.0,1531.0,357.0,1915.0,1355.0,-3.3186614251664746,4.331812736962903,185.08444036153176
280.0,989.0,886.0,1984.0,1915.0,252.0,3.1630013568481474,-2.0350253618389536,178.43690644247025
851.0,834.0,1768.0,1349.0,643.0,33.0,1.4560125948050393,3.945922580670273,174.17312326128615
379.0,239.0,519.0,1393.0,504.0,109.0,-1.1200352495666632,0.9933501093444556,162.19350985292343
509.0,1588.0,435.0,1935.0,77.0,1807.0,2.050356068685845,-4.562229158425986,178.60588955369946
471.0,1466.0,104.0,266.0,1291.0,1165.0,2.8007177072247087,-6.905608452345332,170.2921374303649
80.0,306.0,1505.0,1887.0,1284.0,282.0,3.809421332895464,5.328070587180009,173.34260074949862
1975.0,198.0,1122.0,1492.0,294.0,282.0,-8.526041760987658,4.422503892523987,173.16743315782367
1180.0,241.0,1882.0,110.0,1411.0,1610.0,0.7450270064189655,8.534769027675559,178.8124256227142
656.0,719.0,1547.0,376.0,210.0,1165.0,2.926627633352094,4.769774782730485,169.949933977806
1565.0,242.0,707.0,1589.0,1872.0,1730.0,-6.911112282525985,2.505975685458777,185.55667178073347
1483.0,1243.0,310.0,1352.0,492.0,489.0,-4.87400507326878,-4.5602042903104785,173.4811124476467
1674.0,1038.0,1464.0,640.0,80.0,850.0,-2.469662230397136,2.684843987922741,175.6009024047144
1211.0,209.0,622.0,35.0,995.0,287.0,-3.615392886844166,1.2739794710066545,163.25236189907153
579.0,437.0,62.0,1752.0,1648.0,807.0,-2.59699154508963,-2.777723948107269,173.21436820190524
1590.0,1046.0,1661.0,559.0,1175.0,815.0,-0.9027075981283824,2.7250138677208198,181.3198512373291
1453.0,1832.0,581.0,1541.0,1886.0,1912.0,-1.25346462348397,-7.111385546527338,193.31538467632583
1962.0,756.0,360.0,1738.0,368.0,1695.0,-9.275266126967303,-0.9043276982353301,181.06164304775706
1217.0,1641.0,324.0,572.0,627.0,627.0,-1.229004346504114,-6.254024819241614,171.6497087752202
1131.0,125.0,711.0,1307.0,1238.0,1412.0,-4.371514244645353,3.2804488834137207,176.45939314233553
1306.0,1150.0,956.0,1505.0,750.0,697.0,-2.286096635836966,-1.029835583674706,178.83217999152282
1262.0,838.0,1200.0,271.0,885.0,243.0,-1.0003018047792924,1.1067383340405343,170.25555419160617
564.0,539.0,1783.0,1464.0,1177.0,579.0,2.9296852864258165,5.843820984698253,177.31278775941504
1406.0,1533.0,1169.0,46.0,1545.0,684.0,0.790853308846746,-2.543818232868758,178.89720564934646
1857.0,1952.0,1649.0,1481.0,1182.0,1969.0,-0.2627454346194043,-0.9697402972929204,198.11441483057132
1579.0,1363.0,1457.0,1929.0,1691.0,127.0,-2.078367203858472,-0.8961304021243406,187.98769293021468
1813.0,1770.0,1077.0,717.0,191.0,1989.0,-1.8860234910080536,-1.8956908439442055,184.9415134015969
9.0,419.0,1563.0,48.0,427.0,51.0,5.176808178101323,4.6873855251988985,158.70913306015996
1823.0,365.0,700.0,1875.0,702.0,40.0,-8.922442231720696,1.0685128141636426,173.94808544376474
1014.0,801.0,1852.0,1782.0,1323.0,694.0,1.110557068184204,4.996840460202132,184.42077495753028
1092.0,711.0,80.0,47.0,220.0,1530.0,-2.964843665874582,-1.8269563487692935,164.8962111100968
1851.0,365.0,1495.0,1286.0,109.0,755.0,-6.013646329265611,6.030922685295607,175.86066777898606
1822.0,870.0,639.0,1295.0,783.0,719.0,-6.73893102959198,-1.2148451559641678,177.40770002655947
1307.0,1981.0,1057.0,176.0,1528.0,672.0,2.151600169017042,-5.2907434194038725,180.51422198517068
1842.0,1828.0,1389.0,1362.0,207.0,150.0,-2.4941397897056854,-2.1257710704859183,180.9242886020045
1960.0,1596.0,494.0,1432.0,341.0,758.0,-6.122725657322535,-5.064005730688795,179.64229688333745
1219.0,156.0,1148.0,1466.0,928.0,44.0,-4.227816506948849,4.087004626013067,171.4072689611987
608.0,461.0,497.0,1091.0,68.0,651.0,-1.4629747079275197,0.6921197824444577,163.4080677582605
736.0,186.0,620.0,619.0,1784.0,293.0,-1.4881979276334156,0.8375649586550012,167.83370855835773
1227.0,944.0,848.0,1020.0,88.0,641.0,-2.4869974014265828,0.039532236977023294,170.58353964456663
1975.0,1500.0,1430.0,1098.0,143.0,1182.0,-3.3455654936868076,0.5838007421098652,183.77402298305316
408.0,1138.0,767.0,467.0,68.0,1708.0,3.493642497835722,-0.34412958885708744,169.4167815197027
1424.0,987.0,1199.0,1705.0,154.0,705.0,-3.2074374114756345,1.5419110060354968,177.78426927564414
277.0,328.0,424.0,982.0,1252.0,783.0,0.6178656516890091,0.06850007403260633,166.89803300249645
587.0,263.0,1936.0,1473.0,1074.0,829.0,2.5156259724431558,8.415225993163405,177.43616275892455
1185.0,1224.0,194.0,608.0,1255.0,1403.0,-2.0825431601963023,-5.16507995900904,176.15069574009868
1998.0,244.0,1541.0,683.0,1771.0,393.0,-5.9951221137340935,5.27940453256502,179.88047843418556
1090.0,1496.0,88.0,1888.0,1806.0,232.0,-2.719377686650526,-8.872259917646494,179.6062407241365
585.0,1501.0,427.0,256.0,1691.0,211.0,2.8306926118456275,-6.510536494325996,169.80551912279202
384.0,772.0,501.0,603.0,1859.0,1013.0,2.3762780031107043,-2.1658093380629424,172.43117705273153
380.0,956.0,1622.0,1685.0,180.0,558.0,3.801191436140339,3.608979652425345,173.60782139678952
860.0,1615.0,762.0,489.0,204.0,1527.0,2.232188712501257,-2.9663471446854666,174.08282917018244
939.0,525.0,536.0,1990.0,1385.0,80.0,-3.743368984978769,-1.1045664814650629,174.03327410918402
678.0,1515.0,341.0,1956.0,1378.0,1482.0,1.062581507456958,-6.437655394654166,183.76626098310768
238.0,1688.0,1442.0,1096.0,1864.0,396.0,7.9351695054653755,-2.578118211904915,180.34410348014129
1349.0,101.0,1989.0,828.0,618.0,1362.0,-1.5872190537150126,10.101707649452871,177.71582870859652
1126.0,1550.0,1392.0,1834.0,876.0,738.0,1.012272561652885,-0.9448062865374005,184.79525401968021
1577.0,1751.0,654.0,990.0,757.0,347.0,-2.537523090925302,-5.656386450454379,177.1750130065765
1595.0,731.0,402.0,921.0,606.0,5.0,-6.177970147376069,-2.0726700652413417,167.75443040307545
739.0,343.0,1846.0,673.0,317.0,291.0,1.5059167904821096,6.886287131376965,167.45902113781037
460.0,728.0,507.0,1322.0,1060.0,223.0,0.2019869622900229,-1.8460543622354015,168.17301394789231
1289.0,895.0,565.0,1040.0,1496.0,468.0,-3.335623863441583,-2.593340273665791,175.61074927986738
1682.0,647.0,256.0,1934.0,1959.0,1136.0,-8.37187167567695,-2.9296538106866707,184.95334173914273
948.0,762.0,440.0,1133.0,1703.0,806.0,-1.9785393111856078,-2.492601650039583,175.85850152416117
768.0,169.0,1330.0,1438.0,654.0,1369.0,-0.5511805835923553,6.667691626780707,175.35339108854447
1976.0,1158.0,65.0,400.0,1972.0,202.0,-7.065514997591413,-6.967098842507518,175.23115825264375
64.0,1324.0,552.0,1356.0,1267.0,1713.0,5.619684982351867,-3.793924825422444,178.19905956002899
1661.0,683.0,1980.0,1629.0,207.0,1955.0,-2.569154449619358,8.393663273266567,187.47664026603718
644.0,1968.0,1842.0,640.0,1037.0,1535.0,8.120228764205763,-0.1998119968535264,185.25344050009141
374.0,55.0,1311.0,844.0,932.0,1495.0,2.2150460378712116,6.957654279531792,171.60780179306926
1687.0,1490.0,799.0,1077.0,1242.0,915.0,-3.2161448256926786,-3.841976992042876,183.12103706442247
1202.0,1205.0,782.0,262.0,1107.0,180.0,-0.7334874988064496,-2.8086945297447894,170.41227729990248
1851.0,824.0,1720.0,375.0,884.0,388.0,-2.875981416546868,3.7719210886049503,177.0848242311073
1589.0,1790.0,1385.0,118.0,1613.0,39.0,0.7202252417719586,-3.3216701948253604,179.63512744761084
95.0,64.0,1654.0,1677.0,497.0,444.0,3.12711208201596,7.8297697158454564,168.47928499505204
1178.0,1880.0,224.0,421.0,644.0,1152.0,-0.2131076220729785,-7.5772180070992,174.08945846974783
1915.0,887.0,483.0,1688.0,1471.0,513.0,-8.161487380618105,-2.972866911834614,181.53597728630123
338.0,1126.0,1315.0,1800.0,983.0,1410.0,4.876634749537379,1.401801134772113,181.88342575063987
1575.0,1941.0,55.0,595.0,805.0,1336.0,-2.829119277694673,-8.923389042321284,178.1132620602424
426.0,1910.0,1243.0,121.0,582.0,480.0,6.4942581350338795,-3.139219247988027,170.3000805061544
499.0,1637.0,1088.0,1706.0,539.0,191.0,3.5226151661511342,-3.0102460621203666,175.08027999701696
684.0,471.0,26.0,308.0,154.0,313.0,-2.3257828894716024,-1.8477222572640537,156.0534685459563
501.0,1803.0,1628.0,1542.0,935.0,668.0,6.397656847666956,-1.1323999996316174,182.33169026648136
307.0,1075.0,1555.0,597.0,1574.0,1185.0,6.815752604894538,2.1301115887690285,178.23539879073155
441.0,1561.0,1987.0,1050.0,1295.0,997.0,8.032970314366375,1.9291475453646707,183.5269725696675
1690.0,1407.0,697.0,645.0,1002.0,714.0,-3.388814129957012,-3.7357581248464506,177.66148517140968
1770.0,442.0,1744.0,1521.0,1472.0,1525.0,-4.303235994623308,7.175882358393494,189.4462382809084
88.0,988.0,1754.0,520.0,414.0,1972.0,8.137656713956034,5.237949640635673,175.08861286043347
1051.0,706.0,206.0,984.0,70.0,443.0,-3.9555166701274755,-1.998782704439362,163.74985176933373
1538.0,771.0,751.0,888.0,405.0,1842.0,-4.341072369430365,1.179989647795829,177.86190651492285
1025.0,666.0,527.0,284.0,1845.0,774.0,-1.4424967582339945,-1.6569496805178434,172.3841928649762
395.0,1984.0,1793.0,607.0,987.0,1929.0,9.835178280589666,-0.15129821231252716,185.23254767715605
1134.0,385.0,1787.0,1052.0,1555.0,1156.0,0.02117605926393426,7.037320475620088,182.27082105561635
1784.0,459.0,1827.0,107.0,1689.0,1961.0,-2.132105750215551,7.445777002641079,186.06235632498368
1337.0,1388.0,1067.0,631.0,1798.0,398.0,-0.1546992205107272,-2.863024579213708,180.11175681525913
847.0,586.0,543.0,239.0,625.0,693.0,-1.094981891523507,-0.14069857213014764,164.24242223172527
979.0,51.0,1938.0,384.0,147.0,639.0,0.0908591999618282,9.03938438725914,166.90442127813054
367.0,411.0,982.0,431.0,62.0,737.0,1.715349091964003,3.2268175905273218,161.36319927445
1611.0,833.0,1014.0,1625.0,1690.0,1361.0,-4.493112757093973,0.7066250268943619,187.9248589241736
1423.0,1622.0,1807.0,905.0,580.0,1140.0,1.6284920128477793,1.4215211886265002,184.60034830847857
130.0,99.0,340.0,403.0,1541.0,642.0,1.2231784512437023,0.3937325323458557,162.26434910132718
68.0,108.0,1340.0,1164.0,1344.0,164.0,3.3485589775288744,5.080131770805528,167.41151439236123
1093.0,1823.0,256.0,1818.0,1003.0,880.0,-1.2287858169771593,-8.337780241413705,181.13480575425064
7.0,344.0,569.0,813.0,1405.0,1848.0,3.623793076049954,1.602881119260033,171.66288653774615
165.0,847.0,128.0,710.0,353.0,1290.0,1.9397368394486152,-2.685519112858371,163.9710596426609
1164.0,1007.0,473.0,547.0,716.0,870.0,-2.1159218278668703,-2.4472625076799526,170.6222770847679
1266.0,207.0,976.0,1737.0,881.0,1915.0,-4.6204734978895186,5.140536593107759,181.82062494222635
1728.0,250.0,1542.0,592.0,1862.0,1344.0,-4.03053034130707,6.359696742450444,183.49582796503023
1773.0,461.0,1691.0,1572.0,1967.0,198.0,-4.740464958707905,4.8998154276502195,185.28803740213374
849.0,1346.0,1674.0,1001.0,408.0,808.0,3.305296186494659,1.9526127461907654,177.35756378503288
954.0,1323.0,459.0,847.0,243.0,1116.0,-0.526414325112589,-3.418373895811764,171.4535859364473
1579.0,1209.0,30.0,1045.0,1328.0,1311.0,-5.530348372653332,-6.202087111130247,179.24596295610468
865.0,505.0,566.0,1700.0,1590.0,370.0,-2.74114178280408,-0.7679343107091918,174.82967016067994
1758.0,1467.0,1541.0,439.0,1345.0,1079.0,-0.6808495125696963,0.1353192196181091,185.39721128324283
1814.0,250.0,1625.0,1303.0,1257.0,846.0,-5.492095453129935,6.740768047479375,182.26842053867762
447.0,356.0,1544.0,968.0,574.0,1326.0,2.9022638280581043,6.646751092198357,172.65833821704507
1237.0,1088.0,1803.0,1569.0,398.0,1875.0,0.8304257581867649,5.106369568871347,186.99815749404013
1623.0,646.0,1981.0,1723.0,643.0,646.0,-2.922793891502379,6.76670012097962,183.2085120026934
39.0,1486.0,1630.0,969.0,1160.0,1160.0,9.204845885884321,0.7395018326559682,178.8569744160241
1378.0,509.0,1000.0,418.0,1016.0,1595.0,-2.7433322380071568,3.012308367540471,176.45325313313066
1470.0,1872.0,1156.0,837.0,1057.0,99.0,-0.02340750663764876,-4.292644826266601,179.41659245907374
469.0,74.0,879.0,684.0,1067.0,1438.0,0.6313733425722696,4.457513776159521,169.7084299152189
1853.0,348.0,1341.0,979.0,1674.0,906.0,-5.754225035844425,4.493880054471406,182.40598870345437
119.0,334.0,1224.0,1492.0,495.0,1616.0,3.536077692618044,5.656240881710332,173.02693762435814
1068.0,382.0,872.0,337.0,363.0,1045.0,-2.031835531418005,2.9294991455071697,166.92989429139146
975.0,1929.0,1129.0,700.0,1282.0,960.0,3.668461746740624,-4.331930749455033,181.86329111310695
1348.0,1264.0,28.0,1157.0,1186.0,1471.0,-4.107938227088935,-6.278943749237433,179.06339895424148
1457.0,1475.0,801.0,1135.0,327.0,590.0,-2.4727133950333657,-3.0114876776108233,175.79322643758533
618.0,582.0,1012.0,626.0,593.0,1671.0,1.564544273066276,3.1320521391904164,172.26737327879326
240.0,498.0,1851.0,1154.0,483.0,897.0,4.842954775713606,7.043441544175071,172.070894400615
1558.0,306.0,1044.0,1774.0,374.0,1275.0,-6.256555474973183,4.624438847713051,178.36394832675123
1725.0,611.0,1765.0,1978.0,303.0,642.0,-4.673808832704291,6.1175822209344695,181.92128086817505
1007.0,1755.0,1817.0,259.0,64.0,577.0,4.114065918979529,0.7380982131541419,174.20105270925046
1439.0,204.0,203.0,1937.0,83.0,1620.0,-8.576850454879331,1.3628016278549242,173.88939242741816
294.0,46.0,254.0,91.0,193.0,147.0,-0.6467839066998317,0.8700298053623949,151.28857671712993
47.0,1104.0,1339.0,574.0,919.0,1262.0,7.310708453639594,1.4811175174145843,172.7974579998646
1006.0,1995.0,368.0,408.0,510.0,968.0,1.3065526545584736,-7.335450491315921,172.83761799361696
920.0,653.0,468.0,251.0,1634.0,167.0,-1.331122805638509,-2.199111876636831,167.0592751567413
1622.0,623.0,1132.0,857.0,1119.0,1595.0,-3.977977191450923,3.086611183911418,181.75952792054937
564.0,155.0,1613.0,662.0,455.0,331.0,1.437973778444358,6.659687132085613,165.26516956538646
1104.0,1485.0,1763.0,1293.0,440.0,422.0,2.0210432717298095,1.3314743550704289,179.5687208177858
1802.0,1695.0,1814.0,884.0,1074.0,542.0,-0.34964481993279845,0.11238652581353054,186.35051038905448
1293.0,417.0,1320.0,51.0,1413.0,1721.0,-0.9500496650973991,4.8979736975032955,177.92192411410485
1926.0,284.0,1916.0,1916.0,532.0,688.0,-6.194988714891915,8.437426222273485,182.91050727393684
1008.0,1972.0,1319.0,757.0,234.0,1226.0,3.5502776467783463,-2.2875760710681043,179.55058889617837
405.0,12.0,396.0,958.0,1526.0,1035.0,-0.878400784887224,1.5652204760159234,168.35835507510615
1476.0,1623.0,1665.0,172.0,1940.0,628.0,2.114505454644809,-0.9584783821979324,184.67755829112258
10.0,1522.0,1402.0,455.0,633.0,569.0,8.02339463088959,-0.6207263744213504,169.35727386756275
467.0,458.0,439.0,364.0,206.0,898.0,0.09452400714630595,0.5302266106142555,160.6203613505446
1503.0,1475.0,539.0,1718.0,347.0,1689.0,-3.742070658126625,-3.740553688611653,183.379493585054
1509.0,3.0,1120.0,1449.0,347.0,574.0,-6.365862551602751,5.661084221112787,171.42769894838733
1891.0,1964.0,1183.0,91.0,1652.0,1930.0,-0.1793672275453415,-3.856666393623656,190.8560020097141
1130.0,377.0,937.0,1331.0,1726.0,843.0,-2.9537972660301706,2.1900252606913684,178.69516480927285
1803.0,797.0,1133.0,1676.0,509.0,623.0,-5.997219677817632,1.7868686150631867,179.55800377088568
903.0,975.0,1781.0,1900.0,1015.0,779.0,1.8516674643667081,4.030365048716131,183.86494192349807
1883.0,1797.0,230.0,1332.0,813.0,217.0,-5.739160512004258,-8.174394769011807,177.84475057511992
1496.0,1122.0,899.0,1721.0,1036.0,1300.0,-3.5777471777253496,-0.9599151088696998,185.05565909865686
1499.0,582.0,1291.0,72.0,1145.0,1575.0,-1.9311366909972265,3.9395350642182474,177.70021553020746
1836.0,718.0,159.0,1730.0,1394.0,1824.0,-9.14054171308271,-2.738380963557166,185.14971503596536
1264.0,903.0,535.0,504.0,1228.0,1691.0,-2.281627781993799,-1.4969289403396961,177.58029283465115
166.0,589.0,1364.0,658.0,971.0,1041.0,5.018947069606412,3.9210710050378466,170.52575263300707
1538.0,579.0,686.0,911.0,133.0,438.0,-5.515221609552259,0.7710249270731784,167.95241568828914
919.0,1446.0,1699.0,904.0,512.0,1584.0,3.976587509369745,2.24122093705637,182.366512693628
446.0,607.0,1475.0,1164.0,1337.0,408.0,3.1673191298929404,3.551323853793458,173.95433950047234
1394.0,1863.0,1286.0,136.0,240.0,738.0,1.3159049632513184,-2.1883112280678225,175.18240838135415
17.0,1255.0,1547.0,1026.0,1060.0,778.0,7.920050838779857,1.2149956699622744,175.0246398856416
1673.0,825.0,1453.0,1929.0,1717.0,1646.0,-3.7683380914959574,3.5139735010490716,193.6311867391283
1089.0,1821.0,1414.0,525.0,743.0,51.0,2.686065530816717,-2.498405107355497,175.06933767962738
1715.0,474.0,992.0,26.0,1779.0,1576.0,-4.1682517803323185,2.499074931771458,179.71269039977082
1155.0,1548.0,531.0,1019.0,122.0,449.0,-1.3824532284357263,-4.4764555319846275,170.78518922747085
879.0,333.0,233.0,108.0,422.0,1298.0,-2.4988243573680546,0.3065098905922457,162.84645627510827
1469.0,1167.0,679.0,244.0,1269.0,1753.0,-1.9404254272673696,-2.080308506171009,179.91453215827445
762.0,1521.0,1172.0,856.0,490.0,942.0,3.1507944518308593,-1.2996847159844056,175.60513922472722
1734.0,1909.0,1078.0,463.0,1885.0,1837.0,-0.05858578530184144,-4.525367497255673,191.8634566793048
304.0,1432.0,497.0,1137.0,1079.0,1238.0,3.982914532546097,-4.713298333283903,175.18952277038528
1748.0,1992.0,322.0,72.0,991.0,110.0,-2.6170604434069733,-8.39973791118445,172.5813165960033
792.0,659.0,802.0,101.0,564.0,1399.0,0.5651864301047087,1.4351156500061626,168.2584218339775
373.0,1565.0,1926.0,1491.0,775.0,628.0,7.1651428912229065,1.6863315622170938,180.61714622597714
1399.0,1963.0,1432.0,100.0,657.0,1035.0,2.4062192932916946,-2.1829693652320237,179.95227724914884
941.0,318.0,487.0,1280.0,1145.0,862.0,-3.4906377045609687,0.6178904880295817,171.9361437557568
485.0,79.0,1465.0,24.0,975.0,527.0,2.2964538511390646,6.066050241191265,164.11326817563284
1633.0,857.0,1016.0,1562.0,1133.0,1574.0,-4.573569773018614,1.2561250096004195,186.05667022963672
1823.0,749.0,771.0,1402.0,994.0,1689.0,-6.645133115309504,0.7395141153673348,184.14926189740802
491.0,79.0,753.0,1467.0,691.0,1119.0,-1.0262749121290098,3.8539797611952027,169.67366852039436
101.0,952.0,459.0,1112.0,1460.0,1114.0,3.8524433721155793,-2.90280320217895,172.7368429061861
1604.0,1711.0,98.0,89.0,1122.0,786.0,-2.9722792889376426,-8.018095776949437,173.52907023368647
558.0,1204.0,105.0,1759.0,233.0,361.0,-0.9595633597843751,-5.263177818511661,167.59461818972017
1574.0,1174.0,975.0,1968.0,1167.0,1397.0,-3.8757276132105494,-0.8872386003769159,188.56170745651852
416.0,477.0,1633.0,1.0,1025.0,388.0,4.148204197846567,4.78934729145764,166.10871543012027
1340.0,1875.0,1432.0,1713.0,421.0,1523.0,1.1389148200835066,-1.3447543067483925,188.85058366037808
663.0,1395.0,1144.0,918.0,610.0,515.0,3.005714515310622,-1.2938833709392317,173.03726487106167
109.0,852.0,1046.0,1129.0,401.0,696.0,4.117975950541904,1.207324251256019,167.7606123891157
166.0,1870.0,330.0,486.0,1145.0,532.0,5.567203007972472,-7.977959166114671,168.87467143292255
1578.0,1644.0,1211.0,1664.0,518.0,1624.0,-1.5317305507174952,-1.3058363603073384,188.51502742003785
703.0,1669.0,224.0,872.0,1764.0,1602.0,2.3547442734597244,-7.944919771064889,180.9570166524344
110.0,258.0,1798.0,131.0,257.0,97.0,4.685212095898465,6.594489229647771,159.30355605221098
153.0,76.0,1465.0,1908.0,583.0,1864.0,3.1625551112822476,8.677116163042871,176.79579852319083
769.0,1833.0,1712.0,1357.0,1205.0,1947.0,6.574495738669697,0.0005245294719095073,191.3659547980868
1206.0,699.0,117.0,747.0,1341.0,672.0,-4.34426421778028,-3.511370749674356,170.53268012316258
1509.0,888.0,501.0,1417.0,61.0,48.0,-5.791088613340445,-1.8171609111815767,168.6029431097078
441.0,1070.0,281.0,685.0,224.0,1311.0,1.4020599898521668,-2.866223255920706,166.65078806452033
1920.0,21.0,1566.0,453.0,125.0,1269.0,-5.906719958810134,8.336456201164218,173.05749044433057
305.0,1476.0,1364.0,1510.0,1148.0,1212.0,6.4895169825596195,-0.5369253055412694,182.0311097587827
1861.0,815.0,1206.0,517.0,1919.0,413.0,-4.2725565314947875,0.6245654651397503,180.62492111126113
569.0,1352.0,355.0,1575.0,710.0,1747.0,1.4013169359565665,-4.411218071181065,178.4619590040898
891.0,1036.0,551.0,1657.0,1859.0,1325.0,-0.6950848594559619,-3.1828190790590396,183.75901713659334
1852.0,231.0,616.0,1014.0,328.0,1601.0,-8.365925853711909,3.077387100031441,174.7049729795778
1689.0,706.0,689.0,1824.0,414.0,57.0,-7.208933815686187,-0.40073383727690365,173.4436791855848
1008.0,164.0,655.0,1378.0,45.0,1017.0,-4.271325598432056,3.282020440358382,167.8545461994256
1485.0,1247.0,1959.0,191.0,1956.0,277.0,1.6211552611435107,2.006775843246272,182.64952659921153
137.0,1973.0,713.0,356.0,817.0,1149.0,7.428386259922363,-5.838671790640055,172.08904709768765
1753.0,232.0,581.0,1063.0,147.0,1125.0,-8.024256866695042,2.576049627764771,170.91638846926799
1716.0,1655.0,672.0,1120.0,1460.0,119.0,-3.519139954739387,-6.0943951259452325,180.53507410993518
1009.0,1835.0,1468.0,267.0,798.0,876.0,4.139046151109582,-1.6865513236646699,178.1889694939764
1373.0,1888.0,1873.0,1747.0,188.0,1771.0,2.296808546088498,1.3312014577517202,191.5741882866033
1902.0,373.0,297.0,55.0,1362.0,1276.0,-7.704298662935692,-0.45503628642906613,172.84727572070395
806.0,1493.0,1575.0,639.0,1506.0,1576.0,5.358389576252494,0.4944587308216747,185.07501398725407
1661.0,1544.0,282.0,1397.0,216.0,96.0,-5.344670700679479,-6.047961070016854,172.44328541905435
24.0,763.0,1366.0,582.0,1678.0,446.0,6.484467629969143,1.9064297203420226,170.82878933728736
1972.0,859.0,198.0,269.0,941.0,309.0,-7.393582050195414,-3.6429383183392927,169.10400093574225
260.0,697.0,659.0,1971.0,1638.0,1251.0,2.151514864511429,-0.5582646340915602,179.42578909394706
878.0,1625.0,270.0,910.0,1828.0,1427.0,1.1723363541631022,-7.648894782800559,181.53722779936294
718.0,1148.0,1097.0,110.0,590.0,1087.0,2.9687131344496085,0.2021093973440372,170.47437334244623
934.0,1366.0,407.0,1740.0,1355.0,635.0,-1.057451563626675,-5.6954726223883805,179.0657987051105
114.0,1757.0,1650.0,915.0,174.0,103.0,7.585888915152027,-0.5524348242337282,170.00276204069056
378.0,119.0,1271.0,1571.0,1007.0,963.0,1.3043335692440672,5.970163776782203,173.2326288844757
1485.0,1025.0,1887.0,805.0,334.0,854.0,-0.3786504666313403,4.602273865673069,178.8918262606492
296.0,525.0,1158.0,494.0,1911.0,1645.0,4.695586788445375,3.152296154791809,176.94843840200951
1151.0,871.0,29.0,633.0,284.0,357.0,-4.047091884630832,-3.8087051972370474,163.00009345441376
144.0,1767.0,752.0,1662.0,361.0,1401.0,5.866006837236847,-4.328443009766756,177.14323471972415
266.0,921.0,823.0,511.0,1806.0,799.0,4.387136432676215,-1.3990259778605372,172.3392701471727
1790.0,504.0,733.0,1065.0,838.0,728.0,-7.008163107869036,1.038647094049859,174.96503813177725
1124.0,1295.0,1155.0,397.0,1308.0,400.0,1.035319448614293,-1.488134400349065,175.30248535037816
445.0,400.0,1697.0,1746.0,394.0,1106.0,2.547461835315514,7.287604722713674,175.5638188677263
193.0,1980.0,340.0,249.0,1852.0,41.0,6.083326199255998,-9.493934178472323,169.2830900474434
993.0,71.0,1432.0,1738.0,1956.0,717.0,-1.9338747162297938,6.312331783665096,181.44169633167786
1018.0,154.0,974.0,1498.0,1723.0,1835.0,-2.6619991783572248,4.718189372560559,183.07092765577195
300.0,131.0,264.0,864.0,1108.0,1570.0,-0.12809451397143123,1.1082557326152345,167.87486951793147
737.0,533.0,511.0,1710.0,1320.0,88.0,-2.303338765084832,-1.210512445134193,171.2212205197655
35.0,1516.0,1159.0,728.0,1902.0,1071.0,8.674246630162603,-2.6154777008187455,178.68434138396034
1836.0,34.0,1559.0,447.0,584.0,1366.0,-5.322308729562499,8.153114146276003,175.57303403168896
540.0,1357.0,54.0,1654.0,167.0,1370.0,0.06671120097723271,-5.59949698896993,172.35788003388566
923.0,275.0,1262.0,1031.0,1067.0,1387.0,-0.7258423223542425,5.422280008524814,176.5615786826629
552.0,487.0,1907.0,563.0,1108.0,1222.0,4.368304293821417,7.245331656745359,175.7848169357419
343.0,1813.0,1926.0,842.0,1149.0,287.0,8.442733390402537,-0.22113077552764066,178.46003920880747
10.0,370.0,413.0,1470.0,1675.0,199.0,1.7285053756071562,-1.0939115201150755,167.303638755326
1134.0,327.0,1131.0,867.0,48.0,600.0,-2.7434125400924048,4.2463114494612375,167.06225737817476
1961.0,1566.0,434.0,171.0,1977.0,1372.0,-4.226176260346177,-6.427649293782572,184.28743502811432
1746.0,98.0,1510.0,1602.0,580.0,51.0,-6.594595835459243,6.369004054893916,174.36311713332552
209.0,291.0,415.0,1050.0,1450.0,796.0,0.9333198571795331,0.05488996755983594,167.74391636408149
920.0,23.0,1062.0,341.0,1662.0,1600.0,-0.9524321350463487,5.382457039140923,174.78132152603584
428.0,1272.0,679.0,1041.0,1176.0,1725.0,3.7924014581537078,-2.669695107753992,178.54205508512945
1801.0,1278.0,1876.0,1839.0,1325.0,636.0,-2.254351326067578,2.5498060590283758,191.14813489146033
137.0,1944.0,1090.0,1254.0,1275.0,1985.0,9.097907267145018,-4.033063630876588,185.21637932146817
1889.0,559.0,1639.0,1954.0,177.0,1622.0,-5.881791023219287,6.9666815018864305,186.02249768509336
1986.0,142.0,1847.0,299.0,53.0,598.0,-5.117201670676512,8.14897969727148,170.89961450623377
1297.0,663.0,834.0,1929.0,353.0,1778.0,-4.282741598159697,2.1863126769255965,181.23986203007797
125.0,1554.0,660.0,163.0,1727.0,1157.0,7.065518617045811,-5.040500610890961,173.389201436405
863.0,1149.0,1954.0,108.0,1516.0,1283.0,5.33748731703229,3.8496155955759317,181.24070236785712
213.0,736.0,219.0,1235.0,551.0,1512.0,1.3655023362113647,-1.808117025692836,169.02914054626453
1036.0,1695.0,866.0,1367.0,167.0,6.0,0.0009315593909380304,-4.019836519172037,172.40829124819683
962.0,742.0,589.0,319.0,701.0,1822.0,-0.7529169797901117,0.22956554979353905,172.48055571001154
1643.0,1125.0,398.0,867.0,37.0,1175.0,-5.1737644019492475,-2.486596608103572,172.8928452403154
542.0,1252.0,393.0,1067.0,1001.0,1315.0,1.771270887574223,-4.167296373059388,174.67204047764952
1005.0,1461.0,1043.0,1082.0,679.0,1041.0,1.2037087235530033,-1.7763829920927692,178.57891141435283
1076.0,1923.0,1462.0,1770.0,1783.0,1942.0,4.19072274789872,-2.509683616150855,197.32948680205698
1492.0,360.0,1760.0,442.0,1291.0,166.0,-2.0831426005268665,5.670933407796789,174.24616398438303
1381.0,1790.0,1862.0,1534.0,1680.0,985.0,2.568571215691101,-0.23242376613640453,193.6557280414352
662.0,626.0,492.0,783.0,364.0,1421.0,-0.4770720276896014,0.27963217765999693,168.44121595055205
1376.0,184.0,156.0,116.0,346.0,117.0,-6.021744150033991,-0.3283876288079295,157.63939384228797
571.0,343.0,523.0,644.0,292.0,34.0,-1.218112950421057,0.5840593713124861,158.41847406099967
58.0,352.0,1869.0,1197.0,806.0,532.0,5.446183649603994,7.233647358345796,170.42708932548058
621.0,1890.0,586.0,331.0,963.0,601.0,3.858586352170004,-6.53364533058148,171.46667342423686
1563.0,1603.0,178.0,410.0,1026.0,1329.0,-3.090083227061866,-6.853308251445523,177.24920854654627
1047.0,66.0,874.0,1068.0,1813.0,1404.0,-3.054552432118743,4.015447617510761,178.27093852574737
933.0,1733.0,1388.0,1288.0,1848.0,1866.0,4.658002766365981,-1.92198164725066,192.66189752837948
1579.0,1729.0,752.0,19.0,1389.0,164.0,-1.0487017053196643,-5.664568500500392,174.86923600973464
302.0,1006.0,732.0,1726.0,1298.0,371.0,2.474164339394766,-2.247324305537291,173.98685684738567
657.0,1334.0,1665.0,99.0,1461.0,561.0,5.638254672105277,0.7953060825351819,175.6346280021201
411.0,179.0,316.0,1306.0,1111.0,644.0,-1.4044769831675135,0.28042169170666653,166.476591321328
886.0,1997.0,607.0,960.0,1021.0,420.0,2.106398510230401,-7.348479147980852,176.115065169612
1686.0,1318.0,1404.0,958.0,1335.0,105.0,-2.0891847267873036,-0.6757739567292027,181.10800072211114
312.0,30.0,1409.0,385.0,1333.0,342.0,2.730667735996387,5.74942442959632,165.44485544324405
91.0,1106.0,1013.0,1181.0,458.0,1965.0,5.88298871239866,0.8577617585316413,175.81717455392953
1569.0,1516.0,1209.0,1331.0,553.0,1866.0,-1.384591740478332,-0.4492450395502058,187.51611820995902
945.0,1214.0,1357.0,1690.0,1713.0,1236.0,1.9494323334558137,0.36328450757281777,188.1097245057697
12.0,1885.0,1707.0,1355.0,946.0,286.0,9.415838114495669,-1.46917129089714,177.48201391842616
389.0,1500.0,1859.0,1242.0,1409.0,923.0,7.699192048977914,1.4390070472009584,183.51669404919727
1809.0,1950.0,1732.0,307.0,723.0,774.0,0.6317087595480684,-0.9907233471270331,183.67817336131824
1349.0,1958.0,1564.0,1140.0,1109.0,366.0,1.9495863098150876,-2.6229173970770447,184.60632240005356
233.0,1921.0,1311.0,1515.0,897.0,545.0,7.244629088632599,-3.39485665508825,178.8286834947869
219.0,1166.0,1444.0,1104.0,590.0,72.0,5.14038126991625,0.8535137141464599,169.56980963385757
932.0,837.0,54.0,797.0,667.0,1048.0,-2.713388766104045,-3.528236401434463,168.28914852418902
696.0,1258.0,1358.0,684.0,442.0,727.0,3.2641774351859127,0.7314638654812249,172.62223264034964
1990.0,741.0,404.0,1779.0,1016.0,1719.0,-9.375183243329896,-1.2143213240110289,185.0764035858062
1844.0,131.0,870.0,220.0,373.0,765.0,-6.798714248510093,3.761012951696273,167.36587388175317
319.0,61.0,594.0,1945.0,1880.0,1764.0,-0.07034576646661875,2.977908040223832,179.86777978168283
1061.0,1283.0,214.0,996.0,1418.0,1921.0,-1.2658118490537629,-5.359679833955525,181.45022784094624
945.0,570.0,256.0,86.0,711.0,3.0,-2.470862243175247,-2.039061353123436,159.21191340824947
1590.0,527.0,1116.0,319.0,57.0,994.0,-3.893051615327174,3.562878683827882,169.606164718654
1692.0,438.0,198.0,797.0,574.0,97.0,-7.843933706956911,-1.5410337354766597,165.2415281742685
1036.0,20.0,1228.0,339.0,1797.0,1819.0,-1.0215945264099873,6.452846170738153,177.96803073532584
1899.0,1984.0,1773.0,932.0,1976.0,902.0,0.397420055467561,-2.0768862861314554,194.85625059519597
1723.0,749.0,88.0,807.0,1394.0,1198.0,-7.283073486499906,-3.59290997527419,176.44606915933065
701.0,746.0,1178.0,1956.0,733.0,1429.0,0.719116053034225,2.9457040912159598,180.76438866736808
711.0,1401.0,1506.0,1777.0,1320.0,1925.0,4.661993289433781,1.1315994285214392,190.52446453329654
1625.0,553.0,157.0,766.0,1438.0,294.0,-7.119579225137862,-2.97228505328843,170.62751824403944
1334.0,869.0,1079.0,482.0,926.0,429.0,-1.7776822227581255,0.5554867912295851,172.42330293486071
120.0,1280.0,1029.0,627.0,545.0,1417.0,6.285480149956624,-0.46461427759344054,171.6977339066143
471.0,1249.0,1006.0,1701.0,1954.0,200.0,3.3788326581649093,-2.850652752956676,179.8349671719116
1700.0,1183.0,1569.0,1563.0,1333.0,93.0,-2.772857975808435,0.8519506578299388,184.35322649674114
1015.0,846.0,93.0,269.0,1483.0,1925.0,-1.8343152800099876,-3.5643699604772054,174.95601118773618
461.0,1001.0,1744.0,1464.0,1390.0,384.0,4.809127909421834,2.9165146020304156,179.1038412986062
802.0,792.0,1632.0,1822.0,18.0,1618.0,1.4256384076489592,5.784554275774017,180.27867018424033
89.0,624.0,1438.0,479.0,1243.0,655.0,5.8116397262347945,3.4602772605435472,169.1367753726581
1252.0,980.0,742.0,1068.0,580.0,1078.0,-2.505690247558437,-0.7452786574229129,175.40778848595463
1856.0,1023.0,1737.0,259.0,428.0,845.0,-2.179514530196498,3.71073259664431,177.6535271658186
1782.0,1243.0,1358.0,1477.0,1017.0,1108.0,-3.341690703905828,0.6840366332380978,187.19278157300425
1504.0,1230.0,1110.0,1320.0,1592.0,1001.0,-2.0784692187982756,-1.1677825610004626,186.04289603366746
1733.0,852.0,278.0,1002.0,1905.0,1784.0,-6.582363197984589,-3.279608462617393,184.75281920309388
1953.0,701.0,1038.0,1897.0,355.0,1394.0,-7.603623246636143,2.691106661958153,183.53856771592584
478.0,211.0,305.0,1842.0,302.0,490.0,-2.752264276628911,0.6352557725537914,164.64823081492193
1215.0,358.0,1298.0,1865.0,392.0,1675.0,-3.2327004271090054,6.143154636895164,180.860682243055
1500.0,833.0,124.0,1486.0,496.0,903.0,-6.747232930848967,-3.204114477446524,173.28984341726783
406.0,1469.0,1692.0,960.0,1376.0,438.0,6.732942062869805,0.27771150827184266,178.50626100181313
687.0,592.0,371.0,1272.0,1471.0,1570.0,-1.0332239343847551,-1.1128295686032663,176.79585718588544
889.0,1296.0,320.0,1564.0,591.0,1832.0,-0.8630315903816346,-4.105800539553284,179.4220402312731
1631.0,911.0,1359.0,1689.0,1863.0,1061.0,-3.3924521615704517,1.753333437192476,189.90538820135336
354.0,1467.0,746.0,1918.0,1223.0,270.0,3.2952437420210794,-4.584615175329734,176.67142648435532
1267.0,882.0,187.0,210.0,1249.0,1791.0,-2.99881893307833,-3.0891349202510523,174.71629356323388
1633.0,928.0,1868.0,1635.0,828.0,1249.0,-2.044308735853124,5.324811880121686,187.88659721628102
58.0,1581.0,771.0,626.0,996.0,855.0,6.661211851693067,-4.111536595172277,170.9196062197309
539.0,354.0,222.0,536.0,243.0,630.0,-1.4494317661372702,-0.26706709883137275,159.02526421847526
688.0,368.0,1691.0,63.0,692.0,59.0,2.0871316925688346,5.353782136861445,164.19452093971293
1942.0,1316.0,486.0,1794.0,1083.0,479.0,-7.240337145106892,-4.817553295320478,182.26445035592852
871.0,452.0,1343.0,905.0,1759.0,1386.0,0.8530449262494852,4.441739749220212,180.58455443282898
796.0,596.0,198.0,80.0,1403.0,321.0,-1.382419541436088,-2.8559698959660897,163.44206610368107
273.0,1513.0,798.0,1028.0,1969.0,38.0,5.141838366201458,-5.3446445715480575,174.67463447936615
886.0,579.0,850.0,1037.0,91.0,681.0,-1.613146671671132,1.8154570304288313,167.25725433826142
1654.0,1474.0,444.0,283.0,1480.0,1662.0,-2.8332924162354085,-5.176982057707323,181.93100994963223
507.0,1191.0,320.0,881.0,108.0,1062.0,1.0768137390097514,-3.343216893053839,166.93617174581087
717.0,579.0,1900.0,1144.0,1181.0,56.0,2.414369383612295,5.46806644938978,174.5915801594038
1599.0,785.0,617.0,493.0,933.0,1977.0,-4.382372851956521,0.06071516811210553,178.94481905586252
1594.0,1226.0,800.0,1940.0,1869.0,820.0,-4.3131689018054,-3.285616726023834,188.4486829696149
795.0,1648.0,1283.0,1211.0,988.0,1451.0,4.074573830438999,-1.5025575377794271,184.01066339777083
171.0,1761.0,1406.0,1888.0,600.0,1216.0,7.5591718960333685,-1.3152105318154796,182.05706109398457
1078.0,1914.0,386.0,1626.0,1143.0,578.0,-0.3613025581544049,-8.380471885655298,180.3658174829269
405.0,668.0,890.0,1833.0,1338.0,1144.0,1.7362398287325167,1.0332864571290332,178.40665002236895
732.0,1738.0,591.0,1063.0,1182.0,1740.0,3.076080283198796,-5.622022247230621,182.1917475242271
846.0,1403.0,1526.0,425.0,1390.0,415.0,3.9668035797815078,-0.2726569015740799,176.91627468008517
1685.0,1901.0,1216.0,1116.0,814.0,644.0,-1.1242594261455743,-3.5495929867659335,184.0313828214302
678.0,1966.0,78.0,188.0,1922.0,706.0,3.1419229223652865,-10.510859310337796,173.92016016312093
459.0,1152.0,56.0,147.0,1887.0,1775.0,2.6159520083818157,-5.892173686191089,174.01219759592252
978.0,520.0,214.0,223.0,1283.0,622.0,-2.66087544963763,-2.0710942882113232,165.75621296157382
192.0,474.0,483.0,1643.0,383.0,1348.0,0.9119460714132033,0.9081148208673643,169.3266853111979
1550.0,1392.0,1144.0,1523.0,294.0,24.0,-2.9541360810235107,-1.4209847889610983,176.51483155210153
107.0,937.0,1235.0,198.0,1415.0,1851.0,7.341276750193165,1.9345287348765332,175.32345375642265
663.0,1459.0,1266.0,212.0,1706.0,231.0,4.6860283490635934,-2.248306020974752,174.40491267031848
815.0,403.0,1282.0,1918.0,1996.0,773.0,-0.37415880324138906,3.771989126913001,183.02767897193365
1668.0,599.0,1939.0,540.0,128.0,674.0,-2.2692127909262902,6.670734775743156,174.37577254047395
1843.0,1540.0,609.0,444.0,565.0,1858.0,-3.6767216698658536,-3.5334831451647224,181.25513341022508
222.0,1830.0,125.0,1528.0,346.0,846.0,3.3841971508826147,-8.046210895153271,170.87241493084474
1396.0,1873.0,440.0,758.0,737.0,1347.0,-1.0960766793101568,-6.65365245673126,179.5996638839692
1531.0,1215.0,378.0,605.0,1311.0,1514.0,-3.5665799257696085,-4.1607857043785454,179.69240738436542
493.0,1624.0,1864.0,940.0,1992.0,660.0,7.9412877727130935,0.06455527212939671,184.77142060165534
599.0,1130.0,1959.0,475.0,883.0,551.0,5.458171964819007,3.657630054842497,174.67635388293988
1120.0,1879.0,1898.0,926.0,1771.0,916.0,5.079536843220934,-0.6645806505577286,189.817789349426
30.0,666.0,695.0,1182.0,1526.0,1261.0,4.22851161308401,-0.08228444225122622,173.6026405165163
1570.0,1387.0,1750.0,365.0,1633.0,1623.0,1.292185899804669,1.8950715805788165,188.96022039031806
1531.0,1780.0,1977.0,857.0,1180.0,1084.0,2.3349241224913704,0.9209550985040905,189.4119240476109
1592.0,1485.0,816.0,80.0,579.0,454.0,-1.8749484663283247,-3.1639568693305953,171.78123141638008
1621.0,1116.0,1255.0,963.0,791.0,892.0,-2.6305660484058313,0.7827989815172561,180.25596434323046
516.0,115.0,1989.0,997.0,1936.0,673.0,3.5475937282514356,8.654192458280813,177.69426018600302
814.0,1040.0,242.0,1775.0,1573.0,1060.0,-1.5632789114755967,-4.812397399253116,179.46987738720287
918.0,838.0,459.0,314.0,1215.0,1587.0,-0.46926435094452024,-1.6041522720495653,173.49593721161267
1722.0,1283.0,1102.0,1134.0,864.0,1252.0,-3.2241033274583506,-0.5840619497996913,183.9531791001301
1230.0,1683.0,1550.0,212.0,1341.0,1706.0,3.6464937332509306,-0.3586332455051351,185.78135379469998
566.0,413.0,16.0,660.0,1316.0,1221.0,-1.4542556925639634,-2.122007244592782,167.61496242699243
1335.0,1543.0,122.0,708.0,1984.0,1202.0,-2.1642259379139417,-8.23288616940381,181.2276119112708
673.0,1271.0,1333.0,1758.0,335.0,669.0,2.345786563836637,0.6086789988945285,177.12803947775376
757.0,1771.0,1037.0,1472.0,446.0,1016.0,3.0123476712549326,-3.201403253356486,179.4572246288782
1981.0,538.0,53.0,1462.0,842.0,1179.0,-10.547539440065808,-2.210799838924404,176.68831654011657
817.0,1499.0,811.0,583.0,377.0,1225.0,2.119562333740552,-2.58164018692869,173.3698559344466
179.0,1513.0,1129.0,286.0,360.0,623.0,6.27339129769771,-1.5296877979888117,166.8908512623835
524.0,1541.0,1565.0,1878.0,182.0,879.0,4.618600739158902,0.742554616334622,179.77007917984517
940.0,122.0,794.0,716.0,850.0,391.0,-2.765406790343448,2.8092220297226356,165.61091566214174
730.0,1030.0,842.0,1205.0,944.0,356.0,0.6030597524412835,-1.4550699643418905,172.35838816304295
423.0,1693.0,97.0,443.0,1481.0,154.0,3.003130223636996,-8.84834600897599,167.65590112594933
182.0,944.0,821.0,408.0,1416.0,316.0,4.385769620785659,-1.577458383762786,166.96955763275236
487.0,150.0,1798.0,654.0,1246.0,417.0,2.92509749653803,7.29422989733477,170.20526462973473
13.0,1862.0,1046.0,923.0,861.0,1383.0,8.69278713847812,-3.695282767078313,176.98905240708766
633.0,1755.0,1345.0,1817.0,1920.0,1305.0,5.744507710467247,-2.8561266157682734,191.13648907152813
240.0,1739.0,860.0,105.0,695.0,1216.0,6.742106982801097,-3.748303662384284,170.73442333852256
1085.0,1232.0,1417.0,1220.0,959.0,1563.0,1.5025516601168505,1.5170529896447977,184.59610134486843
534.0,662.0,272.0,288.0,1800.0,403.0,0.45548914358083875,-3.1701927263516634,166.34580182224573
1136.0,1232.0,1559.0,1525.0,1388.0,1242.0,1.3989175225792476,1.6327719291178677,187.73286628073885
946.0,844.0,1160.0,1768.0,1415.0,1777.0,0.185175197429306,2.0971520165045274,186.84417253424695
72.0,1045.0,14.0,75.0,1569.0,668.0,3.6513295009353284,-5.831981095142389,163.49043276951988
328.0,1788.0,593.0,786.0,652.0,1510.0,5.33334879681429,-5.267153575008381,174.91892534435465
428.0,911.0,1040.0,671.0,1046.0,473.0,3.161574811251621,0.1139340443472554,169.54576600858763
1583.0,1973.0,620.0,1853.0,939.0,1101.0,-2.6153185920285464,-7.0356445202014255,187.39219258442094
726.0,1325.0,1318.0,371.0,1262.0,828.0,4.084105259622983,-0.4224512369749652,176.01639298248045
1279.0,1582.0,1523.0,1192.0,459.0,326.0,0.690905231188833,-0.4021094675720789,178.8450239083318
1098.0,1177.0,320.0,1964.0,1316.0,1567.0,-2.789346849105753,-4.552989446869562,184.30737152874576
397.0,1834.0,303.0,1212.0,345.0,468.0,2.887607320805916,-7.233167106018651,169.2057672703778
1170.0,1106.0,544.0,802.0,1559.0,764.0,-1.6641233997466183,-3.581783248100935,176.6199023402275
1149.0,1397.0,376.0,20.0,221.0,1824.0,-0.43003333894877793,-3.4924204931247944,171.62432163312658
607.0,1244.0,933.0,39.0,1141.0,1643.0,4.186084724811895,-1.114828774630981,174.81938894999138
263.0,1536.0,57.0,92.0,878.0,1625.0,4.243566856367326,-6.6545816216296725,168.62100734435114
452.0,1676.0,1857.0,1739.0,754.0,938.0,6.945258984388621,1.1024870775109448,184.0439583066582
1195.0,1178.0,808.0,1869.0,693.0,577.0,-2.4641041151789875,-1.9952629464738068,178.56204165053896
781.0,913.0,80.0,1472.0,142.0,1315.0,-2.4263535378751793,-3.163348142077524,170.17532429105756
1338.0,639.0,1878.0,1638.0,569.0,1165.0,-1.2697185338970378,6.933839070693545,183.06440418114536
1169.0,302.0,1164.0,635.0,1065.0,81.0,-2.4516176930580245,3.2086915367573354,168.70701350917219
1892.0,357.0,1395.0,305.0,1082.0,610.0,-5.064513577002565,4.553139833452988,174.8791715015718
36.0,1215.0,913.0,10.0,1687.0,1509.0,7.705662603375138,-1.703456031190263,173.3597831605627
467.0,143.0,1950.0,1593.0,1742.0,1613.0,3.822092767327891,9.970129128729956,184.2545227509094
481.0,45.0,1880.0,918.0,405.0,1482.0,2.8035186093106583,10.128254131358627,172.3211182600417
1625.0,1482.0,655.0,805.0,607.0,1043.0,-3.1439834143664807,-3.682756103601823,177.99227138326034
1510.0,77.0,1374.0,1859.0,602.0,572.0,-5.899081463080552,6.543099364490771,176.52493862338125
166.0,797.0,773.0,1713.0,1867.0,673.0,3.414104108270467,-1.1959861861392183,176.84651911657667
522.0,1144.0,106.0,376.0,1396.0,816.0,1.342830088198038,-5.663920262930313,168.32678727856057
1197.0,1578.0,631.0,246.0,1636.0,1339.0,0.7311001638063219,-5.123605801795239,180.060664314387
1171.0,1732.0,672.0,1398.0,1516.0,106.0,-0.42301448425741073,-6.632532056076407,179.79801072772082
1158.0,1432.0,1878.0,1489.0,1574.0,788.0,2.728165295776965,1.6646409550654497,188.91632543353418
1106.0,1303.0,1757.0,467.0,405.0,550.0,2.286272079000045,2.239756646879329,174.81293820971285
1876.0,1324.0,1145.0,230.0,802.0,465.0,-3.0407156590133795,-1.1369401403641137,176.11797218425488
1039.0,1051.0,911.0,862.0,680.0,930.0,-0.3894753134209727,-0.4673455494609704,174.2739046441984
1822.0,1085.0,122.0,571.0,192.0,1307.0,-6.582631997006075,-3.635355674744258,172.01137923601974
922.0,1899.0,1776.0,308.0,805.0,130.0,5.020595616975063,-1.1686407864731494,176.01193358622612
100.0,721.0,1035.0,821.0,282.0,897.0,4.074298673594642,2.057654439862513,165.79991811531556
593.0,455.0,558.0,863.0,424.0,306.0,-0.9834472244902428,0.37819129929765705,162.51537937674422
943.0,463.0,1007.0,1830.0,1669.0,1875.0,-1.4343052410577481,3.2972827490964383,186.17244860477263
1362.0,759.0,1855.0,1968.0,148.0,703.0,-1.9048586747559693,5.992017433109219,180.83338569167793
1048.0,117.0,96.0,1618.0,535.0,184.0,-6.6070210015239486,-0.4157240857992115,164.31112165725864
950.0,898.0,1837.0,680.0,1211.0,249.0,2.384656184452217,3.6844938192916827,175.9733694939889
596.0,118.0,239.0,470.0,868.0,1804.0,-1.5734713334504329,1.454402586595299,167.09755940176404
1658.0,1761.0,1570.0,542.0,78.0,479.0,-0.2326757752397689,-0.5127029182894522,177.44804311748612
1748.0,773.0,1138.0,866.0,803.0,234.0,-4.727588441287019,1.2336805835219147,174.59621284808156
1331.0,1634.0,1360.0,785.0,828.0,810.0,0.9786040877668172,-1.3647652790433442,180.8495509895102
1185.0,267.0,1271.0,93.0,58.0,334.0,-2.001201863117905,4.6521401713614825,162.41926514582184
269.0,419.0,1630.0,1184.0,432.0,761.0,3.6637463333856086,6.222130928507738,169.96664570111145
1194.0,1431.0,668.0,1280.0,1714.0,1934.0,-0.3725283863443087,-4.075740156023378,188.3877059352678
783.0,1446.0,953.0,1795.0,1861.0,1976.0,2.913077741857238,-2.7524500808782113,191.46536330924465
170.0,947.0,1939.0,881.0,919.0,1664.0,8.036537520843735,5.803563745677092,179.17344683010114
1313.0,1387.0,1879.0,957.0,336.0,151.0,0.983224124569378,2.1245201017026614,177.0743078280905
745.0,622.0,1912.0,1511.0,692.0,1304.0,2.6054561564729433,7.256634861830433,180.74649992921076
1168.0,1598.0,1117.0,105.0,441.0,1024.0,1.6735201387169263,-1.7339851477586747,174.12478000090988
1176.0,585.0,1967.0,389.0,1628.0,883.0,1.4753801539536693,6.299407172368438,179.99627083073432
313.0,1462.0,1751.0,894.0,576.0,399.0,6.687477416665044,1.2168772788304758,173.61418497721985
939.0,172.0,739.0,1518.0,373.0,1678.0,-3.42454330233705,4.127090976426198,173.8140394497234
479.0,1380.0,431.0,1447.0,433.0,39.0,1.1045756705077732,-4.884401605629988,167.568172245443
791.0,492.0,1745.0,14.0,274.0,550.0,2.1051132854630383,5.859779818742937,165.7414433213569
688.0,976.0,890.0,114.0,1485.0,121.0,2.046854999643883,-1.6229791626515417,167.99696406107822
1703.0,1355.0,324.0,97.0,930.0,1538.0,-3.7636800985921517,-4.56054481233592,176.50037564319817
1075.0,1150.0,737.0,949.0,882.0,1158.0,-0.697350484212173,-1.849298200716508,176.72497229757414
38.0,531.0,1500.0,1044.0,840.0,1685.0,6.111746551437371,5.8086506769070345,174.75639816611854
1071.0,462.0,1734.0,235.0,235.0,1507.0,0.8044070454352934,7.220404501752453,172.76305702250212
1721.0,787.0,213.0,37.0,266.0,1928.0,-5.758157652285788,-1.308974796947565,171.31568993114354
1140.0,668.0,195.0,1743.0,1561.0,477.0,-5.066168601221186,-3.4652141890426598,175.65992789042718
1527.0,1862.0,256.0,1177.0,403.0,1416.0,-3.0108850589498632,-7.222632690290823,179.97230555504768
845.0,975.0,280.0,869.0,853.0,1989.0,-0.754349759453141,-2.648066742563692,175.95261591496094
1010.0,1128.0,100.0,812.0,840.0,1451.0,-1.9877810662003204,-4.696675921591256,173.4509435516963
641.0,1194.0,1761.0,738.0,849.0,1597.0,5.4436179778958875,3.570211516079813,180.79537977157986
135.0,57.0,1411.0,862.0,531.0,1799.0,3.845910859080507,8.049292302852413,170.33169260266357
1803.0,336.0,1078.0,1117.0,639.0,1399.0,-6.560959725677343,4.466966334312353,178.5862466504756
1208.0,1191.0,1793.0,267.0,1928.0,310.0,2.495790886256575,1.5325903461901533,180.4868005006531
843.0,1576.0,1568.0,747.0,834.0,191.0,3.748828719604134,-0.6129576984183418,175.66547227691288
349.0,1058.0,1727.0,881.0,1977.0,1941.0,7.797695343003172,3.6801235187144266,186.6046596224063
1334.0,692.0,485.0,484.0,98.0,824.0,-4.018793880345279,-0.31145388571144894,166.13570904111387
633.0,1554.0,1886.0,1764.0,864.0,400.0,5.206639831700464,1.271652466743561,182.5026799130271
1174.0,6.0,136.0,170.0,1755.0,1767.0,-5.060002885988979,0.6941947951133907,171.67890163893793
260.0,771.0,57.0,1119.0,1929.0,1936.0,1.8378467815413269,-4.001949183221445,177.26366934814607
1915.0,388.0,1769.0,248.0,214.0,1521.0,-3.977861632938393,7.765827249993464,176.82353810575123
883.0,1466.0,1152.0,566.0,1787.0,632.0,3.156789114756015,-2.6226524283811665,179.3871552255268
994.0,1117.0,146.0,544.0,691.0,1708.0,-1.4412139915643234,-4.002977130470958,172.74153881598258
1469.0,313.0,5.0,134.0,450.0,1829.0,-6.385792982282845,-0.28230091721232886,167.41905655623665
1426.0,464.0,1958.0,874.0,56.0,1746.0,-1.2051351932870729,8.926041936127858,179.22376313498145
1284.0,116.0,37.0,1687.0,1639.0,166.0,-8.047305985313207,-1.7229710910585543,171.06589249734972
282.0,1609.0,1216.0,1429.0,1224.0,217.0,5.837149899058423,-2.8762937341163135,176.62740878604177
20.0,1763.0,764.0,1420.0,1059.0,1847.0,7.81446338852332,-4.708602520000237,181.0947703837059
1398.0,957.0,451.0,742.0,419.0,1371.0,-3.8062658099489863,-1.6522350179169472,173.47006373052284
330.0,156.0,1045.0,147.0,414.0,1872.0,2.55834539086779,5.664694547473387,166.20797555380602
1786.0,1914.0,1688.0,933.0,1098.0,305.0,-0.1541561338284096,-1.8158184781561741,185.87602597241363
515.0,1102.0,1473.0,314.0,994.0,1838.0,5.6901092597218055,2.6473782578977163,177.9715407061276
984.0,490.0,971.0,323.0,271.0,1875.0,-0.6710150199439103,3.7991569809303334,171.24589475872824
447.0,1646.0,758.0,512.0,1273.0,189.0,4.398410152541334,-5.218444190900804,170.6497642238449
1741.0,1455.0,1008.0,1356.0,1391.0,79.0,-3.595128356401654,-3.4159728660289996,182.14984672433815
1317.0,105.0,1125.0,1073.0,1472.0,526.0,-4.2009381568208015,4.344540683011616,174.82014694849113
727.0,215.0,523.0,99.0,666.0,1999.0,-0.8029173366634458,2.7295965658026557,167.73421702289025
179.0,1745.0,1532.0,680.0,1623.0,224.0,8.554506346143407,-2.2979163666171107,176.4548675492518
1421.0,613.0,582.0,1564.0,851.0,647.0,-5.678245844759809,-0.34001997281302165,175.15112488416662
830.0,965.0,1826.0,14.0,1129.0,56.0,3.588320710189984,2.9868501311268854,170.74802335997867
853.0,1134.0,1928.0,1233.0,1739.0,104.0,3.665964096816631,2.5856823798026305,181.96220266430606
1589.0,199.0,406.0,588.0,1847.0,1277.0,-6.808941063952598,0.579756006714431,176.25009425272432
1383.0,308.0,838.0,1821.0,1895.0,804.0,-5.614319112465674,1.9315603341111838,182.2215179555573
1245.0,1666.0,763.0,370.0,467.0,1452.0,0.43602975274050315,-3.528201028006857,176.71325279011145
584.0,894.0,1887.0,268.0,458.0,763.0,4.688811042945943,4.8952345911983155,170.81485433434543
459.0,1013.0,1619.0,910.0,1642.0,1983.0,6.3564607780608195,3.6270838794399634,185.12061771589728
1280.0,517.0,971.0,1453.0,1881.0,242.0,-3.6397702113581345,0.9134417892023112,178.65036710002886
1994.0,1828.0,1582.0,1373.0,1607.0,1074.0,-1.8237525133645005,-1.7964589380508467,194.82858624030666
390.0,1238.0,1480.0,1805.0,1482.0,1198.0,5.645735289490772,1.0709269363317782,185.06463276499832
1219.0,650.0,191.0,1844.0,1766.0,704.0,-5.629378967305517,-3.4380688411412437,178.68967805561095
465.0,1491.0,1272.0,1775.0,698.0,1965.0,5.323053188208213,-0.06522986854802393,185.43457004812288
830.0,364.0,558.0,485.0,1500.0,1514.0,-1.1673488447723819,1.0239201499956399,173.090905183577
106.0,1222.0,1462.0,1209.0,662.0,912.0,6.710872466168355,1.4254315467006538,174.54097700220478
1718.0,345.0,1982.0,302.0,664.0,631.0,-2.6388292174833983,7.629716521653457,174.78139441760916
547.0,393.0,817.0,1626.0,1848.0,768.0,0.034703088123574366,1.3315655065959788,176.96070291504722
603.0,1956.0,632.0,294.0,1624.0,362.0,4.597458259468459,-7.559849532101262,173.80107218510005
90.0,881.0,1849.0,632.0,847.0,1165.0,7.687229627687301,5.084816080979834,173.77536222273486
805.0,1727.0,952.0,1213.0,823.0,1401.0,3.1004216575833596,-3.5071783353783235,181.64072689962381
1666.0,1779.0,1248.0,1775.0,1815.0,1682.0,-1.030240609307631,-3.14310791586415,197.43491300515217
1814.0,1390.0,256.0,895.0,340.0,1851.0,-5.614538445904898,-4.4207731549063745,179.51216767919252
897.0,1475.0,816.0,154.0,727.0,1194.0,2.216220282300564,-2.761438452260966,173.10300011381668
307.0,91.0,1414.0,1055.0,615.0,592.0,2.0367630477108194,6.417076285369082,166.79891435310077
841.0,1393.0,230.0,85.0,1059.0,652.0,0.6336271254793308,-5.877766079747904,167.79793327983114
1348.0,1681.0,954.0,985.0,1700.0,1621.0,0.5061796602739255,-4.0184034164326095,188.73494237187288
1239.0,1541.0,1282.0,621.0,1135.0,206.0,1.0062078861730135,-2.0722946073584083,177.07830822778007
277.0,1407.0,1564.0,208.0,1672.0,1014.0,8.189038247096333,0.20267012726485423,177.34186918762012
295.0,1848.0,672.0,1055.0,1519.0,904.0,5.942782366001113,-6.651390541859771,178.1030886283171
1276.0,698.0,57.0,1468.0,475.0,1792.0,-5.8099423965916674,-2.2010602230329677,175.561616070088
1188.0,1638.0,913.0,827.0,1681.0,777.0,0.9351962219391099,-4.541949939360339,182.16080229311194
866.0,340.0,1335.0,1211.0,1634.0,463.0,-0.33732435301913744,4.08597783163014,176.10685339373404
1628.0,1401.0,1709.0,565.0,1905.0,764.0,0.35948665577079225,0.5653689174083703,187.1458562509905
1749.0,1185.0,1471.0,408.0,1628.0,1449.0,-1.3668597113287413,1.3299716439063098,186.7128948058772
1507.0,1948.0,1947.0,1970.0,1091.0,1666.0,2.2111303372580298,0.508448880215753,198.29302980986353
1496.0,443.0,1529.0,1822.0,1296.0,748.0,-3.94819034473361,5.269290391336211,183.65483382442332
1851.0,979.0,753.0,898.0,1601.0,1844.0,-5.332631587138242,-1.0115021436968916,186.78957586794553
181.0,1004.0,1836.0,721.0,1801.0,1536.0,8.62071022780085,4.208203226239788,182.09775279589516
248.0,1675.0,285.0,120.0,455.0,227.0,4.001677216454774,-6.409279179929708,161.21353265346613
473.0,836.0,625.0,506.0,162.0,505.0,1.1842444808004862,-0.6599666502246475,162.03929632016775
213.0,370.0,319.0,1393.0,1250.0,1281.0,0.6777270896420943,-0.24413927631932683,170.93132772153933
1192.0,363.0,1876.0,554.0,885.0,1279.0,0.12785417577241703,7.895093791173695,177.43106146079478
264.0,1459.0,1259.0,1882.0,1919.0,562.0,6.21370176298565,-2.297750282231059,183.69010325004123
1062.0,893.0,1424.0,619.0,352.0,8.0,0.05120093670468168,2.096922804006733,168.48367973569626
395.0,1035.0,448.0,1124.0,571.0,1735.0,2.1077035080116033,-2.0086649824850458,173.35536660671843
398.0,266.0,1666.0,1636.0,794.0,90.0,2.006768107937863,6.280620953530857,170.78090908773032
1391.0,1352.0,281.0,1836.0,1542.0,844.0,-4.243052776364841,-6.402850874620436,183.1299908724061
1523.0,1048.0,1030.0,595.0,75.0,515.0,-2.8713915802351737,0.3110814634797681,170.67383734378322
1252.0,1689.0,1866.0,1924.0,1622.0,142.0,2.1216141357579548,-0.38644389534649337,189.79700329302085
1924.0,1467.0,673.0,1758.0,1130.0,1172.0,-5.906478312797216,-4.213529147676645,187.70590421094658
1005.0,1433.0,1276.0,328.0,783.0,1052.0,2.565877131823797,-0.5208534565537957,176.31702663892042
1406.0,322.0,1610.0,1936.0,553.0,1705.0,-3.566202892918583,7.96082127622177,184.50117894664606
1826.0,1589.0,980.0,1900.0,1391.0,1894.0,-3.809989289885032,-3.001893058041076,195.38070035786922
967.0,1548.0,1706.0,1050.0,1152.0,1630.0,4.391525678489236,1.2649740978735706,187.49600813099272
565.0,183.0,1975.0,1557.0,817.0,1065.0,2.434222562456051,9.4917672311637,177.33860735584045
926.0,962.0,1793.0,1443.0,906.0,1848.0,2.744688046659374,5.325410291663065,186.51055256009732
1153.0,1006.0,304.0,1972.0,30.0,347.0,-4.643631991357451,-3.150438695726824,170.6098113199872
1847.0,1514.0,1597.0,98.0,1465.0,1209.0,-0.4116643525341728,0.1878715138820572,185.8965610533306
1606.0,131.0,1733.0,562.0,387.0,472.0,-3.7398344148077833,7.492379791645317,170.87180982214423
41.0,1124.0,556.0,676.0,699.0,123.0,4.028537855880867,-3.163799976809691,162.47542837150675
206.0,792.0,540.0,1100.0,774.0,1168.0,2.5698398139498897,-0.9299374157721056,169.62127075431
133.0,767.0,297.0,967.0,319.0,86.0,1.3459192328379226,-2.386239518961243,159.2147318235525
1119.0,1152.0,956.0,1891.0,332.0,746.0,-1.772409938791177,-0.6241323599504787,177.94398862468714
1467.0,1355.0,326.0,606.0,198.0,1598.0,-3.2497070792605194,-3.801103323212672,174.5013389663995
958.0,1877.0,534.0,977.0,314.0,877.0,0.9899812551842748,-5.999960745613755,174.39728993894536
1634.0,1560.0,314.0,1985.0,378.0,1586.0,-5.313876285262763,-5.551493614344344,184.18147461647519
408.0,317.0,547.0,243.0,504.0,1121.0,0.7200171042872175,1.6486733658358057,162.18994244862063
526.0,241.0,365.0,17.0,1367.0,557.0,-0.2593870363669455,-0.12906465186525123,161.84146580005233
1134.0,48.0,1498.0,980.0,1812.0,651.0,-1.9026789218849849,6.483757528835383,177.3763914719608
859.0,1498.0,766.0,1476.0,574.0,1080.0,0.9413394777176236,-3.289082764642482,178.2310699487769
352.0,1280.0,304.0,824.0,1160.0,906.0,2.7767966839257436,-5.146693681648121,170.7535449424579
446.0,1459.0,1346.0,1699.0,1301.0,514.0,4.9393949906263455,-1.2917352426053017,180.79267255290978
22.0,1976.0,504.0,714.0,1563.0,911.0,7.70749774296975,-8.08468055086068,174.74093490254927
859.0,1185.0,544.0,1148.0,914.0,1221.0,-0.05043772745343218,-3.0291689969386977,176.284640749354
780.0,936.0,1639.0,216.0,556.0,666.0,3.1321050031581903,3.3662949596477247,170.64002513390702
660.0,728.0,224.0,530.0,470.0,1058.0,-0.7828437868712194,-1.9043909767894462,164.93050828363334
841.0,591.0,168.0,1814.0,1482.0,912.0,-3.5157162540653255,-2.794697423340652,175.8934594510148
847.0,1820.0,843.0,1097.0,1688.0,1383.0,3.4662105878163647,-5.53511051771701,185.45461062204828
1818.0,1155.0,256.0,444.0,104.0,508.0,-5.9693273705268055,-3.716281197710183,167.84916737406687
1903.0,1882.0,895.0,179.0,876.0,107.0,-2.3919999510482524,-5.197391430541152,175.98167159763506
422.0,409.0,1042.0,1675.0,536.0,1113.0,0.9319510427232353,3.7833244147929266,172.74859159388814
1445.0,1119.0,432.0,882.0,1771.0,1795.0,-3.2961656656249594,-3.733870765755154,184.32003457858355
195.0,1227.0,1265.0,613.0,166.0,670.0,5.440277190349959,0.6274887958344523,167.19390522673606
1746.0,412.0,1315.0,505.0,266.0,1049.0,-4.677443779344628,4.984477133155302,173.0760562180561
1149.0,330.0,1468.0,1812.0,1902.0,1914.0,-1.570378807841027,6.592457948594572,190.0951112663084
673.0,1308.0,127.0,599.0,1395.0,956.0,0.8549045239065356,-6.3616471726683,171.90638248179303
1722.0,1223.0,479.0,12.0,1548.0,1507.0,-3.557327792698845,-3.8216603537934897,179.33692359721488
298.0,1505.0,263.0,663.0,18.0,398.0,2.6063857835904094,-5.306652621162449,162.03912567030585
1084.0,1294.0,1386.0,134.0,732.0,1394.0,2.3989342247475314,1.0396217330643616,177.0566432351629
1346.0,1655.0,265.0,875.0,1750.0,1677.0,-1.5493931743060452,-7.595742169217531,184.79127461341977
925.0,293.0,1088.0,443.0,922.0,956.0,-0.811880511798548,3.9181956064353978,169.81369950359746
905.0,244.0,824.0,320.0,468.0,540.0,-1.7898389114577602,2.745082717200431,162.99307558747756
120.0,1858.0,930.0,1022.0,1447.0,606.0,7.472156603739909,-5.462566045330824,176.45528101208262
252.0,1495.0,444.0,781.0,434.0,1196.0,4.101912632841941,-4.477633900234964,169.56831045480692
856.0,27.0,905.0,615.0,1795.0,1529.0,-1.3197930242296296,4.4405050817090155,175.45362872096874
892.0,319.0,523.0,158.0,725.0,923.0,-1.897399873192385,1.1466516701870848,164.25075161762516
763.0,1044.0,865.0,536.0,259.0,1173.0,1.2466924199176035,-0.041871264781890405,169.9479920307644
568.0,442.0,1560.0,108.0,50.0,478.0,2.374096100661102,5.331188289082069,162.35800708396712
1750.0,75.0,971.0,1693.0,1010.0,310.0,-8.23192303499506,3.9078513503832903,175.54517882259915
146.0,1776.0,749.0,325.0,513.0,1728.0,7.188828347036694,-3.9901041530190424,172.65380071045598
1490.0,1913.0,625.0,1828.0,1972.0,309.0,-2.074601639374697,-8.383335846869945,187.60954548680667
466.0,581.0,1861.0,658.0,1296.0,225.0,4.327148668514458,5.241083658792753,172.00991247977052
270.0,1798.0,440.0,655.0,1311.0,146.0,4.795030969413024,-7.577818025300652,169.4053918490761
646.0,243.0,372.0,201.0,1766.0,728.0,-0.8749262171406105,-0.2814169444881902,166.38610524797926
1502.0,359.0,1764.0,1250.0,1032.0,481.0,-3.0529124776118093,6.532832419332661,178.71922534333538
990.0,707.0,748.0,968.0,453.0,104.0,-2.129246518437218,-0.12025211402752153,166.47170203283602
1544.0,828.0,1286.0,1234.0,248.0,1833.0,-3.0989404072271274,3.775072731887196,181.85587731556907
1611.0,349.0,914.0,1998.0,785.0,13.0,-7.303230965645465,2.140366024723209,174.91408110380655
1754.0,202.0,328.0,1231.0,1133.0,89.0,-9.074748174272777,-0.31402195396910393,170.00249330980276
1075.0,583.0,684.0,954.0,1207.0,418.0,-2.676051466344952,-0.20420746352608304,171.37445265743213
891.0,826.0,735.0,415.0,1868.0,1851.0,0.7998121775928467,-0.5052048193754042,179.96894278155716
708.0,903.0,543.0,1940.0,1946.0,101.0,-0.8486761209199639,-3.5632872495277628,177.57447287822788
1894.0,640.0,240.0,171.0,1612.0,799.0,-7.240344268225854,-2.7043960599203274,173.3153964188028
707.0,858.0,562.0,215.0,113.0,1364.0,0.5558668503207072,-0.2811947815214618,165.69262843919097
1502.0,695.0,11.0,1439.0,712.0,1124.0,-7.353305043024164,-3.145187406639529,173.99132142399233
1863.0,1123.0,1101.0,25.0,726.0,809.0,-3.2956092687733087,-0.02885308789712796,175.10106503821035
1565.0,1704.0,560.0,737.0,801.0,1314.0,-2.1839977803340807,-5.295658361021415,180.33924143362992
1919.0,93.0,1730.0,1709.0,474.0,869.0,-6.954968725178449,8.633987935908966,180.4343449963993
66.0,435.0,233.0,1419.0,873.0,514.0,0.8063843365658224,-1.3360592387278674,164.2611918047169
1518.0,58.0,1815.0,540.0,1442.0,912.0,-2.7192170478991304,8.3620462134323,178.05288994904825
1465.0,266.0,1820.0,1538.0,1203.0,1797.0,-2.707262367805091,9.039894002073257,187.3590314481854
1368.0,1777.0,213.0,193.0,1923.0,1047.0,-0.8670745034626614,-8.75729566937165,179.2351806126294
372.0,1050.0,1966.0,599.0,1341.0,788.0,7.022232769451317,4.073599306581652,177.24064098469572
250.0,1846.0,1293.0,1655.0,1431.0,473.0,7.217396517239235,-3.7380788775598806,181.5343227161628
374.0,1224.0,906.0,1320.0,1561.0,492.0,3.825781618482589,-2.6003949730184908,176.23126529419622
285.0,720.0,1804.0,490.0,1666.0,571.0,6.274483806407213,4.428847928946723,174.25864134798587
926.0,1955.0,445.0,1645.0,211.0,969.0,0.500224496052223,-6.899196329149446,177.4898862295069
1791.0,1857.0,804.0,1169.0,1044.0,1494.0,-2.6952650284715105,-5.1394008498272346,187.98234883139884
1643.0,1371.0,181.0,1368.0,343.0,1931.0,-5.481473245267021,-4.8168719120320285,181.007003108705
1777.0,1026.0,539.0,1185.0,118.0,567.0,-6.333758415554652,-1.9162748663672582,172.664913299288
545.0,1433.0,1031.0,1338.0,890.0,1244.0,3.8476429687305087,-1.774991652637859,179.39003873729558
1192.0,676.0,1184.0,1639.0,648.0,1833.0,-2.037884634865264,3.7901158529449255,182.93314003008254
1396.0,931.0,436.0,587.0,1297.0,1326.0,-3.4736949232736567,-2.514052407138714,176.75264718846344
713.0,805.0,54.0,1582.0,805.0,1420.0,-2.21781852774452,-3.4261492921483554,173.69558691566593
1019.0,865.0,1513.0,1997.0,324.0,805.0,-0.4716557380359948,3.738172755901343,179.5717045323857
1838.0,1829.0,1349.0,1515.0,24.0,1320.0,-2.3161602147750076,-1.2621318216259247,186.60052346327552
306.0,1413.0,896.0,1785.0,1201.0,642.0,4.245065046671088,-3.2093614354829985,178.08795699696083
763.0,1275.0,921.0,149.0,1708.0,110.0,2.6349176029315116,-3.119422290294525,171.29621046061868
628.0,97.0,1047.0,153.0,950.0,1857.0,0.9600014814594622,5.612691577280552,170.2240186498967
1916.0,363.0,192.0,562.0,483.0,1731.0,-8.888858999680448,0.2596710932005559,172.65615912140774
268.0,1999.0,1966.0,469.0,1356.0,1459.0,11.109597766242802,-0.07702119572780333,184.182926639953
465.0,1679.0,1174.0,1146.0,993.0,794.0,5.347647736688101,-2.729114606861139,178.10679658738226
655.0,729.0,710.0,822.0,235.0,19.0,-0.3781730903234873,-0.27967225516066513,162.36399975908046
1404.0,485.0,290.0,846.0,1846.0,508.0,-5.671153113116564,-2.193008792046134,173.56419785060876
1950.0,1670.0,471.0,1817.0,438.0,1446.0,-6.233812963387875,-5.395825222582401,185.87882177760866
258.0,157.0,691.0,402.0,542.0,448.0,0.9855844698259448,2.3938949485999004,158.8679405032432
1497.0,254.0,1032.0,720.0,697.0,1692.0,-4.535971400304594,4.853657793487441,176.18933199239697
1439.0,714.0,1985.0,1865.0,1750.0,1430.0,-0.8653075240234887,6.861873841336374,193.21785420630766
1212.0,287.0,963.0,914.0,1651.0,969.0,-3.129020264922432,2.918647205724736,176.87393747437395
1988.0,718.0,1081.0,915.0,1610.0,728.0,-6.194636871113195,1.0764171509631097,182.15423852687775
1470.0,1862.0,1215.0,1797.0,1376.0,1510.0,0.07204649193236462,-3.460858777071602,193.62770928868306
1822.0,688.0,1511.0,932.0,365.0,852.0,-4.36944433504399,4.416403069910042,177.66134559604987
1491.0,1226.0,482.0,462.0,138.0,1481.0,-3.1896771929610175,-2.3899838076560296,173.15588520260542
53.0,1529.0,1913.0,914.0,844.0,100.0,8.684887890331957,1.1574334983191412,173.21697190607853
1877.0,28.0,1381.0,273.0,1800.0,950.0,-5.721867701931473,6.094243870130422,178.18922014988692
1588.0,1790.0,1382.0,1129.0,1393.0,1011.0,0.06335530998306035,-2.4727676993883905,188.81335312574606
1661.0,282.0,1203.0,1054.0,176.0,503.0,-5.741901047291985,4.638033339490635,170.88982885982222
962.0,1353.0,1846.0,69.0,1370.0,1108.0,4.847272441747599,2.204910977199825,180.47085989041946
30.0,1452.0,868.0,1040.0,1920.0,309.0,6.773890739797024,-4.433993970332594,174.64561853221153
1618.0,1417.0,1261.0,872.0,303.0,1347.0,-1.6425345902937154,0.16097537119636673,181.19080398290458
681.0,686.0,1055.0,458.0,1865.0,1197.0,2.2473898970088197,1.3290752297182387,176.62743011528983
1879.0,334.0,1827.0,371.0,1921.0,1107.0,-3.5891081686391635,6.991846703934724,184.0745083108154
239.0,1567.0,79.0,626.0,1766.0,1905.0,4.8935393445014945,-7.923623081119821,177.4805401230348
160.0,1794.0,111.0,1314.0,8.0,199.0,3.0127819227481782,-7.66467630466205,164.10741132237956
1981.0,1058.0,199.0,1435.0,401.0,323.0,-8.638805593730709,-4.212691673317161,173.35246578778128
51.0,75.0,47.0,211.0,1235.0,245.0,0.600136849899551,-1.0165049700744153,155.5971333940261
1033.0,1710.0,1969.0,1939.0,534.0,626.0,3.350550165847027,1.4031232013735289,186.24111005388335
1069.0,384.0,27.0,1509.0,1071.0,810.0,-5.7473552665485945,-2.081024623080687,170.9621488939962
804.0,1793.0,1902.0,1617.0,1231.0,1395.0,6.201906231326022,0.7361780468524324,190.9743870055488
175.0,1562.0,200.0,186.0,323.0,1444.0,4.614147097010809,-5.507389742370765,165.77809780118224
281.0,258.0,1298.0,1488.0,1416.0,1594.0,3.1601865999405545,5.8543602338600325,178.517684658221
1816.0,1295.0,470.0,578.0,1431.0,546.0,-4.906050009540941,-4.870013970642345,177.42921625986577
1585.0,1195.0,567.0,1221.0,949.0,710.0,-4.5000283117782365,-3.3778113709990754,178.00253070487923
470.0,38.0,385.0,668.0,1497.0,1463.0,-0.7286528335156163,1.790925082404704,169.32258967831254
1541.0,1179.0,1946.0,214.0,712.0,637.0,0.5919684376194944,3.526253728288909,178.1058761851723
1572.0,289.0,1684.0,1700.0,712.0,1352.0,-4.249126307360305,7.917165971484199,183.3408851550118
373.0,52.0,212.0,148.0,393.0,282.0,-1.0529155602369868,0.6186301503787551,153.53345139760867
582.0,1852.0,1494.0,1710.0,1092.0,313.0,5.385989586114465,-2.5208671576464754,182.16861534207584
978.0,1278.0,1900.0,1429.0,1193.0,1373.0,3.619347576904912,3.4849397697114393,187.98804500963274
862.0,1742.0,1933.0,578.0,7.0,656.0,4.919052989411235,1.4576431475466558,175.6927744535512
1349.0,710.0,278.0,27.0,1303.0,1235.0,-3.611607538909418,-2.2009991450063073,171.19248467527245
1105.0,1058.0,447.0,11.0,1658.0,1498.0,-0.47169080586537215,-3.270208840739948,175.72800734880346
961.0,1663.0,1775.0,544.0,1012.0,1157.0,4.9296927190681075,0.6890688219644687,182.60693629815398
821.0,159.0,228.0,630.0,1704.0,1942.0,-2.6998585529994217,0.5865919415552749,174.25871728004202
1549.0,1130.0,945.0,1675.0,1044.0,793.0,-3.860309951452729,-1.188934274725567,182.77092742459354
1508.0,337.0,204.0,42.0,99.0,283.0,-6.0867577120939345,-0.4162136752308979,158.55196242036686
1568.0,1257.0,1013.0,337.0,759.0,497.0,-2.0468973118910676,-1.3800272002149394,174.0225500627475
23.0,386.0,1187.0,409.0,1502.0,1432.0,5.638922093414234,4.069542632354897,171.24271435238313
358.0,1403.0,1406.0,1662.0,1286.0,378.0,5.378242366648133,-0.7951353287417072,179.36272007136492
719.0,1898.0,1285.0,1886.0,284.0,1391.0,4.1833378205199585,-2.215160721069587,184.39391836527054
329.0,300.0,1727.0,798.0,546.0,23.0,3.122179035600266,6.126424449697497,164.9548128921665
635.0,1636.0,128.0,578.0,1905.0,74.0,1.8297350118952695,-9.06765834012991,171.08227669809364
1736.0,1614.0,864.0,1239.0,232.0,85.0,-3.7983421633634977,-3.6392618451987833,175.62614103096652
656.0,1814.0,1159.0,460.0,834.0,631.0,4.8628489219373385,-3.310753236029866,174.5025177870666
659.0,1253.0,280.0,1008.0,1531.0,1522.0,1.2009315686060065,-5.223923648991774,178.1591613257554
1637.0,40.0,45.0,1689.0,580.0,1776.0,-10.347856238675242,1.0943398381173357,175.2285862814477
1663.0,765.0,1880.0,1977.0,587.0,1368.0,-3.1207140366946855,6.625906291994484,188.27033612679088
893.0,1721.0,1156.0,1648.0,770.0,783.0,2.3318828959396374,-2.8866908392453663,181.92656539054275
573.0,1703.0,1032.0,1658.0,823.0,872.0,3.9044134066346574,-3.4237431210184637,180.26087829593175
95.0,251.0,1314.0,672.0,1582.0,1453.0,5.0454543599515755,5.4724183905127095,173.43356032793085
1746.0,422.0,1138.0,1597.0,344.0,1006.0,-6.580431283897154,4.204872712940379,177.95943147771945
1189.0,1719.0,63.0,939.0,1910.0,1366.0,-1.1320649704283954,-9.40584861142958,182.6714572250877
1637.0,63.0,820.0,1984.0,56.0,924.0,-8.494388394190553,4.588645222966736,173.7772054733085
1961.0,281.0,1723.0,1474.0,708.0,656.0,-6.364799609279338,7.177267459187334,180.65037931233653
1419.0,1350.0,1976.0,1899.0,1376.0,1976.0,1.3720153126090375,4.096720939115826,197.55119790579718
683.0,1297.0,1083.0,130.0,1261.0,994.0,3.9011254525272623,-1.2884431080702712,174.03067028169295
1143.0,552.0,791.0,1276.0,1766.0,1335.0,-2.6847587411118194,0.9174829677599514,181.4143511133503
228.0,1324.0,1875.0,1100.0,457.0,990.0,7.431088373246501,3.197403853070289,176.50835542057524
711.0,1414.0,1010.0,836.0,799.0,1952.0,3.584064220296313,-1.0851764192970301,180.62641000472587
1322.0,477.0,1031.0,1067.0,64.0,1351.0,-3.6034791020975403,3.879616461389153,173.26065751826235
166.0,1909.0,881.0,1328.0,758.0,763.0,6.536860437021049,-5.1553008444629,175.62148238348865
1266.0,1272.0,1347.0,1337.0,1861.0,379.0,0.03937750580394969,-0.9295328665961897,184.5053934997471
1114.0,692.0,1369.0,278.0,737.0,439.0,-0.12874604391963643,2.8859587841858607,169.86521940183778
1720.0,838.0,1674.0,772.0,1949.0,58.0,-2.447665092774384,2.5068041131765093,182.08913567210496
760.0,1621.0,1226.0,1684.0,251.0,1816.0,3.374228002375079,-0.6900642263591974,183.8986663603744
341.0,849.0,1402.0,959.0,1908.0,235.0,4.734020429130611,1.3279230351024442,175.23990929140876
1433.0,583.0,581.0,820.0,1840.0,775.0,-4.597972674904589,-0.9615332004344879,177.0253115210857
1039.0,151.0,628.0,1866.0,643.0,1974.0,-4.678030480220738,3.797534800156623,178.33784457829947
1054.0,357.0,663.0,43.0,379.0,1153.0,-2.199166655777564,2.125997468556882,164.77601712392493
807.0,13.0,1130.0,1861.0,1063.0,1966.0,-1.87486686725402,7.0395240445801175,181.07075894069416
1311.0,1370.0,452.0,1750.0,1152.0,487.0,-3.3488760077612802,-5.342943435457261,179.46395755350738
1888.0,43.0,653.0,1798.0,744.0,694.0,-10.2025293217465,3.073526492884973,175.4572382537276
487.0,1541.0,456.0,1176.0,521.0,1358.0,2.7596636604572775,-4.769800265258372,174.44616970322437
1411.0,658.0,1558.0,584.0,279.0,1146.0,-1.5472263059034785,5.096255770759293,174.9491854244865
409.0,1171.0,637.0,0.0,1801.0,64.0,3.677729013087804,-4.086393276956928,166.8441519402782
428.0,179.0,1576.0,718.0,1056.0,1852.0,3.472918433178277,8.015256999877057,175.60349233108127
1412.0,1692.0,1042.0,1075.0,865.0,728.0,-0.546824503439449,-3.363600983373048,181.1420257215796
634.0,101.0,1592.0,1516.0,1443.0,516.0,0.7212496158551084,6.917404308126273,175.70816373774497
70.0,478.0,120.0,1026.0,1515.0,839.0,1.5257749069339883,-2.459139347795893,166.86263902444674
1600.0,1400.0,667.0,1212.0,1469.0,331.0,-3.6394998869706976,-4.734103405741716,180.29578742127129
921.0,855.0,1057.0,1861.0,1943.0,1352.0,0.008484923655046633,0.6158890257913721,187.2666120105089
163.0,616.0,1770.0,358.0,1776.0,575.0,6.764413072021114,4.675087316090449,172.76470407204403
687.0,1385.0,832.0,13.0,1358.0,1767.0,4.079725376825106,-2.460292920972828,177.03509951891135
882.0,1563.0,529.0,684.0,1989.0,1524.0,2.1268923007782945,-5.991702249462154,182.818828186249
731.0,1593.0,1395.0,809.0,479.0,1676.0,4.736976554441876,0.06658015593368416,180.38264890392014
1647.0,311.0,107.0,332.0,1894.0,1142.0,-7.350137943295425,-1.7237884271044301,173.73322918866637
1652.0,1457.0,874.0,541.0,44.0,1435.0,-2.4968459891002714,-1.5621444486044087,176.93012037519392
1399.0,794.0,947.0,722.0,1845.0,819.0,-2.5330808586390554,-0.12342573572747184,179.65492764925318
1957.0,972.0,198.0,272.0,1373.0,1385.0,-6.889555753609056,-3.9128543710577914,177.45437056963164
904.0,1243.0,747.0,611.0,935.0,1989.0,1.425559468407239,-1.6495742685721884,179.1521861672817
645.0,189.0,1550.0,1552.0,1769.0,1434.0,1.4881533435182324,7.244796634809347,182.6231540245518
1830.0,1814.0,1971.0,1677.0,1982.0,1471.0,0.45951795392402106,0.43130430650381635,201.5087464069341
195.0,1845.0,801.0,534.0,1484.0,1751.0,7.972628539619187,-5.256546763177637,179.66484450180556
670.0,421.0,731.0,1363.0,577.0,1920.0,-0.6943359859535494,2.844805066643268,175.27896907741382
267.0,171.0,1257.0,760.0,1836.0,278.0,2.9052103142685,4.079830007068185,169.42654126279217
759.0,120.0,1607.0,933.0,1107.0,1002.0,0.7380382912225275,7.453953159801944,174.27024717860093
1506.0,1910.0,1084.0,211.0,1007.0,1475.0,1.0100694699233996,-3.704360398251005,183.05463798750827
475.0,123.0,728.0,1553.0,1948.0,568.0,-0.610769844211708,2.0157367381833535,173.8129491710402
1791.0,1505.0,557.0,60.0,1143.0,1535.0,-3.0689537216618494,-4.388690157267643,179.85778573897986
243.0,565.0,946.0,1668.0,1562.0,606.0,2.536356577983121,1.1668327169664248,174.81629472742836
1339.0,1247.0,517.0,926.0,1323.0,403.0,-2.6912634692373736,-4.455386044109663,175.5745831792813
1114.0,986.0,1996.0,741.0,1878.0,1687.0,3.434897356180814,5.3069633202248285,189.18748685944757
284.0,1902.0,1296.0,94.0,864.0,587.0,7.732410058449386,-3.0734404855418886,171.5713900686361
1680.0,1038.0,1174.0,1318.0,1108.0,239.0,-3.9675122163400838,-0.09856569847557406,179.76944488108387
872.0,915.0,246.0,224.0,1329.0,163.0,-1.0517531890095946,-4.200913352086765,165.23261624488364
841.0,1025.0,329.0,550.0,1284.0,1801.0,0.029483691298785808,-3.1911185114622427,176.0398313648661
1931.0,977.0,256.0,742.0,155.0,1125.0,-7.383703090987771,-2.5904521339955737,172.44061029046657
104.0,763.0,1725.0,1557.0,240.0,332.0,5.0447003737052105,4.7257353325849385,170.09049928690314
1871.0,1742.0,950.0,381.0,434.0,419.0,-2.7374878215784393,-3.6512701052857426,175.8318557518326
879.0,616.0,1963.0,790.0,1584.0,639.0,2.735185535167596,5.985492923485971,179.1890570664698
444.0,1106.0,1046.0,624.0,872.0,242.0,3.3845406825467452,-0.8474259355473072,168.3169671403751
1131.0,1871.0,331.0,1604.0,592.0,281.0,-1.3735883142664986,-7.850972398832388,175.64220134965583
85.0,1541.0,1807.0,1027.0,617.0,1546.0,9.423526345379477,2.188365230506407,179.72068970907813
892.0,571.0,75.0,524.0,24.0,926.0,-3.112591234589474,-1.50528971131956,161.47899887684997
1364.0,996.0,459.0,1503.0,561.0,764.0,-4.560236054562806,-2.516782064788922,175.01517397023122
509.0,971.0,1932.0,902.0,286.0,1379.0,5.308654743218407,5.7274797439529745,176.54429080275415
620.0,1919.0,929.0,1944.0,1270.0,1039.0,4.2051781125172685,-5.559665979617146,185.63823039840833
205.0,970.0,343.0,884.0,1892.0,1798.0,3.858613755499808,-3.5323204350180704,177.320064563499
1479.0,1248.0,376.0,1438.0,1849.0,1345.0,-4.081240968664706,-5.257553252262966,185.747190047782
881.0,1054.0,634.0,895.0,677.0,1910.0,0.18825747455674238,-1.0869431892161439,177.2236922194029
1824.0,688.0,1139.0,797.0,816.0,695.0,-5.176404631078377,2.0938490949267448,176.61992150068372
1186.0,64.0,1287.0,461.0,295.0,876.0,-2.6382936816588245,6.260201545634144,167.27461066606813
312.0,319.0,1359.0,1100.0,85.0,854.0,2.2744005089235904,5.68590324773149,166.5899152736851
37.0,1709.0,1284.0,1560.0,1972.0,1086.0,9.228961486565524,-3.127467892427579,185.04535895503145
1657.0,1822.0,949.0,1020.0,786.0,310.0,-2.0020773130319087,-4.643604304000965,179.66144536927519
1031.0,103.0,1822.0,32.0,632.0,998.0,0.4367429015599919,8.396354598141711,169.4460770699954
761.0,681.0,278.0,383.0,791.0,1883.0,-0.6727594160410418,-1.0782736199460339,170.6263567741196
826.0,846.0,1010.0,1588.0,1817.0,884.0,0.3943753142959502,0.056577290040701445,181.99749637651414
1653.0,356.0,946.0,974.0,1031.0,542.0,-5.914884177655619,2.480017018171914,174.20277659856373
679.0,1059.0,373.0,54.0,866.0,1485.0,1.3654996030615956,-2.8180642510033294,169.24062168046288
821.0,1429.0,1914.0,1649.0,1572.0,1664.0,5.451078185639553,2.7901821160722817,192.57634109338045
483.0,1336.0,150.0,1872.0,1927.0,490.0,0.9417759854161767,-7.700262745611173,177.98897061232145
749.0,1667.0,1255.0,1875.0,818.0,1506.0,3.7044594021334554,-1.610323546118276,186.55965379358076
1581.0,1968.0,1270.0,1521.0,450.0,1399.0,-0.38805511324054565,-2.7658851382805913,188.24348757994946
1341.0,1732.0,1208.0,140.0,1463.0,320.0,1.486447168480586,-3.5249969509696184,177.93420737398375
1288.0,200.0,1340.0,834.0,365.0,596.0,-3.200153709756891,5.609918184825835,169.64997216892567
1190.0,1005.0,931.0,1178.0,688.0,1062.0,-1.609898195360541,-0.039817826832145076,177.26042673410115
395.0,1881.0,1747.0,376.0,896.0,1791.0,9.306326921810872,0.11912238269037856,182.12299403860186
1890.0,603.0,1300.0,409.0,1527.0,1620.0,-4.456814229310289,3.72153636038753,183.76475875925246
78.0,200.0,1487.0,1139.0,771.0,1345.0,4.450734958834708,7.115548917665617,171.5693640557166
1202.0,699.0,1728.0,1087.0,1405.0,427.0,-0.1093761578780322,4.324157229600554,179.71469118910017
411.0,1717.0,491.0,926.0,191.0,1072.0,3.5747646612322947,-5.155145254224937,170.61087169360857
1494.0,472.0,466.0,1155.0,402.0,312.0,-6.456515733433111,-0.10900071179921056,167.9752053163317
461.0,1193.0,1184.0,868.0,1622.0,241.0,4.265028686617979,-1.2775784370531273,174.6320036608119
193.0,327.0,1112.0,261.0,1697.0,588.0,3.9158252260559703,2.894395636305964,167.41673688698313
296.0,293.0,383.0,1798.0,1256.0,626.0,-0.6286284844184238,-0.0890173134949867,170.0064868182457
1504.0,1773.0,466.0,1783.0,125.0,1997.0,-3.1001772291277527,-5.277084972120695,185.24784489709907
353.0,1571.0,1616.0,585.0,1140.0,1219.0,7.843600928260041,0.29777559745371923,179.17071599274522
761.0,1333.0,1180.0,442.0,768.0,1407.0,3.510446016375724,-0.18952576947724215,176.35284136721216
1146.0,6.0,1409.0,955.0,814.0,1228.0,-2.4948293179014795,7.472211804004371,174.39076624796954
642.0,1311.0,598.0,1372.0,1411.0,478.0,1.4149984903010813,-4.5010994828964845,175.89319405014794
504.0,933.0,577.0,1445.0,16.0,1100.0,0.5231997337362699,-0.7979336515145771,169.58994419558857
659.0,1290.0,1012.0,180.0,672.0,1060.0,3.4233781061527053,-0.9818460529590474,171.09247747465173
1690.0,44.0,756.0,1157.0,785.0,351.0,-7.857284128357955,3.077026387193637,170.3153846779742
1582.0,1736.0,1021.0,858.0,1894.0,1341.0,-0.4784572149122157,-4.334471718815317,189.4511292212769
1876.0,783.0,547.0,1323.0,1829.0,168.0,-7.530853614188227,-2.6951121491072643,179.33493500190517
1828.0,958.0,1500.0,1044.0,1781.0,89.0,-3.6047844660954844,1.2286945479772569,183.0689754051081
229.0,363.0,1190.0,1666.0,952.0,295.0,2.117825858256113,3.5895142894957743,170.13077051863598
1250.0,1083.0,948.0,211.0,1698.0,30.0,-0.6244145279683955,-2.1319742788993308,172.8791043489647
301.0,714.0,1364.0,1758.0,1371.0,636.0,3.7219746555350404,2.7760235418973416,177.61132595047397
416.0,125.0,928.0,1350.0,1247.0,1974.0,0.9706929478775008,5.066345407310321,177.0672207535534
1335.0,811.0,389.0,1291.0,1370.0,1657.0,-4.380463719759594,-2.0356060583487596,181.2912656476718
1028.0,686.0,1072.0,438.0,607.0,1206.0,-0.3548532692952148,2.416832063653006,171.9797701409773
1801.0,1195.0,1544.0,1783.0,1439.0,1180.0,-3.2082246913120525,1.6729880066534972,192.13001247314799
1674.0,1581.0,1836.0,1906.0,1056.0,1732.0,-0.3078309868576864,2.0166374329425163,196.52015751826272
101.0,341.0,1614.0,1929.0,1950.0,921.0,5.110207963810123,6.148647391988187,181.09299203533988
1383.0,137.0,1504.0,1100.0,160.0,980.0,-3.6988119982568124,7.366422908905738,172.80957402668125
1297.0,587.0,61.0,505.0,482.0,1016.0,-5.140318429495453,-2.0468921744137636,166.22330971460394
228.0,1879.0,1399.0,1030.0,1727.0,265.0,8.211446578074156,-3.73395488506225,179.26446513514392
371.0,338.0,1605.0,484.0,65.0,276.0,2.7791588875020796,5.858739499639004,161.9679069669243
755.0,1451.0,319.0,1513.0,451.0,673.0,-0.23470268776411074,-5.429538863191232,172.4899170928332
1376.0,128.0,1564.0,1595.0,220.0,1581.0,-3.8737223318728384,8.625071600031365,178.89439761739732
793.0,1028.0,1495.0,439.0,1026.0,933.0,3.215168237603344,2.21044790294643,175.43312575027056
1351.0,145.0,502.0,141.0,1171.0,912.0,-4.837497285174838,1.5037212710282697,167.6528664388819
1919.0,39.0,1478.0,302.0,5.0,903.0,-5.960308416133117,7.371675548130785,169.47193043826786
1588.0,673.0,1420.0,1235.0,285.0,1823.0,-3.4129434304392303,5.226464096823536,182.04550769233407
692.0,1990.0,1421.0,695.0,759.0,715.0,5.710249349836219,-2.794623919714749,178.18582505319387
780.0,1605.0,258.0,1242.0,787.0,1811.0,0.985430980403754,-6.2198182546958725,179.27815780947418
786.0,457.0,1859.0,988.0,1931.0,1291.0,2.9595792209535348,6.989253904636504,183.4797312845216
1070.0,574.0,997.0,1373.0,1046.0,1698.0,-1.768522043848462,2.858986908162163,180.85272404913005
341.0,1978.0,1209.0,1437.0,769.0,923.0,6.76294292091411,-3.7827402236275596,180.07555263284073
275.0,1425.0,1509.0,50.0,450.0,900.0,7.0166285150270316,0.7911406837512006,169.51644873027206
1642.0,1990.0,135.0,1174.0,1237.0,1740.0,-3.2661554151944223,-9.504906696300008,186.40796490842052
1244.0,1757.0,160.0,1266.0,1088.0,1408.0,-1.75555444765907,-8.127985052009334,181.42201020027056
75.0,878.0,736.0,1625.0,413.0,1561.0,3.7690062219223335,0.2810379513178901,173.2133908248157
425.0,649.0,200.0,965.0,1598.0,1861.0,0.7859012166783192,-2.2186353125120446,175.39630351315986
1756.0,408.0,1677.0,1470.0,804.0,322.0,-5.015368619965455,5.85355455429632,178.91694973793736
101.0,1555.0,1969.0,1607.0,1304.0,1717.0,10.436160590921604,2.643709395142201,188.08302487863426
519.0,1587.0,57.0,1500.0,1057.0,1863.0,1.8654330105382007,-7.617488954005099,179.70280225857687
183.0,234.0,734.0,1429.0,316.0,434.0,0.5998823791612264,2.531929359634347,163.13965211173524
889.0,655.0,927.0,1406.0,898.0,972.0,-1.0696934568249656,1.4680018482371664,175.67012489164296
1052.0,1386.0,1840.0,55.0,440.0,741.0,3.5290314016455984,2.3549395063547824,174.37698928485898
1693.0,1408.0,1758.0,105.0,1279.0,1457.0,0.6619041535324856,1.9204582802824504,185.7201274100484
1368.0,46.0,724.0,1421.0,1845.0,1810.0,-5.972724498335516,3.787141512013193,183.03447099530007
1861.0,694.0,984.0,734.0,500.0,469.0,-5.823765505147421,1.3400510650702064,172.88300092961222
757.0,1807.0,687.0,1800.0,1207.0,1119.0,2.3831611248431437,-6.098101429486808,183.8940255890012
1480.0,1458.0,1979.0,811.0,858.0,654.0,1.2908487419759866,2.3670194243249116,183.36670018030426
1626.0,1837.0,1695.0,370.0,1988.0,892.0,1.9329610841057412,-1.7074597049096791,189.35451053607838
1153.0,835.0,350.0,413.0,563.0,1986.0,-2.391261318382444,-1.1881236906643395,173.28825780499773
1958.0,657.0,1436.0,684.0,470.0,688.0,-5.110851176500423,3.8974960333192183,176.21749352200925
1636.0,1427.0,1856.0,1183.0,1425.0,34.0,-0.4355625861055831,0.8953948330646377,185.01744394686187
1272.0,1115.0,1428.0,1487.0,1372.0,946.0,-0.3418396681680751,1.2772158715129522,185.35496004044765
1558.0,169.0,256.0,1289.0,676.0,1094.0,-8.30436307922946,0.8155195167424059,171.68242461498153
1504.0,1988.0,1229.0,572.0,1142.0,821.0,1.0200353327413827,-4.042789652402206,183.3906116163476
1894.0,926.0,594.0,1314.0,1109.0,1237.0,-7.014461789417661,-1.627005346853205,182.2883406113473
942.0,1833.0,213.0,1631.0,1503.0,272.0,-0.2829176223347563,-9.463836321326742,178.53629908560242
35.0,1382.0,1837.0,1036.0,1677.0,276.0,9.123176270542501,1.0482092389184146,177.7791294547121
764.0,541.0,753.0,1699.0,1535.0,374.0,-1.4753608663858826,0.07542658658207757,175.22277620833108
1808.0,1021.0,1437.0,1946.0,627.0,1017.0,-4.655823530281873,2.5242199051860545,186.4126197792667
568.0,435.0,1448.0,149.0,21.0,765.0,2.1959927968230772,5.2315092976719075,163.29467537776134
501.0,134.0,1898.0,1734.0,826.0,1217.0,2.3951932997332444,9.635943556040717,178.09375638020535
1543.0,787.0,1429.0,1961.0,299.0,1082.0,-3.9005191141876336,4.0118065014209146,182.4754886698758
10.0,885.0,126.0,608.0,1017.0,1939.0,3.886029569387372,-3.1425771428180407,169.52724944405563
1476.0,649.0,821.0,574.0,737.0,1315.0,-3.788368850043287,1.3721662939154196,174.6910844947065
1197.0,1804.0,1126.0,1792.0,1595.0,1913.0,1.7251036070001384,-3.5810376770949985,194.631208989625
1367.0,1220.0,716.0,1949.0,21.0,431.0,-4.031091496881946,-2.1082653778203064,175.28089402737078
793.0,545.0,109.0,983.0,1931.0,683.0,-2.483308264373767,-3.39700996216108,171.93865607370896
1999.0,325.0,1733.0,383.0,1892.0,10.0,-4.867635058756353,5.17774390553031,178.41905882358546
1089.0,447.0,521.0,1695.0,921.0,98.0,-4.708987515066962,-0.3644067854766641,170.48360328988605
1834.0,996.0,170.0,1889.0,479.0,1689.0,-8.547485893396674,-3.3340856074399317,182.00188185445143
704.0,847.0,300.0,1168.0,185.0,810.0,-1.4226438465641107,-2.0940565716238235,166.68524215994245
681.0,1229.0,1676.0,944.0,1452.0,153.0,4.263880433748382,1.0529511163028005,177.562044599628
638.0,1578.0,1046.0,973.0,1677.0,1061.0,4.5059138835910195,-3.3514200352877,181.85815008134898
1482.0,829.0,1029.0,1839.0,29.0,676.0,-4.686946668681649,1.5654351353598654,176.20636737206866
388.0,646.0,1081.0,1620.0,649.0,103.0,1.4120304438599112,1.646792655074413,169.11237101227653
1358.0,1208.0,1726.0,1358.0,122.0,1588.0,0.12284993699792202,3.9448483399683445,183.89815110999604
849.0,996.0,246.0,1695.0,768.0,1160.0,-2.1350040876285674,-3.5824665179683945,175.4181797301107
1601.0,1202.0,1866.0,927.0,107.0,1548.0,-0.48610487258081114,4.578016066243787,183.31091948655103
1984.0,1880.0,1624.0,101.0,361.0,111.0,-1.0442556901947493,-1.3548940925096526,177.2961082026882
441.0,592.0,1732.0,1956.0,888.0,646.0,3.103748787824839,5.711868660422332,178.0661620391425
1444.0,899.0,836.0,1683.0,1743.0,1736.0,-3.712349941305039,-0.36312402549315587,189.03045080601004
801.0,364.0,1929.0,1982.0,549.0,547.0,0.5508440919572537,7.949939766486436,177.5073173302258
228.0,640.0,325.0,340.0,672.0,613.0,1.6949580713271062,-1.5346122354466747,160.52802851154092
45.0,1683.0,295.0,1247.0,1296.0,31.0,4.780990793969852,-7.982308819893916,169.25135806759081
698.0,622.0,1430.0,1916.0,1384.0,1376.0,1.5407521736463465,4.46083539623426,184.2541482447507
1733.0,1327.0,1620.0,1297.0,339.0,264.0,-2.458218040351201,1.3326839279275868,179.92826367805256
1436.0,530.0,1625.0,1105.0,1097.0,1824.0,-1.8461714805273497,6.504192703939584,185.1160647243645
940.0,767.0,1043.0,228.0,676.0,1509.0,0.6925098809086319,2.1008244293933487,172.61684912148272
1372.0,325.0,781.0,779.0,1751.0,45.0,-4.563766638228239,0.7390891748242974,171.9375145742243
811.0,17.0,196.0,353.0,1036.0,1634.0,-3.1210493848103957,1.4434666571323431,166.8165103191723
1023.0,498.0,1918.0,1175.0,773.0,176.0,0.30874417881318184,6.32378306816485,174.50463228495875
668.0,958.0,739.0,88.0,660.0,216.0,1.304522790838817,-1.3880256503741473,163.17192382009222
606.0,706.0,1304.0,1031.0,908.0,333.0,1.823878520646566,2.403287259646511,171.19491941384692
1161.0,1127.0,56.0,1268.0,1241.0,814.0,-3.6380443586107836,-5.902463982737034,175.0292971048645
326.0,1294.0,32.0,1933.0,1450.0,1949.0,1.977566073949899,-6.749245781078301,181.84955176711557
537.0,1851.0,1661.0,1115.0,493.0,784.0,6.408344113751353,-0.6711736811407449,179.0484414638668
1745.0,796.0,1123.0,1333.0,703.0,142.0,-5.3347502173398516,1.083712701078777,175.9956896223597
1994.0,600.0,60.0,1204.0,1238.0,136.0,-10.008949086716871,-3.647160074673897,172.398223464657
1710.0,861.0,773.0,574.0,1.0,754.0,-4.964026980842345,0.2669525128839314,169.9913410507494
1025.0,1304.0,1544.0,1800.0,1748.0,1155.0,2.193072304278973,0.7995731376598421,190.2733264727947
759.0,1169.0,1003.0,293.0,666.0,478.0,2.045189199465138,-0.9406195595617026,168.53669463679424
1131.0,979.0,629.0,776.0,636.0,389.0,-2.0662544438348167,-1.8839461152313004,169.41043116255562
1156.0,901.0,629.0,304.0,1057.0,1812.0,-1.1489342367896067,-0.7202208662308001,176.2180732816773
1901.0,1084.0,1827.0,212.0,920.0,853.0,-1.7721526878734866,3.5055331423881544,181.0215573031133
18.0,339.0,804.0,218.0,349.0,1330.0,3.6905837321203196,3.0949086352412225,161.64363470913722
636.0,1525.0,178.0,560.0,47.0,1510.0,1.4267724854299526,-5.199579634550821,168.82241499754423
259.0,1071.0,1053.0,1546.0,652.0,266.0,3.449646986599234,-0.43332855257421615,170.9452401107711
552.0,521.0,1480.0,851.0,989.0,737.0,2.5796166765289943,4.528400919902962,172.35967047748218
1313.0,957.0,700.0,116.0,1530.0,1402.0,-1.456907165059275,-1.4221036327308871,177.02433488026534
591.0,423.0,33.0,680.0,1599.0,921.0,-1.5520330185491562,-2.6069933702205565,167.87799148298703
377.0,673.0,368.0,1398.0,1220.0,359.0,0.21252597892720038,-2.315794705447121,168.6555341965309
810.0,671.0,1631.0,1843.0,1666.0,701.0,1.447004302228649,4.324185027237214,183.69954173985084
1053.0,783.0,1986.0,1058.0,624.0,339.0,1.2435294061815578,5.524113187949708,176.0033056125161
271.0,1988.0,1219.0,1493.0,514.0,905.0,6.9435379637211305,-3.5249926494140515,178.6801006889913
386.0,1976.0,577.0,1945.0,1259.0,1157.0,4.820881526553292,-7.685333987726298,183.30394514310046
526.0,1913.0,88.0,1901.0,387.0,1408.0,1.8407621411404582,-8.663296958726486,177.71329880649301
317.0,174.0,1310.0,0.0,1816.0,1440.0,4.192696126003721,5.496126003927274,171.81210776928415
1841.0,1883.0,1476.0,1609.0,300.0,1483.0,-1.705876025285661,-1.0539674411672628,190.33110331449646
765.0,1389.0,368.0,541.0,1042.0,336.0,0.778800434748179,-5.507965429956543,168.76474131110055
1014.0,76.0,205.0,701.0,333.0,263.0,-5.064727971354399,0.5318918819261107,159.23981963590353
1389.0,61.0,1252.0,412.0,1883.0,1097.0,-3.2651497109844296,5.460245722947244,177.23810982484804
284.0,627.0,484.0,1395.0,1687.0,174.0,1.1347839455324467,-2.0849448478404202,169.95145424588583
1941.0,1645.0,1983.0,193.0,1373.0,561.0,0.08831731971529888,0.9109627322432001,185.7302038980624
170.0,1119.0,1553.0,591.0,1365.0,1405.0,7.766305761889053,2.2750217253920786,177.69901693470257
1829.0,1453.0,294.0,1009.0,688.0,789.0,-5.709899399546039,-5.614123562083711,176.97598970195025
18.0,1511.0,1281.0,1232.0,1285.0,900.0,8.09014298148539,-1.534688480141075,177.8251757389677
506.0,1389.0,371.0,139.0,1733.0,1188.0,3.555027274907694,-5.658742080960856,173.23597405298003
88.0,659.0,151.0,327.0,1772.0,1027.0,2.9743154661794375,-3.2589782582476374,166.6499968271926
282.0,1620.0,836.0,1910.0,1814.0,1131.0,5.632263536056503,-4.977140207188759,184.94960355724015
544.0,1294.0,1950.0,266.0,702.0,1489.0,6.970367117277402,3.925450688636504,177.89420508496178
709.0,713.0,1708.0,745.0,574.0,254.0,2.3705962584372022,4.374468316558299,170.15512032662036
299.0,897.0,1752.0,385.0,1063.0,1613.0,6.992506727440971,4.830472842164477,176.6435091669564
169.0,967.0,1322.0,1599.0,1075.0,1586.0,5.818874512367394,2.3783412860365254,180.5106496337849
1863.0,1703.0,1770.0,947.0,1302.0,1552.0,-0.2780136516334113,0.5785210354021741,193.19855492627943
410.0,191.0,1581.0,1401.0,78.0,933.0,1.7707274367650698,7.575638669665265,169.3766375021938
830.0,615.0,715.0,217.0,1488.0,1327.0,0.2578169563795213,0.3649563217390494,172.78725889302743
627.0,697.0,1588.0,486.0,224.0,59.0,2.302886333310914,3.832185688314355,164.89730902395485
993.0,1957.0,771.0,705.0,1640.0,1960.0,3.450880272655054,-6.142821814655197,187.19353339200777
1260.0,1827.0,1527.0,15.0,694.0,1592.0,3.513069353729777,-0.6642301748418693,181.61071078302766
1356.0,140.0,899.0,1101.0,892.0,1387.0,-4.955181477874544,4.367803062040777,175.61087191918062
997.0,1381.0,1187.0,2.0,1060.0,81.0,2.1011850731841384,-1.7612148654546567,170.25515251126444
1188.0,677.0,711.0,872.0,291.0,1155.0,-2.9436536663436854,0.9386465670586853,171.2193937324785
674.0,1079.0,1565.0,1756.0,1111.0,1609.0,3.687644153397703,3.106184898143982,186.14830089817642
740.0,1755.0,490.0,1821.0,1739.0,1602.0,2.341493437592061,-7.274273821386052,187.82033050924102
1031.0,1200.0,48.0,957.0,1004.0,152.0,-2.658329669475186,-6.31895173133562,168.418445921255
1305.0,110.0,1024.0,813.0,388.0,604.0,-4.369396126915013,4.528429571329751,167.70442226192102
830.0,811.0,472.0,1792.0,1992.0,1825.0,-1.1394455965938,-2.1115681870557275,185.8699078441821
1137.0,888.0,298.0,109.0,869.0,969.0,-2.172280941653514,-2.736142988496766,167.977713185957
220.0,1228.0,1717.0,972.0,1179.0,38.0,6.631842806341585,1.3500604612358456,173.38557490527666
1869.0,1793.0,989.0,49.0,1129.0,1092.0,-1.5959198943831123,-3.952230347824543,181.63164108737772
873.0,859.0,1114.0,1075.0,1738.0,1707.0,1.3882984379131358,1.37266246924763,184.0283721953809
1619.0,993.0,224.0,1046.0,622.0,694.0,-6.108558189073005,-3.6972911522890755,172.57845608764512
838.0,138.0,14.0,1538.0,1351.0,1829.0,-4.821728309849157,-0.2594653661004772,175.37605458503634
1758.0,623.0,1255.0,1819.0,1935.0,1501.0,-5.478862115980791,3.2034565826871204,191.74643803393946
329.0,172.0,1956.0,226.0,839.0,1939.0,5.47635548042303,9.97602169443492,173.48388874648748
1469.0,350.0,1431.0,259.0,346.0,1136.0,-2.6585210652163207,5.813247415191501,171.5416840966549
155.0,1631.0,1423.0,450.0,1798.0,1634.0,9.689097553066842,-1.2471853513460645,182.12142990524103
1728.0,1694.0,1949.0,870.0,988.0,417.0,0.3540965317100746,0.7342070643775056,185.49376607533387
1739.0,1913.0,1835.0,444.0,1427.0,220.0,1.144173985844159,-1.4544137941761066,185.1027990631976
495.0,3.0,1091.0,284.0,1340.0,119.0,0.7433208857205927,4.057546947291593,163.08738528991114
596.0,1901.0,1089.0,531.0,696.0,472.0,4.948237525487777,-4.028197893022279,173.07778393119636
1842.0,1850.0,1688.0,77.0,1260.0,1020.0,0.6827752388465302,-1.0085885654478544,185.93650818632509
224.0,683.0,855.0,336.0,1820.0,745.0,4.150258014383543,-0.09101741109928063,169.95698985557536
1330.0,383.0,1828.0,700.0,780.0,939.0,-1.1071519482080392,7.232401791633592,176.5054706155294
377.0,1826.0,700.0,216.0,1586.0,726.0,6.010648503000489,-6.31673977046667,173.61835088772304
1757.0,923.0,249.0,1868.0,1795.0,318.0,-8.029199519896977,-4.902245835189524,181.20543635858795
731.0,1167.0,785.0,221.0,672.0,844.0,1.8938550838499908,-1.654577343400295,168.79360843215272
1964.0,1689.0,1113.0,1661.0,1093.0,1751.0,-3.8114626190169787,-2.569952855459942,193.7887561023119
1921.0,214.0,409.0,374.0,710.0,1387.0,-8.436973858982983,1.5632174018935672,171.49691818217843
1796.0,924.0,1627.0,1910.0,1309.0,95.0,-4.340633995842754,2.5426443991187337,185.38656855042262
1871.0,1811.0,1333.0,1095.0,1623.0,1690.0,-1.3053074096379302,-2.5500794721719515,194.63759087463805
1149.0,1550.0,765.0,1688.0,1442.0,192.0,-0.8462237496341175,-5.163240966149919,180.8715691481478
1763.0,259.0,134.0,951.0,1354.0,208.0,-9.078645370152842,-1.638896857700166,169.64316638119686
1202.0,1017.0,1840.0,988.0,1475.0,42.0,1.0556984829862763,2.787457035323778,179.82596488904736
1642.0,906.0,1587.0,614.0,226.0,759.0,-2.268711147098097,3.672704012513985,175.51543070283623
1200.0,637.0,621.0,1925.0,1631.0,697.0,-4.354123153616511,-0.9205548760141143,180.54503986143956
946.0,523.0,1625.0,1740.0,1175.0,1551.0,0.4187791195863086,6.361972056448785,184.85800117378704
1900.0,984.0,1830.0,1641.0,1330.0,559.0,-3.6874499179983533,3.7234653175522783,188.43134166121678
1453.0,472.0,1391.0,1747.0,595.0,1019.0,-4.079835308292417,5.125480699001942,180.25306068821067
954.0,918.0,480.0,484.0,1870.0,1275.0,-0.4231210591556738,-2.829123496572344,176.82315074025556
1313.0,1112.0,117.0,640.0,1369.0,101.0,-3.7912220693288408,-5.930014635711818,169.73440235913165
1097.0,1704.0,1563.0,28.0,1715.0,932.0,4.420127398303716,-1.4004969629042536,182.19992276828555
464.0,554.0,106.0,380.0,883.0,554.0,-0.38624846279600566,-2.4250306185308474,161.15681391097323
480.0,156.0,4.0,1105.0,1655.0,1422.0,-2.0462302426874013,-1.0291687729330112,170.88211213499372
654.0,326.0,752.0,1679.0,1606.0,1928.0,-0.6632921755824752,2.7076641510593955,181.84423141345033
1466.0,1290.0,804.0,1274.0,617.0,1769.0,-2.626277092171555,-1.5251761753679705,183.23112398081105
689.0,108.0,1611.0,26.0,1888.0,203.0,1.99728435842994,5.752531196128406,169.09693628906953
432.0,1913.0,42.0,1491.0,23.0,277.0,1.5959089323278017,-8.615992832825183,167.11299965313162
1637.0,1269.0,1885.0,964.0,1567.0,1090.0,0.012969116023539728,2.805057634065096,189.41463684613876
999.0,1783.0,937.0,1319.0,563.0,599.0,1.2943294171096478,-4.140843258838555,177.91895238799074
1463.0,1877.0,20.0,1048.0,1054.0,334.0,-3.274129029824057,-9.7355620305481,175.3674907959341
909.0,22.0,61.0,426.0,1677.0,1197.0,-4.121595993636702,-0.22755204227973766,168.05752896617727
1134.0,1447.0,1877.0,1558.0,535.0,291.0,1.8124253632461584,1.8928594651670658,181.2788627963566
753.0,1216.0,69.0,1010.0,79.0,64.0,-1.5509625138059437,-5.252018884559836,162.29197619742422
1325.0,734.0,515.0,1818.0,697.0,1688.0,-5.012089202338336,-0.29738483196419463,180.86221430567574
1534.0,1865.0,875.0,314.0,1814.0,436.0,-0.10216374712273024,-6.126920082171299,181.07691286961432
1944.0,881.0,329.0,1291.0,25.0,1756.0,-8.26199397790733,-1.260359513018434,177.7442909282206
1895.0,28.0,1509.0,1750.0,1330.0,939.0,-7.5642688449409645,7.5392790927502285,183.92191967379017
1641.0,155.0,846.0,1653.0,1842.0,621.0,-7.5002791529006005,2.6173701556091653,180.57341937754995
583.0,296.0,1080.0,1620.0,912.0,1645.0,0.3013318162733742,4.883510233797161,177.57231936554246
1093.0,1455.0,1485.0,782.0,18.0,1266.0,1.955059696264036,1.2590636603723502,177.45170337343356
262.0,1236.0,623.0,1808.0,1052.0,1530.0,3.668166125969562,-2.914479931402251,179.52277667871843
470.0,3.0,658.0,40.0,1176.0,99.0,-0.12795050937491725,2.063584860766571,158.58237252947765
268.0,498.0,1374.0,428.0,520.0,914.0,3.969737500212527,4.521804506797459,166.47192356972158
1347.0,1649.0,1019.0,444.0,770.0,906.0,0.33438575293582534,-2.926135215199535,177.6459933666469
1010.0,702.0,90.0,1894.0,1450.0,1658.0,-4.333534873421369,-3.251450215045265,181.01264263444347
1811.0,319.0,475.0,1148.0,1728.0,659.0,-8.451800680214063,-0.14311765222220896,177.3403749899204
647.0,741.0,381.0,622.0,1795.0,965.0,0.26725634086418126,-2.606214226442477,172.55036248433905
1920.0,1863.0,380.0,798.0,1922.0,1821.0,-3.942478152943018,-8.211692288498574,190.54228149005976
35.0,1011.0,1132.0,655.0,84.0,1975.0,6.351979250391878,2.2867490447310805,170.9628169502152
34.0,290.0,735.0,1279.0,1752.0,989.0,3.052399617683647,1.7000556629929817,172.1698774935469
857.0,1185.0,1345.0,580.0,1507.0,1401.0,3.3556012961190618,0.7386145355412129,181.4411536617366
302.0,502.0,1748.0,777.0,1491.0,649.0,5.0928985964956315,5.528338435236838,173.94603718339206
1303.0,1239.0,1390.0,732.0,855.0,581.0,0.04998346036356588,0.4876888524517301,177.51391629673978
1719.0,1762.0,677.0,24.0,999.0,915.0,-1.7949307779903805,-5.262292645791701,177.3036688597573
745.0,133.0,540.0,1348.0,498.0,1982.0,-2.6102096061583415,3.480169380214545,172.96714315523653
809.0,423.0,1316.0,931.0,396.0,25.0,-0.4204643310833894,3.799761193067707,166.0511573948685
1067.0,498.0,492.0,504.0,468.0,932.0,-2.953954452951796,0.38640367232797374,166.41120007314984
838.0,1180.0,1650.0,345.0,896.0,1689.0,4.342024526566313,3.0819151296511578,179.90683884270055
1188.0,1323.0,1796.0,1317.0,1182.0,503.0,1.6884915293781606,1.7948748802634376,183.71696286081362
817.0,524.0,737.0,1561.0,489.0,989.0,-1.943672313645817,1.5303937981916258,172.38389030910176
769.0,1178.0,352.0,109.0,1365.0,198.0,0.671283148304527,-4.931477867214015,166.3411918308759
1976.0,307.0,1174.0,947.0,876.0,490.0,-7.225622793600672,3.880145620494151,175.44445488830863
208.0,1034.0,352.0,1685.0,763.0,68.0,1.4597559672954672,-3.989102412523163,167.0884100726755
263.0,1922.0,1124.0,1829.0,771.0,1683.0,7.251423167418285,-3.503188567473293,184.8846982368115
1430.0,975.0,1118.0,678.0,864.0,1211.0,-1.8477304406253126,1.0269923805498782,178.39687113184908
1465.0,358.0,70.0,821.0,1026.0,1476.0,-7.0006920282901,-1.0818277880019869,172.68469793778922
1359.0,949.0,202.0,1384.0,102.0,869.0,-5.352262396585408,-2.969613469581533,170.90253899278187
1124.0,1030.0,338.0,38.0,1621.0,74.0,-1.5678605193434738,-4.647825039701454,167.63324777182058
782.0,1670.0,1448.0,376.0,1464.0,1662.0,5.893189720566996,-0.9787705896869433,184.02615842568656
1024.0,1921.0,769.0,925.0,772.0,384.0,1.427790724215215,-5.898550650461473,175.73392633126718
1068.0,704.0,1147.0,904.0,1300.0,357.0,-0.8938632956394473,1.3539063667636135,174.28208981965082
1823.0,132.0,1309.0,632.0,313.0,1954.0,-5.880819926699499,7.376612472418821,177.3188499597628
488.0,1283.0,939.0,398.0,1374.0,537.0,4.088900451837404,-2.4280926293282246,171.7883349084842
1522.0,1622.0,14.0,1371.0,131.0,1222.0,-4.766448785314571,-7.038574754963976,175.97413629453212
1697.0,1483.0,1124.0,1993.0,797.0,1699.0,-3.2582345909567443,-1.161921689193595,191.34251509914208
298.0,719.0,664.0,1141.0,1161.0,1828.0,2.8115452538796704,0.3002421822225001,175.97243169749217
1238.0,1084.0,549.0,522.0,1443.0,351.0,-1.992078946709636,-3.590242749718814,172.68228079023788
1297.0,544.0,1075.0,1590.0,1521.0,775.0,-3.4484870198907,2.1557769099970474,181.04582453887392
983.0,237.0,1175.0,1350.0,1495.0,1511.0,-1.5823174627944119,5.118255937118906,180.74081291095817
1162.0,419.0,1613.0,224.0,1839.0,351.0,0.06805499682867933,4.538509595873293,174.80275453919816
429.0,338.0,967.0,1654.0,775.0,1847.0,1.0450727201913175,4.367012217319916,176.92819961698288
80.0,917.0,722.0,1169.0,83.0,410.0,3.071790433124833,-0.626671447756089,163.3900260162734
508.0,1939.0,1890.0,1805.0,450.0,608.0,6.850426325085542,-0.10537658279923312,182.9125170708054
1019.0,929.0,1602.0,220.0,1777.0,1811.0,3.1248638657246284,3.5906450571473507,183.83941603743168
1177.0,1935.0,941.0,1101.0,1197.0,1732.0,1.988467641635376,-4.841829806885492,187.61847411190124
1398.0,598.0,1583.0,645.0,589.0,1925.0,-1.18395587649715,6.225045955552148,180.56225126147945
1356.0,521.0,1454.0,326.0,1038.0,327.0,-1.639582022507687,3.7663921465156074,171.84008578923624
1009.0,1507.0,1892.0,1464.0,1744.0,956.0,4.180487367484103,1.3708983764111902,190.18168993570976
1804.0,467.0,854.0,1559.0,503.0,1198.0,-7.507712855484415,2.6071842807731676,178.6435039077996
320.0,347.0,1613.0,1726.0,544.0,1037.0,2.9573835854040302,6.95583247854163,174.5470541269747
1024.0,195.0,591.0,1954.0,1530.0,481.0,-4.863031082908402,1.176272083733618,175.66915367515364
274.0,692.0,1041.0,527.0,1742.0,1730.0,4.901014964385185,1.8537948703926785,176.85778539550842
852.0,752.0,1825.0,26.0,1949.0,1884.0,4.609450418174324,5.623506885108624,183.29969652236997
503.0,1649.0,358.0,1225.0,1032.0,449.0,2.3803124462458447,-6.955862091348046,172.65173850865997
83.0,1015.0,1188.0,925.0,444.0,339.0,5.000688146006253,0.7227438745294841,166.48601365606265
602.0,163.0,166.0,1833.0,1479.0,582.0,-3.5138484800947474,-0.7849224108207904,170.832555013466
1461.0,1260.0,843.0,1276.0,1152.0,1232.0,-2.5722832074085176,-2.120326332366548,183.2680632001516
583.0,240.0,849.0,873.0,1450.0,558.0,-0.08907622120393766,2.2751922846017725,169.48097054765793
1877.0,875.0,3.0,237.0,1315.0,866.0,-7.2546375600289315,-4.673386565721835,172.30548272571883
1267.0,1459.0,1483.0,1516.0,417.0,1387.0,0.5834687490007027,0.9902760852613719,184.86507013911464
1212.0,297.0,375.0,337.0,1710.0,1968.0,-3.8648572057645696,0.6471114903609982,176.34283905867093
1406.0,426.0,63.0,759.0,473.0,1173.0,-6.5126422876154875,-1.1545786425960174,167.97268808569285
122.0,1190.0,74.0,1960.0,1742.0,1794.0,3.1856698391158194,-6.366482221923469,181.3240842910024
276.0,787.0,1902.0,813.0,688.0,696.0,5.850612773737686,5.407430472680445,172.325681400592
778.0,1836.0,1731.0,1529.0,1290.0,784.0,5.569845922463571,-1.002104833714096,186.89248993019365
1930.0,766.0,220.0,77.0,1180.0,1917.0,-6.964504786653752,-2.133245887841651,177.12637667703996
1421.0,1506.0,1357.0,261.0,156.0,737.0,0.2470790603903424,-0.16236904966110577,174.0885705599451
183.0,279.0,566.0,134.0,823.0,777.0,1.996615933104517,1.3173084623933904,160.22719894030283
1480.0,1149.0,1933.0,878.0,1536.0,43.0,0.25594915227196247,2.5316516387473857,182.18734391740534
1330.0,990.0,1869.0,1269.0,1764.0,1103.0,0.7884247245324784,4.141170073133175,188.9163920803302
461.0,1582.0,1450.0,1397.0,1334.0,824.0,6.031097451160388,-1.145236673050816,182.21714577083952
954.0,268.0,150.0,873.0,107.0,582.0,-4.573313986321995,-0.12774634755811293,161.03003467176518
417.0,1876.0,1724.0,62.0,1588.0,681.0,8.88570913294994,-1.5496548944610133,178.31463992177072
640.0,1402.0,1624.0,228.0,1176.0,1093.0,5.906841901702557,1.0207030976517513,177.62943145978144
897.0,62.0,484.0,533.0,1841.0,1706.0,-2.590004136875898,2.145050934394485,174.439661114683
1961.0,1418.0,1289.0,1129.0,869.0,162.0,-4.031932008055298,-1.2568530275940746,181.1619762818996
1795.0,989.0,1230.0,274.0,1525.0,1050.0,-2.94014032524693,0.7891982804129865,181.379651880214
47.0,1003.0,1520.0,686.0,451.0,594.0,6.451027102627222,2.5684624085594527,167.9523433110603
170.0,1101.0,1828.0,1825.0,298.0,523.0,5.968041630473357,3.8114997387237373,175.36516643120186
479.0,1112.0,1999.0,155.0,255.0,1228.0,6.432655671805522,5.02761054026894,172.61132353915292
1533.0,1284.0,152.0,1758.0,528.0,385.0,-6.01668193294416,-5.752213728504079,174.72995409283803
1052.0,1899.0,584.0,772.0,326.0,868.0,0.8670038600155694,-5.811796254471383,174.22585618342333
1821.0,1429.0,318.0,1917.0,1564.0,864.0,-6.657258256512636,-6.649152778240898,186.4325446130211
1758.0,30.0,1584.0,1263.0,586.0,1346.0,-5.909922153325095,8.608976663322172,179.35529282169355
858.0,1669.0,521.0,1291.0,1726.0,1016.0,1.5460991290749948,-6.774159031856254,182.3378128699224
1222.0,1252.0,1086.0,955.0,1119.0,536.0,-0.43601730924588356,-1.3469522743635536,177.86074662544118
607.0,1674.0,1546.0,1303.0,1989.0,1488.0,6.879020463777614,-1.1585955194531279,190.22909782445942
1065.0,130.0,443.0,1786.0,1178.0,1307.0,-5.430571466446234,1.810808196704236,176.36267530562367
40.0,1339.0,1362.0,1805.0,1082.0,403.0,6.690045505032205,-0.4876657856857563,176.89229595517574
442.0,734.0,1033.0,608.0,1871.0,788.0,3.367777683273869,0.5724024410703792,174.19681184533871
1186.0,1281.0,1312.0,310.0,318.0,1522.0,1.2469403939462125,1.2247785558178588,176.57934742672188
570.0,1476.0,1951.0,910.0,1469.0,319.0,6.56422773478512,1.3401014529516324,180.32859287957496
534.0,1287.0,607.0,250.0,283.0,1239.0,2.787896060124086,-2.3696282157737114,167.60164786858522
879.0,748.0,51.0,1381.0,835.0,25.0,-3.672650850597265,-4.112427872972221,166.04817049858474
916.0,123.0,1054.0,1560.0,387.0,408.0,-3.0490138631545913,4.575095489253474,168.78433975224962
125.0,1473.0,1843.0,1540.0,468.0,246.0,7.381573680867328,1.5996041648485806,175.07929011476966
986.0,592.0,904.0,261.0,5.0,1282.0,-0.8921343000360309,2.600327335687444,166.7445190431296
441.0,84.0,1338.0,849.0,1784.0,621.0,1.966531549138903,5.405040839795982,172.2391473363343
1932.0,932.0,487.0,1780.0,1912.0,230.0,-8.218525841840759,-3.8589489019066114,183.10111411985233
399.0,1023.0,368.0,1652.0,1651.0,1329.0,1.7221613438640577,-3.903038103941193,179.09083928710257
718.0,1532.0,606.0,1130.0,719.0,1955.0,2.358138313837945,-3.796397365208591,180.2798340401894
1472.0,523.0,1683.0,310.0,1744.0,1392.0,-0.9154220422433937,5.706304305943705,182.59477604345327
1399.0,1784.0,1017.0,988.0,1725.0,112.0,-0.06286080328112684,-5.290064646436211,182.09908443316658
20.0,988.0,96.0,886.0,1708.0,414.0,3.2355301998752903,-5.676457424664621,166.99081437437638
1834.0,15.0,1198.0,974.0,1670.0,1605.0,-6.963556439338754,6.325641681317194,183.25368047225456
850.0,595.0,1635.0,1530.0,706.0,1885.0,1.4017820595471824,6.639156717471466,182.95121037661607
1870.0,1187.0,494.0,1813.0,1804.0,1942.0,-6.786639158093113,-3.8689789260693663,192.78940426166787
1004.0,895.0,1078.0,324.0,376.0,277.0,-0.0889443418799748,0.7402949680658634,166.4255840944602
1353.0,58.0,1921.0,1718.0,428.0,1628.0,-2.916675079529391,10.860880023007919,182.04282375074303
1245.0,1160.0,1203.0,331.0,102.0,365.0,-0.42928238138464936,0.4280021701338875,168.76063232016372
769.0,100.0,1674.0,1265.0,670.0,1189.0,0.34753969212735897,8.481458007561443,174.8997611082754
1697.0,723.0,133.0,1038.0,1296.0,1768.0,-7.3485778784044875,-2.742169627911321,180.0720030108632
715.0,999.0,876.0,1908.0,1934.0,791.0,0.8561793046124804,-1.6995771920777707,183.26806534936077
1163.0,946.0,1332.0,689.0,936.0,915.0,0.10707858656456998,1.893314959769202,176.88128034605455
1111.0,1913.0,700.0,1855.0,1561.0,1517.0,0.9362680563496238,-6.824506321014365,190.50212216664477
486.0,36.0,382.0,1885.0,1882.0,1130.0,-2.1802882886247468,1.2630666216810056,175.92700561564195
575.0,1295.0,766.0,153.0,1735.0,539.0,3.5974939770058705,-3.6656936992699927,171.9655516483779
268.0,1157.0,1557.0,679.0,908.0,722.0,6.276669263805914,1.7854679176538368,173.10628623834228
20.0,59.0,1423.0,1232.0,515.0,219.0,3.0898907475203568,6.260099246445901,163.6295571562785
128.0,938.0,1864.0,1551.0,978.0,1284.0,7.326818963367566,5.16259667898057,180.43271162792482
1303.0,1472.0,764.0,1045.0,673.0,9.0,-1.736155025828145,-3.940071488886731,173.0835274293433
825.0,1859.0,54.0,1843.0,465.0,1125.0,-0.29428722482413006,-8.752100070140175,177.45744624190237
881.0,873.0,165.0,1035.0,1525.0,189.0,-2.2743481102136585,-4.734040030844856,169.93780009054154
1264.0,800.0,993.0,602.0,153.0,1698.0,-1.7572907059150251,2.328535602843275,174.3744067721371
100.0,555.0,1975.0,1453.0,731.0,553.0,5.868371583413548,6.9189817486934775,173.27843856454345
732.0,477.0,1411.0,1757.0,1510.0,809.0,0.6970826426446092,4.385731330483544,180.48040528624637
377.0,36.0,1970.0,1395.0,1155.0,36.0,2.748885561544423,8.560321169951608,171.2036272383345
1880.0,1054.0,335.0,1485.0,379.0,194.0,-7.806344444877681,-3.616574385318363,173.08084919667118
1676.0,1116.0,1570.0,509.0,316.0,1237.0,-1.5774793321513956,3.011603963423081,179.10951321522305
339.0,1416.0,855.0,752.0,1727.0,1082.0,5.4744561209754865,-3.5049575219050353,177.65157062197912
248.0,57.0,1942.0,670.0,1884.0,1172.0,5.436541513693308,9.251786865450356,176.2553448266729
26.0,1150.0,74.0,210.0,1838.0,985.0,4.6674211488665955,-6.215492918799125,167.76463352759237
1827.0,1705.0,1538.0,1115.0,988.0,631.0,-1.5035078078889403,-1.1554067808686785,186.29689596524798
561.0,1890.0,1228.0,533.0,285.0,1016.0,5.5965881224890595,-2.4916413555225825,174.26561018796303
1295.0,225.0,1473.0,35.0,1073.0,1884.0,-1.1214630775462413,7.037564250168921,176.59249423748764
719.0,1745.0,88.0,930.0,715.0,1579.0,1.392376913230701,-7.717033013822368,175.51165730067234
562.0,997.0,633.0,978.0,1532.0,229.0,1.3613913820572663,-2.98479702753216,171.38727415472542
977.0,1491.0,1071.0,1320.0,1126.0,1671.0,1.9701477684646331,-1.772723018021944,185.51566319698608
1718.0,693.0,1950.0,589.0,1409.0,121.0,-2.030099400899638,4.921874847301214,179.29329418371879
398.0,299.0,1890.0,1225.0,367.0,898.0,3.3435707783048008,8.29901467676991,171.78925997223928
268.0,1198.0,1425.0,639.0,414.0,1706.0,6.457773898545387,2.288019987717365,174.90817696216044
365.0,1004.0,367.0,1263.0,1081.0,648.0,1.4659004590099722,-3.618831713066653,170.3411994093559
1852.0,776.0,1863.0,1695.0,1172.0,708.0,-3.9910279235375734,5.263447362477219,187.435717546559
88.0,1438.0,1103.0,497.0,832.0,1194.0,7.270291868955836,-1.3292545642955291,172.31839958863452
1395.0,1670.0,1147.0,1339.0,664.0,398.0,-0.7572514916412038,-2.807535287937748,180.10378297548013
1523.0,1475.0,510.0,1743.0,459.0,366.0,-4.401310636034443,-4.857704224413711,177.1189056662201
1326.0,5.0,1129.0,316.0,455.0,737.0,-3.7954011098171914,5.4908461865527745,166.24656980194737
996.0,1814.0,1537.0,1873.0,1309.0,782.0,3.3337747766224455,-1.9491610367142966,188.84337116023283
1746.0,729.0,1361.0,1126.0,465.0,1897.0,-4.15270348895464,4.5644617505280864,183.6082384153834
631.0,204.0,575.0,651.0,1088.0,486.0,-1.216972214996246,1.2675097409868241,164.75670817550414
208.0,1968.0,12.0,848.0,1561.0,707.0,4.8759864187828,-10.686140959692429,172.6747532990735
1859.0,922.0,879.0,1856.0,1997.0,834.0,-6.569985894901716,-1.276054348683084,188.88132622685308
1234.0,1123.0,1905.0,503.0,1979.0,958.0,2.6733965794321803,3.1498189851548033,185.6628343040269
712.0,1937.0,1500.0,1307.0,1658.0,385.0,5.704354203285384,-3.392032110722241,184.4869133860999
1462.0,997.0,90.0,1347.0,413.0,1395.0,-5.874041666325582,-3.75526989235938,175.19674258601393
305.0,415.0,1726.0,544.0,1790.0,981.0,5.416505521311385,6.02434119032879,175.3990398283626
82.0,1553.0,1871.0,1409.0,727.0,1402.0,9.432550879627794,2.2573076052324414,181.90709857080805
125.0,394.0,1437.0,1557.0,1213.0,1457.0,4.698790212326033,5.849465010917472,177.6689638773295
308.0,1948.0,47.0,920.0,546.0,284.0,3.2296969371321422,-9.191126786760815,166.40407896026488
1861.0,433.0,1368.0,1701.0,434.0,315.0,-6.8109435454827025,4.483896747079324,177.17767625655955
135.0,1804.0,1035.0,206.0,721.0,85.0,6.90621975126216,-4.043978704467374,166.21351429906647
1827.0,547.0,1949.0,1088.0,1109.0,1521.0,-3.2797121957069915,7.737883028191213,187.18745779475984
718.0,1227.0,1950.0,1982.0,42.0,1647.0,4.104938215831137,5.220898263507155,184.78658510227763
1354.0,691.0,302.0,58.0,302.0,254.0,-4.153589147469479,-1.7640647075658409,161.17619033476143
1217.0,442.0,1891.0,835.0,461.0,1326.0,-0.22875952883673512,7.958271961755617,177.53836912569557
789.0,1289.0,777.0,414.0,688.0,412.0,1.4570832452217513,-2.6394703971461,168.5200635007903
457.0,647.0,943.0,1634.0,26.0,577.0,0.5282645127655063,1.93234288235601,168.0612287820981
387.0,1038.0,1184.0,1409.0,186.0,898.0,3.2332844231467184,1.3566338348069054,172.26581475896577
1745.0,641.0,1865.0,836.0,296.0,939.0,-2.959480106193442,6.4651134647973665,178.37846310879462
442.0,1719.0,1046.0,481.0,1338.0,1038.0,6.187981398005573,-3.650661833335888,177.04615892427094
1936.0,1081.0,1538.0,847.0,1.0,946.0,-3.8171674462393548,3.0123516195702935,178.65151575823174
591.0,94.0,1291.0,837.0,1260.0,1440.0,1.140941792713074,6.4024713974016505,174.2631038721043
1590.0,1694.0,548.0,1773.0,1669.0,1159.0,-3.3495694411188075,-6.759702653278445,189.29003928544984
339.0,1729.0,98.0,253.0,63.0,1008.0,3.347216271690122,-6.668351385251024,163.6952835126972
28.0,554.0,767.0,1056.0,1240.0,198.0,3.2588041023827565,0.12090417548636667,165.77504122752217
23.0,1960.0,1234.0,68.0,529.0,1980.0,10.180119391906688,-2.287986575100362,175.28006849379403
998.0,434.0,1445.0,568.0,798.0,1236.0,0.12842378187221837,5.409258297950775,174.14414975320454
15.0,225.0,319.0,1728.0,277.0,1973.0,0.9647924538926049,2.012781449127657,169.3511371764
967.0,1711.0,713.0,703.0,1586.0,946.0,2.033243501139628,-5.694846192130296,180.03089026386817
212.0,247.0,507.0,453.0,1071.0,1863.0,2.0319897377203864,2.053813566197624,168.40932365743734
67.0,1507.0,1979.0,507.0,1244.0,962.0,10.235446993812186,2.094090592418684,177.787544281383
1911.0,344.0,1141.0,1324.0,1618.0,1424.0,-7.128280217600442,4.157252134678342,185.77261092160936
753.0,1010.0,1928.0,1866.0,160.0,696.0,2.6475872970003973,5.060401286736581,178.9035250772673
880.0,1993.0,490.0,1434.0,1967.0,179.0,1.803357046733425,-9.4229158258919,181.34317938744755
1659.0,499.0,1172.0,710.0,987.0,1560.0,-4.305662658853331,3.971273474994838,179.84268766170197
724.0,621.0,1998.0,928.0,994.0,149.0,2.8866787929770146,5.873569607984227,173.7216371858504
1030.0,946.0,202.0,598.0,815.0,1034.0,-2.2556288638935404,-3.4678419150750655,169.80075078701958
789.0,981.0,1363.0,902.0,806.0,105.0,1.6420165217595362,1.189761089114282,171.51713094499786
1499.0,1685.0,1755.0,1332.0,1329.0,204.0,0.7034585572894954,-0.6515227906962625,186.28319772247949
414.0,1226.0,252.0,1250.0,182.0,667.0,0.9602223998702998,-4.269269060971103,166.49396879917774
892.0,1400.0,313.0,1768.0,1629.0,1547.0,-0.4155039691412761,-6.159578023907686,184.82316637191502
1828.0,1529.0,399.0,377.0,1713.0,1912.0,-3.8466257794254233,-5.853160900923977,185.78716599455527
1175.0,784.0,1158.0,1764.0,785.0,1818.0,-1.760163899361824,2.9599559965952222,184.583507265187
1665.0,1939.0,1579.0,1981.0,200.0,160.0,-1.3186816568395503,-1.7977276255470023,184.76468738639528
1516.0,1184.0,1976.0,1579.0,1589.0,1760.0,0.5124404972385388,4.5873406612070236,195.51973471423264
29.0,189.0,588.0,1019.0,580.0,1304.0,2.0167594542197964,2.662315526115372,165.0947428834917
646.0,235.0,516.0,1900.0,1213.0,614.0,-2.6642927665597917,0.9471118293509062,172.4018130540262
329.0,1731.0,1053.0,1140.0,1656.0,1883.0,7.424151596471692,-3.538854593693194,185.92516330668374
538.0,1997.0,1247.0,1837.0,253.0,1998.0,5.979045600549456,-2.4672234470136396,186.38427049238322
1710.0,1580.0,467.0,106.0,1800.0,1152.0,-2.617109278907006,-6.231813726810389,180.91802595762482
1703.0,649.0,833.0,1947.0,20.0,1046.0,-7.079983119825515,1.8454372833653,177.67379208437484
61.0,1633.0,1842.0,806.0,459.0,775.0,9.085838656085254,1.2847401519285628,174.3454118713601
1135.0,1766.0,1308.0,330.0,855.0,1630.0,3.272830621473623,-1.60913982650014,182.18799764249405
1710.0,1274.0,291.0,1088.0,1821.0,182.0,-5.531986645206075,-6.457077238702252,178.46536095488045
104.0,65.0,954.0,602.0,550.0,1481.0,2.7533358519032025,5.249437519141599,165.19902010500599
326.0,1369.0,749.0,1087.0,446.0,760.0,3.6316192844090156,-2.7455386914409217,170.35492946919916
547.0,574.0,257.0,1154.0,648.0,1962.0,-0.6469338554040118,-0.5025114504345439,172.5294080982073
845.0,1667.0,826.0,1729.0,1293.0,1477.0,2.185746690019626,-4.4450137856256635,186.36964313678266
1130.0,1894.0,1692.0,1182.0,1450.0,1310.0,4.285672836103376,-1.2020971901556021,190.63382071497878
1932.0,464.0,660.0,955.0,479.0,1137.0,-7.973270816308682,1.5575318393005233,174.71324637911124
1112.0,251.0,22.0,1394.0,314.0,1435.0,-6.287470118167661,-0.1684189543332869,169.15965918682173
488.0,124.0,754.0,241.0,1224.0,645.0,0.4420892407097423,2.528544109659772,163.90477028239377
784.0,189.0,241.0,1392.0,1282.0,1858.0,-3.4251944337199536,0.8008271435568585,175.62102606896897
1355.0,24.0,1504.0,1904.0,1456.0,697.0,-4.5022637843496405,7.2357237579772455,181.470666274628
590.0,6.0,455.0,1358.0,529.0,742.0,-2.8107413498496676,2.423896360104318,164.92617952524503
1591.0,370.0,810.0,737.0,1344.0,623.0,-5.51277302114071,1.5507504123174307,174.1030772782003
1959.0,1840.0,1624.0,1755.0,689.0,36.0,-2.725848086897191,-1.6473662666630995,186.7203276311163
343.0,13.0,177.0,60.0,1491.0,205.0,-0.5455718584300827,-0.36971961217456994,157.7769083142748
1281.0,557.0,1385.0,627.0,381.0,992.0,-1.6570250536763709,4.521545867743458,172.85121910856168
648.0,1002.0,963.0,1540.0,973.0,1127.0,1.5228388146265015,-0.06711644491508845,178.2888127815489
1432.0,493.0,1862.0,1803.0,548.0,729.0,-2.6942857463304186,7.121481016475254,181.14421923161365
748.0,463.0,735.0,572.0,1639.0,1093.0,-0.06879771813029156,0.9159829891783098,173.09858046870596
1209.0,872.0,896.0,665.0,1149.0,870.0,-1.5178961188106428,-0.12976141255366824,175.2317058013636
78.0,1794.0,1777.0,1828.0,1893.0,689.0,10.162074802234311,-1.1671212867558427,187.09677433335364
941.0,1959.0,8.0,1441.0,1633.0,150.0,-0.3153363836266133,-11.279682793880816,176.9776219303434
1923.0,1033.0,127.0,851.0,1137.0,182.0,-7.685321433068621,-5.2280203889459145,172.65239321077613
872.0,231.0,1436.0,37.0,560.0,1565.0,0.8411598743685487,6.724188078821767,169.99287320185192
1387.0,582.0,720.0,321.0,843.0,44.0,-3.772259501051347,-0.08129375082430057,166.040389975322
1162.0,870.0,1686.0,364.0,587.0,1718.0,1.4794529900592825,5.072793871831542,178.81151571433006
441.0,1792.0,114.0,1583.0,577.0,274.0,1.7055933581741234,-8.497372194496542,170.26339231906854
457.0,573.0,475.0,24.0,623.0,1402.0,1.3915557184967295,0.22305264615197734,164.31499126282705
179.0,512.0,1441.0,980.0,474.0,1539.0,4.6888297670993,5.65419423236571,172.17711063727626
1570.0,1474.0,1.0,551.0,549.0,831.0,-4.4416972177877305,-6.773833174637661,171.3460033634786
1181.0,1780.0,364.0,1275.0,1117.0,632.0,-1.0516892939089173,-7.6125763656845455,178.48837078036198
404.0,344.0,1199.0,1805.0,225.0,1283.0,1.1050863291481354,5.3503432528859465,172.97415831590786
748.0,199.0,1540.0,1966.0,1339.0,688.0,-0.2332733813429846,6.575654849568407,179.23483496992745
1731.0,544.0,450.0,930.0,490.0,1091.0,-7.171702257801367,0.07393309596690206,172.7710955073312
93.0,1427.0,1469.0,835.0,1094.0,1064.0,8.168452714699292,0.1856593725898731,176.55879791213727
1797.0,1827.0,633.0,102.0,355.0,1507.0,-2.28075525794452,-4.689083398491782,177.94990398164256
857.0,1782.0,358.0,1618.0,220.0,564.0,-0.05739117799296922,-6.6741820954799165,173.61528461798545
135.0,111.0,83.0,1147.0,547.0,732.0,-0.7401648942244816,0.02761956390582393,160.22396107654953
1371.0,1178.0,1323.0,1920.0,1770.0,235.0,-1.6847553727158702,-0.5946699233379765,186.2010139570249
234.0,1986.0,1674.0,555.0,1752.0,455.0,9.751291229822735,-2.7125465774210573,179.80990300925342
1794.0,726.0,802.0,1349.0,125.0,542.0,-6.75279701148275,0.7369733108721103,173.29735379258477
628.0,883.0,1280.0,1513.0,1866.0,591.0,2.503043289777656,0.9817177898097195,180.86235584931453
1210.0,1415.0,1916.0,18.0,651.0,1414.0,3.581716995965432,3.096800794849396,180.06440144388213
1619.0,553.0,1082.0,328.0,329.0,1136.0,-3.972159795943785,3.2303742011699716,171.914225959333
533.0,380.0,1879.0,1703.0,1106.0,1381.0,3.2328878617829777,8.314597036155952,181.67823727257897
68.0,270.0,1798.0,694.0,559.0,1770.0,6.121213148380299,8.801922922969887,172.02419776446163
1958.0,1664.0,396.0,1301.0,1283.0,1352.0,-5.6776696869665395,-6.676923791832824,186.71583251087864
1673.0,224.0,680.0,379.0,360.0,1663.0,-6.25776654231331,3.397143262098658,171.4101375931268
1495.0,992.0,410.0,140.0,166.0,129.0,-4.003421655574555,-2.5793804249157035,163.07897075260993
314.0,1664.0,1438.0,732.0,1256.0,1970.0,8.507193468461491,-0.5647039503652331,183.7098912372422
899.0,270.0,369.0,1544.0,371.0,1462.0,-4.110065744889628,1.4863923880481673,171.2637767666735
1647.0,1466.0,632.0,257.0,544.0,1138.0,-2.7012169903072536,-3.4596151764998058,175.24602494988176
1419.0,527.0,1517.0,101.0,1432.0,673.0,-1.2456251416021615,4.13065900293756,175.15494315621297
1319.0,1651.0,798.0,846.0,1290.0,1585.0,0.035619202631420654,-4.232076148903195,184.5929510739321
1358.0,1247.0,1571.0,1069.0,1348.0,1001.0,0.41480076568883484,1.3720081956564427,185.22261852395326
689.0,1206.0,1032.0,1623.0,233.0,1941.0,2.0762376724374234,0.6007297868485206,180.65327153892494
1698.0,539.0,1451.0,413.0,398.0,1358.0,-3.450209106536941,5.272880879059842,176.02236535644812
1893.0,271.0,753.0,538.0,310.0,1513.0,-7.405602023360446,3.428957772655506,172.88020263105253
1174.0,1565.0,105.0,1101.0,164.0,673.0,-2.5738802573300634,-6.517842608340725,170.41994833214304
627.0,47.0,1395.0,746.0,762.0,1676.0,1.0429080918531668,7.708107479529745,172.80760065288155
1245.0,902.0,1205.0,1638.0,1676.0,776.0,-1.613532568242538,0.824185421594001,184.41395431572838
596.0,1055.0,158.0,1997.0,105.0,1741.0,-1.039105546127413,-3.300025060428945,175.06085739977374
1664.0,448.0,1223.0,1833.0,946.0,391.0,-6.088985659613101,3.4655169922850657,179.31576719080965
526.0,1447.0,8.0,447.0,1121.0,1590.0,2.125379772610736,-6.930354635321459,172.2554804294423
828.0,177.0,1714.0,1201.0,1757.0,1489.0,1.176120437007731,8.145972065640121,182.691970720232
809.0,22.0,388.0,1540.0,1524.0,874.0,-4.0691306688739655,1.3694044915661379,172.5421994042342
1345.0,999.0,1948.0,1783.0,1375.0,1987.0,0.7336103594445497,5.913147105520902,194.5850091490365
25.0,642.0,1312.0,1843.0,758.0,802.0,4.596950644905465,3.509197758933991,173.60794155286453
1690.0,1814.0,1589.0,494.0,238.0,290.0,-0.1773358581754759,-0.9753054534950709,177.58708683080388
1049.0,523.0,1368.0,1609.0,656.0,735.0,-1.5487548432723994,4.35715057740144,176.55745506947554
838.0,817.0,599.0,1466.0,945.0,835.0,-1.367202688114229,-1.2200670871199268,174.3906573315063
646.0,25.0,1528.0,261.0,1340.0,1270.0,1.834121272822462,7.4928998691282285,171.8557589792896
1503.0,1303.0,1059.0,1262.0,1665.0,611.0,-2.0697511550091328,-2.2160466485268016,184.18047349118865
1311.0,750.0,1746.0,1958.0,748.0,634.0,-1.6808991152007906,5.04017152014437,182.74058509252
138.0,1777.0,1353.0,361.0,979.0,337.0,8.04863138690535,-2.5662568378509687,171.14020731555252
857.0,739.0,334.0,1389.0,1982.0,1451.0,-1.72400251858962,-2.731706341523066,180.82766329023463
979.0,746.0,900.0,1354.0,1275.0,738.0,-1.291718936859793,0.31726356499357156,176.94092719809083
1921.0,1694.0,102.0,385.0,50.0,1343.0,-5.261208780862871,-6.369101962035419,173.97754689435612
1958.0,1449.0,1376.0,1748.0,248.0,81.0,-4.6641987108709815,-0.5005487502688462,181.25903534140193
1917.0,1393.0,1901.0,1774.0,1287.0,1068.0,-2.294298034053425,2.5388984811398583,194.18918193916988
1851.0,694.0,1547.0,1894.0,1782.0,950.0,-5.192749231626627,3.956795048753403,190.81866171160218
697.0,738.0,1217.0,1674.0,590.0,1378.0,0.9887308842457156,3.218779947162301,178.4376966467931
358.0,1189.0,520.0,1797.0,1933.0,1565.0,3.216661355268251,-4.140680606625921,183.90731684670263
1997.0,294.0,1006.0,19.0,1128.0,1382.0,-6.401060609332366,3.7398042872317943,175.76812171088724
480.0,1965.0,239.0,1338.0,427.0,1622.0,3.3856154724888006,-7.845868906703153,176.96535355832904
1164.0,992.0,475.0,1070.0,493.0,577.0,-2.9591638805063045,-2.427847024351287,170.56309422913606
1372.0,124.0,51.0,334.0,1521.0,651.0,-6.53914776240078,-1.1369425868031673,166.67669642634024
1448.0,675.0,999.0,16.0,980.0,749.0,-2.465225963829715,1.3277713813015355,171.08330695015889
1076.0,135.0,1515.0,1508.0,1687.0,1203.0,-1.6436010964337022,7.083015273064837,182.54745119885183
1412.0,576.0,532.0,1564.0,121.0,1084.0,-5.949131411875006,0.6390015843146851,173.0968498948212
401.0,1122.0,324.0,712.0,819.0,1869.0,2.5784956405351287,-3.1980722518138607,172.99207662422734
74.0,1816.0,196.0,6.0,584.0,807.0,5.681236431955673,-7.281219796409962,163.4977074870199
76.0,912.0,1888.0,737.0,505.0,1392.0,7.791572587960992,5.6276209308294876,173.96252391082314
1682.0,1333.0,1804.0,1641.0,923.0,1903.0,-0.9527459537419627,3.4542416118070145,193.89571761011618
695.0,1605.0,1264.0,1877.0,815.0,534.0,3.1460659886535867,-2.0019772672455183,180.97159767250065
268.0,369.0,1273.0,1087.0,994.0,743.0,2.9824874671281343,4.317342458171193,170.31241970248078
297.0,1099.0,1122.0,640.0,1750.0,1795.0,6.230945943523929,0.1641541584420145,180.40918493115282
1765.0,1861.0,1695.0,680.0,1139.0,1233.0,0.5990701568392087,-0.7614191306604607,189.24885447266675
831.0,585.0,1619.0,462.0,1806.0,1944.0,3.1431941445223943,5.702333453650949,183.18383380441531
602.0,528.0,1867.0,793.0,1413.0,378.0,3.5115949394892167,5.7073025343415145,174.57602563246536
1099.0,435.0,6.0,808.0,7.0,976.0,-5.136702591649314,-1.1683813243891248,163.03580188196352
1513.0,714.0,1842.0,755.0,33.0,1537.0,-1.2933638601540345,6.846609137562842,178.73097656397846
285.0,464.0,1359.0,281.0,1105.0,1551.0,4.7314320277810635,4.916395184861093,171.79139384881677
186.0,1740.0,620.0,705.0,1776.0,389.0,6.1495857059801216,-6.858862122106007,173.49810995915158
843.0,318.0,822.0,997.0,562.0,469.0,-2.01436083255468,2.342263155184286,166.66522779990632
199.0,1214.0,482.0,444.0,1454.0,1111.0,4.665294976884576,-4.018371080656548,171.1203674895839
927.0,678.0,1664.0,1319.0,617.0,605.0,0.6630375075214341,4.867569373911487,175.8771555290204
354.0,1861.0,469.0,462.0,360.0,4.0,3.8971128418616376,-6.541266602889145,163.78998200972518
156.0,235.0,1012.0,983.0,795.0,370.0,2.200764854712216,3.3829304649570644,164.25080531878663
1089.0,718.0,968.0,1913.0,860.0,1559.0,-2.2706664591729204,1.9841886267291544,182.652960954834
761.0,1101.0,1584.0,537.0,1540.0,1760.0,4.704768057639337,2.755332549859092,183.44812900001355
1869.0,624.0,1366.0,1813.0,1774.0,1296.0,-5.918027587826073,3.712437739408066,190.93046456681645
250.0,315.0,675.0,1835.0,1629.0,1107.0,1.0753686124648811,1.5152663170966694,175.99590390757038
331.0,351.0,1719.0,1477.0,1994.0,559.0,4.137572315029856,6.030088461960098,178.92272825683554
524.0,795.0,618.0,417.0,75.0,271.0,0.6901024255954007,-0.6160033738549681,159.94274443597632
904.0,920.0,484.0,885.0,345.0,1176.0,-1.2753057855344827,-1.4006901811243722,170.32277960612436
682.0,1264.0,1625.0,380.0,1302.0,780.0,5.0185584607089275,1.3113719752734583,177.01037625687758
394.0,238.0,1436.0,499.0,1164.0,1938.0,3.7565421005539017,6.949800483807339,174.93568551175383
1067.0,353.0,624.0,1146.0,1944.0,1741.0,-3.004652783223146,1.3291791630965375,181.4563092302709
619.0,1698.0,499.0,1494.0,893.0,859.0,2.2047654188909993,-6.18677921878041,177.0895434313265
561.0,583.0,618.0,656.0,889.0,1317.0,0.6915644411113039,0.5592326781308329,169.87783474001682
751.0,34.0,315.0,126.0,202.0,1470.0,-2.4287380968677716,2.465102644798689,160.8632327351978
709.0,1304.0,1467.0,49.0,1504.0,374.0,4.650147077270396,-0.22893823208784736,173.7724156249237
1651.0,268.0,1321.0,1313.0,529.0,346.0,-5.691823257814971,4.934795618266045,173.71647892711087
202.0,989.0,788.0,361.0,1667.0,1831.0,5.632288042405059,-0.919523993468093,175.9509641915061
882.0,1890.0,1767.0,117.0,691.0,755.0,5.739221035318188,-0.5182441458907479,177.3310146536903
1128.0,625.0,913.0,1979.0,97.0,130.0,-3.9276802850505614,1.4273675379398578,170.98900238859437
1837.0,1274.0,989.0,422.0,769.0,1450.0,-3.345766858751411,-0.810167392389169,180.7448045115525
954.0,1329.0,61.0,1871.0,801.0,464.0,-2.8012415450539496,-6.767572760665883,173.99513010586386
961.0,1715.0,1285.0,783.0,760.0,1499.0,3.523467272699227,-1.5265242110788877,182.09220698751434
291.0,1049.0,509.0,398.0,904.0,1305.0,3.5281639406227407,-2.3238090657259503,168.9122073596185
1376.0,163.0,535.0,1485.0,1177.0,1660.0,-6.504236539713784,2.450866999253937,178.80724984517684
210.0,858.0,563.0,223.0,1825.0,1339.0,4.390526041929347,-1.9602677483415438,171.7565868855787
746.0,280.0,1379.0,404.0,573.0,380.0,0.5209038698055825,4.910865052102337,165.29750038762327
503.0,1071.0,1448.0,276.0,1448.0,262.0,4.785708827978148,0.7492419167675795,171.71057360594568
71.0,1694.0,383.0,626.0,1545.0,301.0,5.790495370967211,-7.546514991605673,169.3543507152823
1669.0,884.0,1651.0,98.0,633.0,1877.0,-1.1107159285541215,4.914587034380615,180.9968478746568
1893.0,1166.0,1952.0,840.0,774.0,116.0,-2.231812977112278,3.1290327306428876,180.7341066688852
606.0,1998.0,1755.0,1188.0,553.0,968.0,6.874605033098862,-0.8406630735496605,182.25717532884877
525.0,1612.0,640.0,1034.0,610.0,695.0,3.0002022074687402,-4.678115625942861,172.26274375580024
885.0,1967.0,1075.0,1441.0,1337.0,546.0,3.2714444935361744,-5.306558107062983,183.24671427952524
873.0,1579.0,1768.0,917.0,21.0,1031.0,4.026598124995519,1.8081077999335045,177.84617102233372
748.0,1833.0,1753.0,396.0,1642.0,1630.0,7.605594106536454,-0.43023740139812844,187.01307926501173
991.0,1974.0,845.0,654.0,1450.0,196.0,2.5293585634929894,-6.621964384686285,177.26658394766275
261.0,1551.0,1291.0,1584.0,1572.0,348.0,6.325647652144842,-2.4449812917971734,179.86457776588222
1542.0,870.0,367.0,465.0,520.0,1431.0,-4.712159204012323,-1.657203201027919,172.68468028598096
1947.0,622.0,90.0,1996.0,766.0,998.0,-10.79772833554083,-2.5871342381908375,178.51589060072973
884.0,835.0,1924.0,724.0,948.0,1082.0,3.162247470705222,5.566476135640512,178.83319765215018
924.0,967.0,1108.0,1716.0,615.0,1794.0,0.178228193833758,1.811571998626862,182.7570989038068
1743.0,169.0,1320.0,473.0,1799.0,1021.0,-4.964699681900541,5.225918822690066,179.4127816497894
877.0,754.0,1608.0,116.0,736.0,1505.0,2.753205007065438,4.865947651906688,174.70762485073902
319.0,866.0,954.0,980.0,269.0,1399.0,3.247389682745176,1.4475796643854806,170.64087616907355
600.0,1069.0,1480.0,1291.0,1093.0,1041.0,3.8110094892763278,2.086689686275716,179.86862713932777
249.0,1618.0,28.0,1382.0,1802.0,1845.0,4.172809428549078,-8.877740651084851,181.31812216283618
1543.0,1357.0,290.0,1432.0,1623.0,596.0,-4.685046966624431,-6.507232899713687,180.99949963364315
1272.0,750.0,1538.0,1706.0,769.0,1960.0,-1.159240847989091,5.366657167681671,187.13145059501687
1526.0,597.0,1326.0,469.0,1279.0,367.0,-2.7855143896998693,2.7088245609841755,174.64607474840383
802.0,279.0,289.0,1377.0,249.0,1773.0,-3.4764530232367417,1.4109357273964835,170.51985519264224
525.0,359.0,864.0,34.0,1795.0,1744.0,2.3056673387084206,2.5949472771012068,173.3533374749395
498.0,543.0,553.0,1472.0,752.0,128.0,-0.7807472423744297,-0.5080033113124033,166.34829117093005
402.0,706.0,106.0,939.0,670.0,810.0,-0.18289059884803419,-2.826416931746778,164.72619515693063
1913.0,1470.0,1810.0,569.0,114.0,352.0,-1.7792948311769123,1.757640243698825,178.13785449377198
1784.0,446.0,1328.0,454.0,1381.0,404.0,-4.583884749120425,3.4157286863648686,175.7513128232846
583.0,1788.0,439.0,1483.0,1034.0,192.0,2.155042376320369,-7.472637906666879,174.16273466849972
309.0,912.0,131.0,537.0,169.0,198.0,0.7403784422536037,-3.4929932621855375,157.5783971644732
405.0,1315.0,835.0,23.0,617.0,1816.0,5.034681792259411,-1.2939864252677735,171.6818427991226
891.0,1695.0,908.0,1354.0,573.0,1419.0,2.080617215377167,-3.31179723295014,181.24493730577234
1570.0,3.0,1857.0,186.0,1373.0,1902.0,-2.3298040246961444,10.063178988649277,181.00230061705523
770.0,365.0,1164.0,1606.0,521.0,779.0,-1.018169651111005,4.26357523109819,172.76751490139827
1599.0,34.0,1963.0,1778.0,1234.0,1458.0,-4.222281103880093,10.70520998839631,187.03038753130514
920.0,1376.0,1432.0,1277.0,51.0,965.0,1.936976278064816,1.0896309607409678,177.05075370081215
1553.0,46.0,922.0,1017.0,1338.0,857.0,-6.239666336295782,4.056822322833176,175.33164175703916
1280.0,1822.0,1030.0,1033.0,1634.0,741.0,1.0332910459916818,-4.903353744396415,184.8131287402425
489.0,34.0,87.0,59.0,1119.0,1649.0,-1.1243811896480618,0.7391508052311211,163.69787697480655
607.0,1071.0,161.0,117.0,232.0,125.0,0.10914503241370482,-4.088397779102985,157.84990821891444
729.0,215.0,1821.0,28.0,1949.0,1729.0,3.6106595744261187,8.229476645579773,178.94342064850989
1491.0,864.0,1675.0,1709.0,1286.0,431.0,-2.204091256000432,3.445339581892579,184.404923110785
39.0,1876.0,943.0,847.0,1766.0,128.0,7.981738612005248,-6.105479191979788,174.3440574303772
1747.0,858.0,411.0,208.0,137.0,1180.0,-5.531686076587396,-1.1548997249501949,169.2562140633117
795.0,955.0,821.0,4.0,1576.0,339.0,1.4950379537800855,-1.7435280280417653,169.117072224851
1260.0,104.0,1511.0,1399.0,1482.0,1405.0,-2.782347278616316,7.547257166170491,182.6842030448027
998.0,116.0,1966.0,1479.0,1636.0,1227.0,0.22008377328988746,9.662606796456569,183.89110914583543
614.0,125.0,1520.0,898.0,445.0,688.0,0.8136791645569701,6.916337248022476,167.89563192366202
1378.0,50.0,907.0,1166.0,1267.0,173.0,-5.611050800505458,3.273184604241846,171.27666644891454
1146.0,1043.0,1622.0,507.0,487.0,1105.0,1.338697376872888,3.349557251840577,176.45468121306257
788.0,49.0,1806.0,643.0,1378.0,1232.0,1.5092190459181922,8.876118934399294,176.0355607924958
1047.0,1555.0,29.0,1543.0,1532.0,1467.0,-1.6587111356775845,-8.421596019332437,182.707148626166
377.0,1553.0,236.0,1733.0,998.0,1404.0,2.662270998758482,-6.715206852627677,178.28934476942752
951.0,5.0,541.0,1176.0,892.0,311.0,-4.431777654033093,2.1088201893785192,165.88183702116655
1036.0,142.0,554.0,109.0,416.0,1100.0,-3.0642831408501947,2.5476993355756075,163.23602275851184
1372.0,328.0,1942.0,571.0,238.0,379.0,-1.5216258657037827,7.500802515922939,170.6161092961504
1316.0,642.0,766.0,191.0,314.0,1589.0,-2.6286982890182427,1.7359117094452703,170.7931455402507
1613.0,741.0,995.0,1316.0,1921.0,80.0,-4.760197608288539,-0.32980387726248717,180.256738203104
1858.0,468.0,494.0,1183.0,743.0,1266.0,-8.314052364488264,0.6007607342733177,176.69882902876006
1725.0,75.0,485.0,511.0,251.0,1819.0,-7.708441292692797,3.4244115222485827,170.70869603661848
410.0,1994.0,1484.0,1976.0,1707.0,1381.0,8.181173904963707,-3.1587624152939,191.88552110763334
878.0,381.0,1470.0,1584.0,1035.0,1779.0,0.11608438252910425,6.598537473384675,182.60096721838454
1585.0,902.0,1926.0,1162.0,704.0,5.0,-1.7737650704402221,4.255240205446565,178.32411365256823
850.0,1462.0,1666.0,1233.0,1488.0,686.0,4.1242980643270375,0.3407568167945305,184.05587073553986
292.0,1662.0,21.0,259.0,560.0,6.0,2.858820443089173,-7.825090652382077,160.05290147696078
61.0,1683.0,408.0,1429.0,1910.0,654.0,5.899614415587057,-7.908300937168283,177.23765908513488
1971.0,1951.0,207.0,1132.0,1501.0,932.0,-5.270139477193653,-9.580221112994494,185.14273626681225
774.0,64.0,420.0,1342.0,570.0,914.0,-3.7075170534996857,2.0971659380524477,166.99415740680143
1562.0,1595.0,71.0,274.0,1391.0,1611.0,-3.0578817942456222,-7.628829310455064,179.21861850386853
235.0,1145.0,109.0,1567.0,750.0,1985.0,2.250255701361798,-4.5183588601450335,175.7657897456112
1663.0,1487.0,310.0,1348.0,72.0,1669.0,-4.983641561980627,-4.565886616641621,179.5454656788458
1945.0,1310.0,1281.0,957.0,159.0,1844.0,-3.7503738198579986,1.3552023278888257,184.59186932564216
1630.0,1098.0,1224.0,307.0,759.0,64.0,-2.3664763506737834,-0.0458230405741184,172.21531814014548
1444.0,1147.0,401.0,308.0,1094.0,1345.0,-2.9310189631230212,-3.5087673899024794,175.51907517172435
889.0,1780.0,1435.0,1560.0,1944.0,301.0,3.9376684289931516,-3.2889823981828066,186.67475264408966
1157.0,728.0,384.0,388.0,1824.0,576.0,-2.6444164301725595,-2.8384235397225415,172.00195245589876
815.0,598.0,254.0,1970.0,1154.0,551.0,-3.5126898877930053,-2.346395149572211,173.47155686721402
386.0,991.0,598.0,563.0,1167.0,1624.0,3.2981965338061867,-1.6240086726024525,173.44238338755355
1511.0,179.0,1468.0,1873.0,1712.0,1452.0,-4.758917541418179,7.006400156551409,188.00157829909688
1632.0,1552.0,534.0,206.0,1454.0,224.0,-2.5864971771980643,-5.945367222738608,174.6726217701352
1849.0,1884.0,458.0,678.0,789.0,909.0,-3.6539401361967094,-6.869968110311833,179.60334492521088
396.0,1626.0,1251.0,827.0,1804.0,803.0,6.729818706760577,-2.837537833485804,180.35696826458437
1541.0,1785.0,1912.0,1809.0,655.0,346.0,0.43677746295360875,0.36264291757625267,187.53382861261784
1452.0,650.0,1547.0,1727.0,490.0,290.0,-3.391357419681476,4.2483236619608045,177.6020132344156
1529.0,1864.0,96.0,1686.0,634.0,1071.0,-4.131057569268395,-8.732478351429009,181.05007406817558
948.0,1863.0,538.0,854.0,803.0,107.0,0.9668394583753841,-6.887930137659421,172.13503424781044
765.0,356.0,1273.0,1089.0,670.0,739.0,-0.11500752641890008,4.589129492419234,171.15916489385074
804.0,1150.0,450.0,355.0,285.0,1386.0,0.47325112075271686,-2.3849772329161882,168.82696948490388
1771.0,1309.0,1911.0,1112.0,1567.0,29.0,-1.2522734292364026,1.6364080495158255,185.70779255176967
854.0,1852.0,521.0,55.0,1561.0,1358.0,3.3863441928744527,-6.907671211994266,177.67926087186822
1294.0,883.0,795.0,983.0,395.0,1476.0,-2.695313231100778,0.5225691353584216,176.03897618942077
1976.0,1641.0,440.0,1378.0,257.0,239.0,-6.29687009294637,-5.721802518866605,176.2109621967623
110.0,1779.0,510.0,1630.0,1431.0,234.0,5.312051422704578,-7.5837002335504025,174.93633287707465
1539.0,1687.0,612.0,1223.0,394.0,1277.0,-2.6676180284914652,-4.631205368261328,180.61408420286398
560.0,564.0,1393.0,1146.0,1507.0,1074.0,2.696568691528182,3.9825036772728772,178.14102594128957
1692.0,616.0,1776.0,1794.0,832.0,817.0,-3.969821508710324,6.001455130681341,184.602665793909
57.0,635.0,1111.0,1801.0,245.0,519.0,3.207071742215747,2.602360405915914,168.4245310158287
840.0,1748.0,1474.0,915.0,353.0,869.0,3.994912484966877,-0.864628473957664,177.9298940354148
1936.0,1217.0,183.0,1835.0,1794.0,1118.0,-8.279729987160515,-6.319512673451551,187.23409963193296
1759.0,1019.0,1995.0,1631.0,1201.0,939.0,-2.116144386894843,4.920444964322388,189.9915853183491
934.0,952.0,1868.0,1352.0,623.0,185.0,1.6849862611641417,4.046333562335447,176.42476902046573
592.0,1126.0,650.0,1595.0,1825.0,1422.0,1.9357698286635316,-3.01542960609833,183.1878610148654
1587.0,1386.0,1754.0,76.0,1421.0,747.0,0.9433675803212286,1.1911475190865046,181.96970158459607
1822.0,1759.0,1684.0,559.0,1976.0,152.0,-0.05986164618305245,-1.9982958983836474,186.99386642979835
1870.0,1811.0,1047.0,388.0,1932.0,244.0,-1.8002943306352275,-5.284342314145416,183.44261645462976
147.0,54.0,241.0,1587.0,1359.0,1347.0,-0.2386398192592425,1.0048878058888207,170.45755820977826
1641.0,1714.0,1329.0,1263.0,1504.0,1956.0,-0.2831992760475546,-1.7314448583602815,194.5784617507038
1877.0,784.0,247.0,1428.0,613.0,1544.0,-8.563072901474856,-1.96979576430422,179.13837811064107
1426.0,1743.0,242.0,59.0,1002.0,604.0,-1.5842720262581997,-7.408849719433521,171.88797781470336
1310.0,1097.0,1618.0,1115.0,1327.0,624.0,0.13546773537984022,2.0264274782436464,182.6054491652959
654.0,195.0,1737.0,55.0,291.0,97.0,1.7178955608050375,6.564560376371536,161.3717685422469
1497.0,229.0,556.0,1234.0,1313.0,869.0,-6.754259988981445,1.2966867851045607,175.19524616760063
370.0,1545.0,1350.0,1597.0,1229.0,805.0,5.922017713006407,-1.4011056039151975,181.43129370619462
1790.0,566.0,1771.0,18.0,1047.0,1901.0,-2.1290157455295597,6.849238221564416,182.31107463046845
1241.0,1603.0,914.0,222.0,467.0,184.0,0.19782367575735377,-3.352186384929452,169.85909286054954
1161.0,997.0,629.0,1736.0,1248.0,1543.0,-2.5587999881989427,-1.7573208583246556,183.73807365181042
1249.0,1123.0,154.0,1333.0,1478.0,228.0,-4.07168510526607,-6.0325439163081445,174.44209676110842
1906.0,1954.0,157.0,812.0,1371.0,524.0,-4.738164096250428,-9.683051548428928,180.11263494003703
1551.0,1461.0,326.0,1185.0,1631.0,1134.0,-3.837412407476628,-6.4863424054083225,183.36836420905965
1988.0,4.0,927.0,1250.0,860.0,1168.0,-9.254479706222918,5.006335939064961,177.44770602018843
581.0,795.0,1343.0,685.0,995.0,403.0,2.7342455477092606,2.1154829388121636,170.73846341234068
1610.0,1781.0,1512.0,75.0,1802.0,1809.0,2.000094882174306,-1.4089135651039713,190.2691037147786
670.0,1852.0,1293.0,788.0,504.0,733.0,4.8333514646797555,-2.481683572947629,176.01007577451426
550.0,822.0,925.0,440.0,1482.0,774.0,2.5753668158289007,-0.11819422406202268,171.74030042981371
502.0,927.0,233.0,620.0,142.0,863.0,0.3022820971834959,-2.619337003976806,162.93369322312572
1806.0,1134.0,1137.0,702.0,550.0,1652.0,-3.497306506077036,0.9993747977189572,181.97198368338653
523.0,748.0,436.0,1115.0,956.0,1005.0,0.2673454894575907,-1.5472915406975458,170.69892747357102
18.0,397.0,1540.0,893.0,1735.0,395.0,5.741233307622904,4.598265040501805,171.40376327604648
1809.0,1218.0,400.0,465.0,394.0,1919.0,-5.070271776342495,-2.7367947479303862,177.82805609306126
1648.0,276.0,1024.0,687.0,121.0,1649.0,-5.45915821734718,5.03872507762871,173.5849306115187
930.0,1128.0,982.0,812.0,80.0,1153.0,0.49385216803513604,0.25508057704688203,172.24780793004976
622.0,530.0,1325.0,396.0,1085.0,1900.0,2.954183334917393,4.839230871998876,176.0589753765105
1528.0,510.0,879.0,964.0,1239.0,1354.0,-4.684536134967905,2.0306384076148443,179.3146217694813
530.0,745.0,1671.0,264.0,1964.0,1634.0,5.725899049508065,4.610871977492564,180.84326445463861
610.0,497.0,1527.0,432.0,1948.0,1828.0,4.002362611659327,5.448576672036138,181.07203123576866
1481.0,865.0,435.0,1596.0,1147.0,676.0,-5.679330907258327,-2.6494507313365663,177.81764260249508
758.0,1578.0,956.0,99.0,1626.0,1054.0,4.2220240371559035,-3.6256479077773527,177.15843977535565
157.0,200.0,193.0,907.0,463.0,1829.0,0.4803575801428074,1.1832268307105303,165.32384293747108
383.0,472.0,829.0,1608.0,1280.0,1402.0,1.4010644458842103,2.0473132144314024,176.83367131856986
1916.0,1562.0,967.0,1236.0,962.0,1414.0,-3.9915074332689358,-2.71337362661626,187.50684543943066
1981.0,1943.0,1730.0,1644.0,270.0,671.0,-2.0374808209211763,-0.6993932292088515,188.50515433898337
1260.0,1411.0,1866.0,649.0,730.0,1078.0,2.4174298920530655,2.553784306758833,182.06565020756636
940.0,1148.0,1977.0,461.0,473.0,625.0,3.4546168416276366,4.015389868564061,174.89902701416628
1555.0,629.0,1729.0,320.0,1042.0,1859.0,-1.0612961687225568,6.367636889915821,182.59935527772868
655.0,1155.0,1888.0,1748.0,473.0,317.0,3.5541028295807493,3.48537648310708,178.0403306348631
457.0,414.0,15.0,148.0,1169.0,1305.0,-0.27009608998499945,-1.8633558715849758,164.07511251778436
327.0,1391.0,726.0,1617.0,1317.0,1323.0,4.265844117820743,-3.5946945571237565,180.46833810480123
1873.0,1919.0,777.0,1742.0,932.0,1677.0,-3.74639792366995,-5.540872221782328,191.8543386932553
12.0,1524.0,1568.0,1331.0,1056.0,460.0,8.297722190819279,-0.31196368426991694,176.37063297008385
1665.0,953.0,1958.0,325.0,154.0,1825.0,-0.4959663927653433,6.388287505019786,181.26077360438234
15.0,1104.0,996.0,773.0,1208.0,1754.0,7.023836621203949,-0.08074402007073933,175.95985482039563
253.0,1894.0,307.0,555.0,540.0,693.0,4.690284765164463,-7.366220539906068,167.492912041463
1853.0,1157.0,1894.0,923.0,483.0,1692.0,-1.7581625929436582,4.836745470140858,187.17804262502855
1820.0,1056.0,1227.0,1914.0,36.0,233.0,-5.623205675100406,1.003594534729743,178.21950291198172
538.0,567.0,1175.0,715.0,378.0,8.0,1.2145902216178623,2.441958372848801,163.41613048188788
996.0,1663.0,78.0,342.0,1397.0,1986.0,0.6271921123734736,-7.808900645243206,179.02634465198685
58.0,1864.0,1160.0,246.0,1043.0,1478.0,9.419921037659048,-3.1228274156424134,175.6715394031589
734.0,59.0,1815.0,663.0,1463.0,1473.0,2.0540671053942923,9.17254469154182,177.60801347743003
420.0,1716.0,236.0,196.0,1088.0,433.0,3.6061685098733216,-7.555466735815814,166.71945518910337
1080.0,1504.0,722.0,511.0,334.0,498.0,0.0780946109282308,-3.4704022182887453,169.95055500760245
813.0,423.0,608.0,1241.0,271.0,1165.0,-2.253254920626598,1.7216331505694293,169.29364143367707
1332.0,433.0,1577.0,122.0,108.0,1292.0,-1.165124642915596,6.391882038221006,170.85773886298483
1492.0,1153.0,8.0,441.0,499.0,1383.0,-4.622474056256686,-4.800013785427076,171.44895493473769
1028.0,1646.0,1154.0,1510.0,199.0,1435.0,1.4834611210831896,-1.414118122557551,181.9584809433165
1830.0,1499.0,1561.0,1087.0,933.0,1135.0,-1.8287201408676133,0.4982574981632241,187.5465049010511
109.0,952.0,1081.0,41.0,474.0,1393.0,5.918438030000712,1.4355981375270217,166.6842910645814
1955.0,1259.0,510.0,1343.0,1561.0,56.0,-6.788276879725368,-5.121721503298464,180.10672008238956
323.0,1563.0,1531.0,1712.0,1421.0,851.0,6.944312381108385,-0.6802384662976396,183.9835668630821
1207.0,473.0,625.0,410.0,1180.0,561.0,-3.2060166327516733,0.18305750549203798,168.95390706665268
535.0,1623.0,1574.0,1775.0,1010.0,1580.0,6.185717461482677,0.24305052040273653,187.63687329967053
670.0,1866.0,209.0,1338.0,1868.0,323.0,1.9542084575282537,-9.9838499907806,177.84498521835462
423.0,787.0,1554.0,43.0,1565.0,957.0,5.525038580185533,3.2525145703379357,173.26966679295012
1278.0,1746.0,1107.0,1729.0,17.0,109.0,-0.8962125627817792,-2.9609611362808717,176.80433631874607
499.0,309.0,1117.0,159.0,261.0,1657.0,2.0138501766558026,5.13678753162473,166.4574434545488
299.0,484.0,700.0,1467.0,1596.0,308.0,1.2212645945026233,-0.03091348203719313,171.03236650952596
478.0,873.0,378.0,1851.0,350.0,1178.0,-0.23753510350966178,-1.8252887282431138,172.33027495967232
628.0,266.0,603.0,1031.0,1232.0,457.0,-1.310224914101483,0.9928449059558873,167.7611195746619
1347.0,1027.0,874.0,621.0,1736.0,1045.0,-1.5809016041922632,-1.4108494401661793,180.31092278153244
797.0,1422.0,439.0,660.0,1142.0,1989.0,1.7483728411705899,-4.441180563856907,179.1712005474318
236.0,1273.0,1323.0,773.0,746.0,664.0,5.874495938002545,0.16900776969838652,171.7232547780298
117.0,411.0,953.0,1422.0,870.0,211.0,2.314141019556052,2.0891846386861923,166.50400405518715
99.0,1369.0,307.0,1287.0,1664.0,1552.0,5.002125291725457,-5.912848554921151,178.14533712347585
722.0,1072.0,1579.0,1240.0,357.0,370.0,2.4366073478402956,2.44238427651802,173.50511635970815
1665.0,669.0,1693.0,585.0,578.0,1711.0,-2.2354724247927553,6.164315129473766,181.3977193710226
185.0,1529.0,311.0,1041.0,1695.0,1142.0,4.887345870692213,-6.949066627336732,176.13134333504638
797.0,536.0,1100.0,898.0,329.0,1136.0,-0.05197589521395027,3.4864755290432035,170.7008646423167
319.0,1375.0,785.0,275.0,1950.0,1047.0,5.774312401974786,-3.836395363388525,175.4133603274994
1418.0,1362.0,1919.0,1720.0,1003.0,977.0,0.5996530969885199,2.9105660347424704,189.33682920918505
928.0,766.0,1209.0,1980.0,1996.0,317.0,-0.47370784837394614,0.909503341349839,183.10155714923332
1430.0,1668.0,665.0,1803.0,574.0,1805.0,-2.2731232998420676,-4.310764888755153,186.89389766877002
135.0,1159.0,167.0,293.0,1503.0,1778.0,4.571022876129629,-4.934383839389955,171.7378767774854
1646.0,1486.0,294.0,81.0,9.0,1809.0,-3.3117028460900957,-4.082068498210832,173.28168638872032
1033.0,64.0,545.0,1987.0,1714.0,913.0,-5.329285067028788,1.9344637887569978,178.14468679106665
325.0,1045.0,129.0,1494.0,223.0,1791.0,1.0754294155166306,-3.376197480826243,171.75239856669296
1907.0,1588.0,579.0,778.0,236.0,95.0,-4.9597658948876715,-4.71781070815214,172.4984442776583
670.0,1178.0,1149.0,1681.0,508.0,229.0,1.4509739864134135,-0.39149517032988257,173.9199032891616
1562.0,1836.0,1601.0,703.0,587.0,1634.0,1.3342276463560983,-0.25322225825395017,186.90042440026355
712.0,422.0,1668.0,298.0,1463.0,1632.0,3.2753627322606613,6.5926961419262184,177.69107487113126
599.0,1792.0,442.0,172.0,1899.0,1989.0,5.0170462464192305,-7.134523237504487,181.15827124760958
1954.0,748.0,596.0,993.0,1135.0,103.0,-7.568796241899185,-1.6594851530288084,174.21742557298674
1820.0,1846.0,1522.0,303.0,943.0,1852.0,0.3257087457049168,-0.842890449534993,188.75994680371096
515.0,1170.0,1499.0,1689.0,1692.0,804.0,4.65035910288292,0.9815212137674303,183.94250834833903
1632.0,868.0,1326.0,1372.0,1182.0,179.0,-3.8023728796127934,1.3949195038280269,179.77018128773818
1368.0,1880.0,245.0,957.0,935.0,1055.0,-1.7409067166496444,-8.14347610151281,178.91200758888937
1670.0,1780.0,1044.0,65.0,1405.0,1944.0,0.10972457651817114,-3.336767370443215,186.72903028501196
1029.0,988.0,1170.0,1403.0,761.0,708.0,-0.3989864500503886,0.8706467986400995,177.2884616205167
1726.0,1897.0,1364.0,66.0,1414.0,817.0,0.543182857201439,-3.136033932694283,183.54443542067042
1822.0,1510.0,375.0,1757.0,63.0,358.0,-6.499151975280012,-5.222756704785667,175.96561162110777
349.0,645.0,486.0,19.0,1741.0,250.0,2.205268068075542,-2.091774284905765,163.91454279675247
289.0,269.0,1412.0,481.0,978.0,1723.0,4.151718474556199,6.50784116935285,172.28213869489224
601.0,711.0,1445.0,1432.0,1022.0,76.0,1.814740628387856,2.786750652893259,173.22023873346615
670.0,446.0,901.0,1073.0,1459.0,627.0,-0.010271218422888032,1.5865312950552073,172.71627800383692
691.0,80.0,1006.0,270.0,1466.0,104.0,-0.2827674815064831,3.19182562268178,164.58909481100906
548.0,471.0,1072.0,812.0,276.0,183.0,0.587383371614888,2.6855462524135048,163.31842674010477
732.0,1521.0,660.0,723.0,1215.0,1641.0,2.892548353040598,-4.12201649372242,179.3980012513415
1213.0,363.0,1301.0,1541.0,1462.0,1979.0,-2.282311842060068,5.723888801427348,186.42067294446525
1429.0,940.0,72.0,598.0,1059.0,385.0,-4.9931299675568575,-4.7735548006788875,168.89206908137365
1035.0,1349.0,1110.0,338.0,1788.0,544.0,1.9722832537766077,-2.300894117943855,177.75151601884784
1881.0,442.0,1823.0,729.0,245.0,43.0,-4.512879976073198,6.064974768969004,172.3341509404878
145.0,1297.0,874.0,576.0,1071.0,827.0,5.734697577745067,-2.3018919551709582,170.53981021810088
1859.0,1848.0,1081.0,1539.0,287.0,1172.0,-3.1451412789881235,-3.100268640028041,186.09447130047747
485.0,486.0,792.0,481.0,207.0,308.0,0.5753184637853641,1.4777620596174448,160.2387840519408
536.0,640.0,1321.0,1474.0,68.0,220.0,1.0615662274314968,3.3615484479847666,167.89053733872413
646.0,1373.0,193.0,1593.0,1753.0,669.0,0.4508836881358479,-7.270302394172772,177.884956322609
1940.0,1785.0,1380.0,1599.0,1801.0,1191.0,-2.3804330030261736,-2.7766510053309155,196.02449912414693
115.0,1558.0,704.0,1092.0,886.0,1082.0,5.850553054670672,-4.1646897936901,173.82338865978275
1747.0,591.0,383.0,1489.0,1067.0,391.0,-8.124575442327655,-1.653355371357358,174.9030890596426
510.0,1599.0,284.0,1872.0,1657.0,1572.0,2.5420121316238515,-7.487144350061743,184.42552439494222
1157.0,1098.0,1524.0,1539.0,1983.0,1074.0,0.9693673976176252,1.535678956234193,189.23881548577242
318.0,279.0,71.0,1456.0,1861.0,1141.0,-0.8575520295278057,-1.7826262296110864,172.45526593708465
260.0,192.0,1548.0,1539.0,1885.0,302.0,3.248533326320834,5.7254857389335365,175.31429582977697
632.0,1361.0,830.0,1281.0,361.0,1116.0,2.1219082505872673,-1.985936828529764,174.77225039124394
307.0,1443.0,1819.0,1578.0,372.0,833.0,6.646791591602493,2.2938295460202967,178.53058967200772
445.0,1730.0,1821.0,397.0,522.0,1147.0,7.837124655899307,0.9962651209993594,176.9669077572217
789.0,1584.0,838.0,709.0,1575.0,1377.0,3.350578816714961,-4.09452048045497,181.3490823506121
1850.0,1747.0,53.0,842.0,71.0,723.0,-5.5964668941660545,-7.350059670779834,172.8195032837455
1251.0,483.0,740.0,63.0,335.0,1043.0,-2.788850642331968,1.8281197875894502,166.14516853703165
1655.0,324.0,221.0,977.0,192.0,1202.0,-8.093630980546333,0.3988653556786966,169.24238499000623
1501.0,551.0,1015.0,89.0,955.0,1471.0,-2.9384546484461858,2.7533362900077494,174.71654567367463
1899.0,528.0,452.0,321.0,1771.0,1769.0,-7.127879441860326,-0.4044189714005419,180.5162871437241
1644.0,1208.0,1772.0,701.0,736.0,1765.0,-0.34544574132840034,3.811926326495769,186.33085756468242
1950.0,741.0,1538.0,1248.0,911.0,432.0,-5.234154904000345,3.5223136290638215,181.01258256534024
667.0,148.0,1949.0,486.0,1282.0,1171.0,2.9837045139330876,8.974113352717968,174.98498397762648
1152.0,1379.0,330.0,1673.0,1328.0,697.0,-2.4876039950360136,-6.0788346928066765,179.65334335940915
536.0,510.0,372.0,1462.0,954.0,433.0,-1.345475901282625,-1.1606377368244742,168.0092016518608
1448.0,1251.0,1009.0,861.0,1844.0,75.0,-1.7397094151686607,-2.789566022307818,179.40417532717098
928.0,314.0,1673.0,443.0,1587.0,1838.0,1.7085554785243733,7.4245714294246685,180.71445184709125
990.0,1834.0,1126.0,798.0,1482.0,942.0,3.331260915287941,-4.116433464041855,182.90153752539626
1398.0,1685.0,26.0,1020.0,104.0,730.0,-3.596553268239221,-7.31725334798771,171.2576680871707
75.0,528.0,1729.0,1944.0,1523.0,859.0,5.818518661615445,5.918196624950674,180.04250419129505
705.0,95.0,1166.0,1538.0,1671.0,827.0,-0.7588893588019711,4.979908334224061,176.86957283786987
64.0,998.0,494.0,799.0,347.0,811.0,3.545765409090241,-1.9996395224643015,164.05416244681993
1251.0,1102.0,1068.0,432.0,1776.0,378.0,-0.28732791337129554,-1.4155135664387495,176.97689322037365
1276.0,1489.0,112.0,983.0,764.0,1753.0,-2.5722082894599207,-6.28006641663983,178.69421384653924
262.0,217.0,545.0,647.0,438.0,1917.0,1.243589721996507,2.9834481265368105,166.6973699259525
597.0,1436.0,795.0,1098.0,1748.0,1261.0,3.6367574264394884,-3.8797290111531577,181.68344958854328
402.0,142.0,363.0,116.0,1875.0,1373.0,0.6578351450844456,0.6965220384608339,167.9986004460467
1019.0,1484.0,1721.0,683.0,1602.0,240.0,3.5771313058075007,-0.04360686218106291,180.76463149202405
1361.0,375.0,1267.0,1125.0,1380.0,489.0,-3.3582546097416808,3.7264392171348786,176.83767074373378
42.0,292.0,1601.0,1620.0,455.0,1257.0,4.588887985873372,7.455147292252165,172.79418920299378
1920.0,218.0,494.0,1927.0,982.0,361.0,-10.540442380570637,0.859443080200295,175.87262729591683
165.0,859.0,862.0,1341.0,1140.0,1797.0,4.485818014400477,0.603840898560236,177.73901559759182
1734.0,1394.0,931.0,1631.0,6.0,1078.0,-4.4164248866538625,-1.356336825553687,180.83404695727702
326.0,1644.0,1065.0,1048.0,1215.0,1888.0,6.90687397696381,-2.512353231586135,182.84814382100112
1449.0,1304.0,1888.0,480.0,1693.0,1854.0,2.2410415269947457,3.2696460234192606,190.66335730066916
1713.0,1151.0,25.0,491.0,1179.0,1826.0,-5.708235683027422,-5.2740659019625395,178.64933902160922
524.0,66.0,196.0,1346.0,1773.0,1175.0,-2.3319151625359806,0.17103309846318704,172.21271157978248
808.0,258.0,514.0,135.0,1773.0,635.0,-1.3127752707814386,0.253324496720971,167.23860704264348
1467.0,1358.0,1909.0,1973.0,1706.0,1227.0,0.5528669724016719,2.654974755724638,195.76079083184317
1781.0,1251.0,1144.0,1850.0,1436.0,422.0,-4.495782545644843,-1.4680011576544776,186.58022282633914
520.0,755.0,582.0,1742.0,927.0,571.0,-0.14213038197524297,-1.2077275935123222,172.2989663720755
370.0,1106.0,1936.0,642.0,1565.0,277.0,6.8294737178447775,2.935590751911049,176.1337858415507
450.0,475.0,808.0,1130.0,505.0,1730.0,1.1314556693425448,2.8172815062127485,172.2636522059147
765.0,636.0,290.0,632.0,1694.0,1884.0,-0.6926794656138261,-1.70093745266511,176.43642895772078
139.0,569.0,1123.0,1022.0,1385.0,821.0,4.27582303643595,2.340355765926081,172.01010768004969
1822.0,1238.0,1954.0,1154.0,1036.0,1972.0,-1.045140565342163,4.694836791580509,193.2760418701953
1234.0,693.0,340.0,1703.0,216.0,298.0,-5.51051791377739,-1.6405895066191931,168.9349506797883
1108.0,1358.0,218.0,1874.0,172.0,1690.0,-2.916500841794594,-4.654174218097794,178.95169551369506
379.0,1706.0,239.0,1491.0,122.0,1494.0,2.787430081745951,-6.248851491749377,173.7704775898367
331.0,891.0,200.0,1401.0,1571.0,1318.0,1.3888971205008225,-3.975814053965089,175.42469626324092
83.0,1617.0,889.0,125.0,1991.0,1017.0,8.292245583929773,-4.571635201620179,175.03414962146044
1718.0,1798.0,442.0,427.0,539.0,1380.0,-2.826360312684997,-5.877769418120036,178.32121780712384
1768.0,345.0,1611.0,838.0,1163.0,1101.0,-4.340547567255697,6.390035802825658,180.95735874840764
927.0,1845.0,1234.0,531.0,470.0,1126.0,3.6962270069342296,-2.3683863056039907,177.57227213397027
716.0,1414.0,1617.0,1440.0,178.0,758.0,3.525425459117738,1.5134789911813742,177.52593743128324
1776.0,1349.0,377.0,1422.0,349.0,1239.0,-5.989338042350157,-4.129883898636932,179.34526824368297
942.0,544.0,944.0,1438.0,165.0,1254.0,-1.90210315719475,2.986221102851223,173.2141424971716
959.0,992.0,631.0,1121.0,230.0,1350.0,-1.1923702593000136,-0.8034015336195708,173.25761086069468
94.0,1122.0,2.0,630.0,1109.0,1798.0,3.6667892663452166,-5.223890557986225,170.33523114505542
1685.0,1974.0,1209.0,1795.0,841.0,257.0,-1.8276235746212097,-4.378090165122198,185.93459082350466
974.0,1391.0,964.0,1543.0,536.0,155.0,-0.09007142502831522,-2.4185193177365845,174.67110887725443
1933.0,1116.0,1809.0,1019.0,565.0,1095.0,-2.903802569929815,3.929075185260589,184.80890031920566
1366.0,526.0,98.0,1193.0,191.0,1165.0,-6.5476163248225525,-1.2457249144352547,169.19020633997098
1456.0,1530.0,1848.0,1195.0,1973.0,1211.0,1.87685999645674,1.0528581001417758,193.5626033037432
797.0,906.0,411.0,125.0,859.0,542.0,-0.15363912604554164,-2.5982808227992313,164.75822949974014
1506.0,915.0,1272.0,789.0,520.0,1934.0,-1.997045157855447,3.096411426720362,181.7228234577555
833.0,1230.0,856.0,320.0,179.0,363.0,1.0398985162421326,-1.5173259487187645,165.5146671594717
571.0,1869.0,1733.0,1877.0,723.0,1248.0,6.60468786222433,-0.251529790432228,187.1990702728485
1825.0,136.0,1104.0,1182.0,15.0,454.0,-7.499897777037583,4.929905978979582,169.88862129898118
748.0,225.0,1034.0,1504.0,819.0,1055.0,-1.293821107799192,4.398858262804375,173.70623527397032
1338.0,1127.0,1920.0,843.0,976.0,961.0,1.2039282569375245,3.9636609368875577,182.9287410588156
1561.0,326.0,1856.0,1206.0,125.0,671.0,-3.4311087660201323,7.810720943755815,175.2608884359679
262.0,1852.0,1155.0,1824.0,173.0,676.0,5.693583567539602,-3.020229815070887,176.42620486642016
82.0,1048.0,1682.0,849.0,1270.0,388.0,7.280908240043388,2.3362542544036407,173.1547915940019
709.0,1090.0,215.0,819.0,1514.0,119.0,-0.32356856052646915,-5.5501441998437935,168.8718364917635
379.0,219.0,1618.0,1292.0,348.0,994.0,2.4502034517119373,7.519071509678607,170.7092190178619
240.0,989.0,924.0,1420.0,1410.0,1400.0,4.459796091807652,-0.3605494913366901,178.88145899781122
1457.0,616.0,867.0,686.0,1.0,962.0,-4.098447456325227,2.0398443373300483,169.57403344743247
1749.0,1988.0,241.0,1525.0,9.0,115.0,-4.936878463314631,-8.086802367090975,174.5154179264679
763.0,401.0,716.0,305.0,32.0,87.0,-1.287450947086886,1.4282732397455964,157.88021152795937
1550.0,14.0,610.0,1529.0,287.0,825.0,-8.09239597776543,3.436040227370043,170.43845775826975
490.0,550.0,1346.0,972.0,1876.0,672.0,3.0691674214171805,3.075737830391107,176.38854620979725
800.0,935.0,287.0,827.0,542.0,1189.0,-1.0420369609978999,-2.6334455115166144,169.61265137308897
761.0,1490.0,1328.0,227.0,1172.0,962.0,4.53245162509767,-0.9813045621896503,176.55562794635557
1739.0,223.0,1833.0,329.0,1048.0,914.0,-3.3220566237532436,7.715027545904685,177.05229535266133
839.0,1090.0,1592.0,1361.0,129.0,144.0,1.4649025022536144,2.3748052229038987,172.55265532708177
1809.0,643.0,1275.0,290.0,501.0,1969.0,-3.936805156964703,4.468513182425199,179.26538897818583
528.0,1260.0,789.0,1885.0,390.0,1764.0,2.239940226093457,-1.2986325151225022,180.09598108835024
445.0,1265.0,1187.0,1304.0,739.0,585.0,3.8227210179349895,-0.5256710039458636,174.4560356078048
539.0,1315.0,1724.0,1255.0,1182.0,1553.0,6.15920505848821,2.5149532084729036,184.88028138922886
1553.0,385.0,1974.0,1203.0,1677.0,1983.0,-1.7525025753366716,9.11554791501675,190.918513860232
126.0,562.0,748.0,1647.0,1981.0,411.0,2.808295890902951,-0.4031878427470349,174.1945826099858
454.0,762.0,1464.0,455.0,128.0,236.0,3.12719504542013,3.2417837987355864,163.9569686649069
1240.0,1822.0,1083.0,425.0,223.0,1165.0,1.4439300834155475,-2.670861833215045,176.71321222653336
660.0,773.0,1855.0,226.0,1668.0,260.0,4.412472117868507,3.9782351766955735,173.87342374759714
1483.0,794.0,594.0,1278.0,126.0,1704.0,-5.019768795551316,0.38703149682619753,176.70924152348232
1355.0,660.0,1043.0,1991.0,361.0,374.0,-4.573528881749269,1.9246379323879914,175.68689994161616
1542.0,891.0,663.0,88.0,281.0,1883.0,-3.2797153081158763,0.31575062271613996,173.49864805080432
126.0,753.0,245.0,970.0,1343.0,1175.0,2.541944482112912,-2.796290754079242,169.75380932965285
1642.0,1609.0,1726.0,1033.0,975.0,1505.0,0.36746269865731795,1.0846547820097516,189.85179345522545
699.0,1057.0,1421.0,1910.0,1023.0,1793.0,2.9390253040781893,2.706312863984737,186.73810101528602
1585.0,407.0,1846.0,105.0,1535.0,1645.0,-1.192394468281334,7.4928339636014005,182.45066389876655
628.0,174.0,1116.0,856.0,1817.0,802.0,0.569914987232258,3.994878013049521,173.75616543676662
1378.0,1233.0,1740.0,705.0,1103.0,1573.0,1.3023617838383972,3.0462928701594967,185.8782205730639
1041.0,589.0,408.0,183.0,417.0,646.0,-2.521882197701507,-0.6278276333706273,162.92463941922125
53.0,150.0,1148.0,822.0,1160.0,1742.0,4.270714598546363,5.77198267708537,171.94645281063953
1575.0,59.0,71.0,741.0,1275.0,1642.0,-8.394675473122382,0.3909270525262255,173.33876564956302
1637.0,1295.0,1343.0,337.0,715.0,1034.0,-1.2186009229448023,0.5171305767965705,178.84628407811726
249.0,1411.0,1069.0,716.0,1861.0,319.0,6.147754633598302,-3.0973405141054906,174.7657503023412
1503.0,1705.0,243.0,1306.0,1409.0,964.0,-3.326803682172917,-8.065147996498892,182.45283755845486
1767.0,1848.0,402.0,746.0,79.0,453.0,-3.901660842242052,-6.309131740026973,173.0343492667148
355.0,282.0,25.0,321.0,435.0,27.0,-1.134318875783734,-1.5152494752575913,153.4414280764834
63.0,935.0,302.0,1818.0,880.0,1855.0,3.0611625516659813,-2.608471677068606,176.13910059701425
19.0,289.0,386.0,1162.0,1096.0,1694.0,2.203336620904344,1.052493647884085,169.9665097151382
1916.0,70.0,825.0,1338.0,633.0,167.0,-9.135628069482411,3.2206726627828512,171.03205398322905
222.0,192.0,1300.0,277.0,280.0,9.0,2.5308053110262443,4.642652814777557,157.61144613787508
1934.0,544.0,1335.0,547.0,1641.0,1545.0,-4.969474580528877,4.080323327428866,184.7527452812388
322.0,1319.0,846.0,86.0,1758.0,96.0,5.058983090802709,-3.73897296575194,168.58470541024505
941.0,1929.0,207.0,1389.0,1069.0,301.0,0.0054339523161365255,-9.277452268040012,175.67561694320102
345.0,937.0,49.0,1525.0,1733.0,493.0,0.47650657415587977,-5.7897676197333166,172.05436299666675
225.0,488.0,1056.0,1108.0,1136.0,454.0,2.8308294163264858,2.226489826495454,168.99967026733083
321.0,1736.0,1905.0,1397.0,768.0,215.0,7.539431290154022,0.333109936276774,178.43449722909605
693.0,1839.0,1317.0,568.0,537.0,62.0,4.395597835548938,-2.8118528153948033,171.75332565354114
1253.0,220.0,1056.0,1875.0,1077.0,346.0,-4.854618696755427,3.652151143672945,175.8723508488115
70.0,890.0,1861.0,676.0,906.0,1472.0,8.168842921744542,5.426694747365714,175.84301212581505
479.0,1828.0,713.0,464.0,985.0,1655.0,5.535988557683946,-5.07843497942139,177.3217204046686
1000.0,1735.0,508.0,676.0,1677.0,712.0,1.247825344900261,-7.097728069940498,178.2978379189949
918.0,1687.0,1140.0,1433.0,274.0,1302.0,2.2405680382424236,-1.859940275810156,180.8206064444255
1118.0,618.0,354.0,1930.0,1978.0,1946.0,-4.236981746203563,-1.5733582520534526,186.9521019510502
732.0,301.0,725.0,1102.0,834.0,1436.0,-1.2753777270783258,2.734011673038781,172.45166756551035
734.0,1163.0,1586.0,600.0,1299.0,1735.0,4.823490233758768,2.6072506167352714,182.59485034701243
1477.0,1266.0,1829.0,1657.0,1388.0,685.0,-0.21079947006408434,2.342092197285809,188.8464249183111
990.0,286.0,1789.0,821.0,1665.0,414.0,0.5016847259356358,6.457313784970127,176.5690447842516
1950.0,694.0,775.0,1625.0,1641.0,1875.0,-7.788479379555867,0.6667959354049704,189.94068920586648
1039.0,50.0,440.0,1618.0,1720.0,491.0,-5.3833722792291905,0.9682731592516796,173.49810896380274
787.0,794.0,756.0,984.0,878.0,1093.0,-0.06866807455673182,-0.00017708785528661175,173.34107902537116
386.0,602.0,923.0,1092.0,1545.0,1994.0,3.0986481626398463,2.172950971514627,179.71602657953542
131.0,461.0,1439.0,432.0,349.0,954.0,4.691430015616294,5.158329934685135,165.17885197378973
1390.0,1567.0,992.0,662.0,870.0,271.0,-0.700657888952065,-3.2673898128378225,175.64975790117012
1354.0,909.0,1194.0,792.0,1617.0,1231.0,-1.1822240055016595,1.1518537932325945,182.6408881578595
1223.0,389.0,1785.0,232.0,1765.0,910.0,0.34695774089236964,6.2750117566967685,178.3192402110508
665.0,1989.0,1467.0,568.0,163.0,1426.0,6.171195635407763,-1.3974825859836681,178.18690821615166
48.0,1587.0,118.0,1119.0,1218.0,1057.0,4.816948669507532,-7.731096896770174,172.17038767349138
1992.0,427.0,1942.0,255.0,1256.0,1564.0,-3.544059299035015,7.967505888618508,183.98974561868792
1623.0,1376.0,1959.0,663.0,1908.0,1974.0,1.5989535549435974,3.26215272051722,194.992780347142
420.0,585.0,1564.0,966.0,514.0,242.0,2.962650661359052,4.381088213436548,168.0042651848039
886.0,442.0,446.0,1232.0,724.0,950.0,-2.9862156662219497,0.22237945211512214,170.12827341910332
1880.0,111.0,1891.0,635.0,1271.0,1725.0,-4.408107943288988,9.69754475546643,184.2232951086007
109.0,962.0,519.0,1399.0,471.0,506.0,2.6378214919317218,-2.1419702077867986,166.4078381221724
1893.0,699.0,981.0,752.0,811.0,1287.0,-5.807357916530804,1.84379395627434,178.98471645106616
1991.0,1345.0,1111.0,1210.0,201.0,1941.0,-4.694920567672204,0.34160300310935865,186.1228886285695
431.0,1452.0,1995.0,1571.0,1590.0,162.0,6.972499154188485,1.523940465155932,182.89347045502387
873.0,1068.0,1049.0,1636.0,688.0,1563.0,0.6127613163287313,0.6807519806015069,181.50525652349393
1820.0,1526.0,800.0,90.0,1504.0,1442.0,-2.4310192911127846,-3.7445298892948773,182.95455964499578
488.0,951.0,1363.0,1274.0,1232.0,931.0,3.813253440843054,1.8705076895420591,178.14073089775772
1237.0,709.0,1891.0,14.0,880.0,84.0,0.8119552219199786,4.633818307192065,170.7313637583476
624.0,337.0,304.0,1561.0,1522.0,671.0,-2.330471156485902,-0.9348015126587023,171.88033251072653
750.0,737.0,1589.0,1174.0,1714.0,1250.0,2.884923675320142,4.170748922572565,183.13994093134025
1665.0,917.0,1826.0,1741.0,1496.0,858.0,-2.402220970225023,4.311508257763449,189.79656575549583
98.0,1553.0,1592.0,1552.0,1144.0,1234.0,8.67092616913359,0.28772669543461055,182.6847382882949
844.0,551.0,1370.0,209.0,1238.0,1561.0,1.9093130783633487,4.443531354874898,175.66736553377459
1195.0,752.0,1172.0,1503.0,1679.0,1449.0,-1.4225694885630715,2.113321900512225,186.00959506013868
1890.0,1570.0,1465.0,690.0,1549.0,1398.0,-1.4501486868772644,-0.68638338488453,190.20769459352906
920.0,287.0,1089.0,1947.0,1293.0,1580.0,-2.0187709895480785,4.722078282302026,182.63291612951437
749.0,1775.0,998.0,1409.0,739.0,193.0,2.6286261417795203,-4.288648019218565,176.12765557919988
646.0,1176.0,1458.0,653.0,294.0,977.0,3.6867837644768886,1.9592471676433552,172.78250440308625
1097.0,279.0,317.0,155.0,855.0,913.0,-3.6596216849001793,0.23358035117372875,164.59510281675875
948.0,47.0,1193.0,611.0,853.0,299.0,-1.8294942314733473,4.9307523745922115,166.25400884268913
1683.0,1966.0,223.0,56.0,640.0,1846.0,-2.132399641899956,-7.526984409950194,178.74970557713615
1507.0,470.0,1949.0,1086.0,1614.0,1758.0,-1.255521300560594,8.201763603140169,188.9760349498427
54.0,1943.0,610.0,1255.0,805.0,135.0,6.015567128118498,-7.043694748186665,170.32010059234898
631.0,318.0,1125.0,926.0,289.0,1669.0,0.5811525131672215,5.297810666686478,171.43129683113978
1257.0,680.0,145.0,440.0,1770.0,1396.0,-3.9278660006208312,-3.135107819476471,175.2245584690818
1164.0,1886.0,1374.0,719.0,131.0,1117.0,2.482323206573864,-1.5740776881196992,178.95395268212553
983.0,132.0,1806.0,134.0,929.0,294.0,0.41830083480070157,7.1609130226734194,167.7967932364249
1727.0,1519.0,512.0,844.0,1243.0,1645.0,-3.7087590043355187,-4.945671488709936,184.4951092584384
1425.0,1863.0,1948.0,468.0,192.0,1925.0,3.3588220811371827,1.9649868752480548,186.26166390337224
20.0,1849.0,1034.0,250.0,614.0,1820.0,9.14578937897254,-2.9715891465499595,174.32533589238713
215.0,1544.0,984.0,843.0,1891.0,261.0,6.368450481048146,-4.2865709080355625,175.28766067156945
1112.0,1081.0,542.0,1996.0,1148.0,180.0,-3.1600337054868377,-3.6426741302731007,177.12240396704286
1589.0,1647.0,201.0,258.0,86.0,1070.0,-3.228287605906201,-5.821743284727501,170.79135232769733
811.0,644.0,695.0,1096.0,1960.0,445.0,-0.7420977727453238,-1.085566812676505,175.14322766292824
807.0,1453.0,666.0,907.0,153.0,159.0,0.5632383477686103,-3.607493883629447,167.32519330329248
851.0,1471.0,552.0,1633.0,592.0,1928.0,0.6141057462790679,-3.758933601190173,182.19685416618935
857.0,1678.0,483.0,1131.0,257.0,1365.0,0.961397497078363,-4.990254119967987,175.65486978330938
817.0,1142.0,819.0,185.0,1800.0,1791.0,2.6539901302913433,-1.7149842829230235,179.74540313799346
322.0,1542.0,910.0,1293.0,1911.0,117.0,5.08933122382282,-4.853199261103557,177.17418738192418
1525.0,1939.0,1394.0,755.0,478.0,12.0,0.22490154472049928,-2.9233468105464,177.472298392053
1693.0,140.0,1279.0,1542.0,110.0,472.0,-6.7586922948832875,5.809036365163515,172.57749555016534
1896.0,1592.0,1501.0,1935.0,351.0,1864.0,-3.025243613224582,0.8578093771687032,193.10735692528252
1473.0,160.0,1113.0,1259.0,1365.0,1656.0,-4.969568148867207,5.419865420947026,182.03513899936755
272.0,1518.0,158.0,1690.0,629.0,1279.0,2.6575785797624194,-6.529523866939185,174.38225388016303
1273.0,1043.0,873.0,701.0,1483.0,1530.0,-1.0864660438545952,-0.8543379206596389,181.63903763532954
156.0,1896.0,8.0,313.0,454.0,238.0,4.178164921818356,-8.705572740659681,161.2923143785814
52.0,751.0,1031.0,982.0,1406.0,3.0,4.4674281788028,0.12186240701087159,167.68237569036467
1935.0,1668.0,1344.0,655.0,249.0,55.0,-2.759148674562832,-1.6383882649964336,176.44733470799952
1613.0,1011.0,1997.0,1701.0,368.0,226.0,-2.0594610674510814,4.683089425128259,181.54085728510134
1039.0,1505.0,1047.0,637.0,1741.0,592.0,1.9322176189566846,-3.3459973055698056,179.78823967972028
572.0,190.0,395.0,1520.0,333.0,1289.0,-2.381621537020729,1.9020828637932996,168.13301912060194
756.0,780.0,1123.0,1955.0,1326.0,1666.0,0.7918375224576273,2.227496335522685,185.2635947187173
1072.0,1954.0,766.0,1541.0,903.0,1719.0,1.5538763552130752,-5.669674161189579,186.91771439953283
1544.0,575.0,1625.0,1671.0,1853.0,1470.0,-2.887193166587419,5.550291746112301,190.9600294973785
1601.0,1994.0,804.0,508.0,800.0,403.0,-1.0039553451103518,-5.970008701853233,177.36090569755046
1445.0,794.0,245.0,833.0,193.0,1833.0,-5.191029409092002,-1.2998229728346065,173.4032059528768
735.0,1351.0,860.0,141.0,1345.0,1327.0,3.3801663999149474,-2.4819618476990613,175.6259987029774
317.0,1375.0,1523.0,251.0,1408.0,1079.0,7.547802129907021,0.4448675601159169,176.4288728099683
520.0,1031.0,1059.0,342.0,394.0,1610.0,3.64792022800175,1.2221784209857358,171.48698107931517
591.0,165.0,716.0,1795.0,1290.0,1536.0,-1.3534064876557768,3.260106834799286,177.41604707722027
133.0,713.0,547.0,1733.0,274.0,202.0,1.2511930064494066,-0.8710997661815878,164.54075651717284
1947.0,1031.0,1069.0,808.0,1062.0,611.0,-5.0781464057830545,-0.2160961929947445,179.58626892933952
1996.0,1849.0,1004.0,444.0,495.0,1364.0,-2.7107322455781264,-3.3503976677076728,182.83148701788556
1061.0,1917.0,1248.0,735.0,70.0,1656.0,3.0987172390536695,-1.8818097411670938,180.43068645254357
459.0,833.0,38.0,1683.0,187.0,516.0,-1.5043225395710398,-3.6068800965784997,165.07004609503792
88.0,222.0,410.0,1167.0,325.0,1542.0,1.0982429259348978,2.0429218322269973,165.33776225098055
1617.0,1526.0,1486.0,419.0,1396.0,836.0,0.08049362329273668,-0.699825842164101,183.5921697320058
1443.0,1625.0,733.0,1681.0,704.0,681.0,-2.570946502996579,-4.559933562202271,181.31263823206888
1935.0,1747.0,956.0,998.0,1952.0,177.0,-3.3674843457616563,-5.6152771379470146,185.83728406625482
243.0,826.0,415.0,769.0,1660.0,465.0,2.5017545718036303,-3.1406189913458595,168.5058022311195
1943.0,467.0,16.0,571.0,866.0,1652.0,-9.268538939738866,-1.588315921916259,174.01296416765902
54.0,122.0,1045.0,1910.0,383.0,451.0,1.5209273740870977,4.676066047982705,166.3014510284352
1026.0,628.0,1960.0,1611.0,1229.0,1247.0,1.2738772860435281,7.157807090152712,185.52570755374128
1121.0,1116.0,1916.0,1508.0,1154.0,274.0,1.488013932402584,3.2600626892450926,182.5285383129755
1152.0,1108.0,613.0,187.0,656.0,792.0,-1.0295722562835121,-2.208046847622983,169.25046787487076
820.0,783.0,150.0,921.0,129.0,1773.0,-2.0210766893140706,-1.7163727285676902,169.55383855556713
261.0,535.0,560.0,486.0,1954.0,385.0,2.3663654483046193,-1.2724464934783863,167.50467465254908
1322.0,1277.0,1066.0,145.0,980.0,42.0,-0.4181391773901825,-1.8043940505707816,170.9255984040637
965.0,1929.0,650.0,367.0,1850.0,71.0,2.4326056933400615,-7.804573001980531,175.70194774471443
507.0,350.0,1401.0,60.0,1415.0,1816.0,3.7881407946550603,5.7622007062193745,174.36133738172035
520.0,1794.0,223.0,911.0,1126.0,1863.0,3.594439159410523,-7.675307445898874,178.8826027270877
30.0,391.0,1610.0,1051.0,668.0,531.0,4.978726291573089,5.800477288783302,167.7969579446509
1308.0,199.0,46.0,1420.0,1282.0,546.0,-7.545318137503827,-1.442800894460575,170.4857746819422
456.0,1756.0,155.0,1043.0,1503.0,1139.0,3.311169525681802,-8.719610503123295,176.8283193332567
1167.0,1861.0,491.0,283.0,1152.0,213.0,0.460990573417719,-7.271719488361478,172.3783068348146
953.0,911.0,1848.0,1869.0,118.0,1319.0,1.3526474060622289,5.895533978330804,182.01081183371292
936.0,1955.0,538.0,20.0,751.0,1940.0,3.1497950423579173,-6.004747804515553,177.40882488287326
1092.0,1025.0,408.0,1749.0,288.0,245.0,-3.6395743928564643,-3.046326543127003,170.65857217889558
373.0,1313.0,1687.0,1932.0,849.0,672.0,5.549252321296803,1.7838489401357895,181.05959219277062
999.0,542.0,588.0,975.0,305.0,232.0,-3.0705276473561565,0.14962967661649249,164.74585340775874
535.0,1487.0,1914.0,1349.0,882.0,1247.0,6.698796387265742,2.545183012106315,184.04118358234686
1378.0,1350.0,1354.0,1288.0,1303.0,1773.0,0.09459013600504501,0.44222426372282025,189.63069328095943
3.0,732.0,210.0,756.0,1831.0,1933.0,4.125028279896309,-2.77223289989542,174.083974007714
943.0,698.0,1595.0,1741.0,1248.0,586.0,0.3791487107834537,4.100307403175715,181.07874340851296
722.0,985.0,472.0,1918.0,596.0,106.0,-1.5741062024141876,-2.9858638875384234,170.66709741844446
779.0,483.0,1395.0,1157.0,1774.0,1926.0,1.7457459181290542,5.22182991840616,184.66624989097056
264.0,1299.0,761.0,305.0,266.0,628.0,4.200481474352484,-2.1418429212298777,164.07159344625967
928.0,1171.0,1175.0,575.0,1329.0,627.0,1.8165375974424944,-0.6077962351968966,175.95932519367486
1616.0,736.0,1981.0,1868.0,498.0,98.0,-3.077102269600997,5.767342962074648,180.82344293038474
1338.0,733.0,1737.0,393.0,891.0,1533.0,0.2477203908703478,5.613591970867386,180.0385480213822
395.0,42.0,1485.0,1179.0,185.0,731.0,1.3053649181084928,7.437888853764765,166.42441235701625
86.0,116.0,383.0,1416.0,143.0,626.0,-0.14673703806871796,1.7277055425109598,160.26373233578195
751.0,1582.0,1258.0,699.0,1347.0,72.0,3.743675018267587,-2.7040608472718173,175.3493039476795
1029.0,1051.0,222.0,1078.0,1305.0,472.0,-2.475905271245738,-4.915636705874205,172.47184043695762
1525.0,1783.0,289.0,1681.0,1123.0,1156.0,-3.563698226252971,-7.919944046659758,184.66441170914413
648.0,319.0,1006.0,868.0,1826.0,693.0,0.49047857307426024,2.5480426720423286,173.63025577964754
1345.0,765.0,1626.0,1556.0,1158.0,62.0,-1.839599795819364,3.338169654148676,179.5229863295808
495.0,1566.0,1543.0,143.0,1299.0,1576.0,7.532267255269951,0.13055998463370988,179.8748398777963
234.0,1500.0,596.0,654.0,889.0,56.0,4.216645892591867,-4.980358854253142,166.04690859647212
1639.0,122.0,1308.0,877.0,135.0,844.0,-5.465727875126203,6.2648288354407144,171.05011659466123
519.0,756.0,170.0,565.0,541.0,1902.0,0.34771267294913905,-1.762219257388492,168.9436119169967
1011.0,416.0,285.0,168.0,178.0,571.0,-3.2262735104673013,-0.23920429438775828,159.5181211190397
812.0,1317.0,72.0,1260.0,1433.0,1796.0,-0.37650668372051543,-6.49018209092648,180.3560915099642
767.0,1038.0,1965.0,1004.0,252.0,219.0,3.155508564982172,4.286480471993627,172.9241954162191
705.0,646.0,1546.0,716.0,1737.0,1545.0,3.36592184316956,4.635852716840961,181.43953101590677
337.0,1691.0,1584.0,961.0,1167.0,348.0,7.180699392396215,-1.2587971311076822,177.15689671210234
69.0,1052.0,1105.0,895.0,483.0,1923.0,6.318252593801469,1.5575843975167836,174.29726474672646
221.0,1262.0,1765.0,1365.0,1058.0,1037.0,7.415339757419568,2.5909531215862733,180.34287875897073
1371.0,528.0,1435.0,1838.0,254.0,1375.0,-3.3890693533011884,5.709018221956438,180.86395857741385
1114.0,1791.0,1642.0,1844.0,1209.0,148.0,2.368944405054272,-1.709895365682887,185.93078570717847
1016.0,236.0,1199.0,233.0,141.0,189.0,-1.5904495166055947,4.290212397479605,161.44733025245898
561.0,448.0,1364.0,832.0,33.0,1324.0,1.7729495760000291,5.5931167755426765,169.35115059101707
604.0,1659.0,1700.0,1516.0,1636.0,494.0,6.047514629083511,-0.8047384366823718,185.09586586118948
720.0,1895.0,1405.0,289.0,1542.0,1057.0,6.447776432807884,-2.8997377253305547,181.3996288627718
821.0,1530.0,852.0,832.0,631.0,1717.0,2.5419158749839563,-2.5040004010169934,178.88757907752665
1373.0,1449.0,1290.0,107.0,788.0,559.0,0.5661669780476369,-0.9454980440268655,174.7416728522998
204.0,0.0,1370.0,853.0,807.0,1300.0,3.0126628295107594,7.361324296217774,169.09086631168844
893.0,1526.0,1834.0,223.0,691.0,1551.0,5.399233060687439,2.2839161503036403,180.49130381355963
1185.0,1049.0,1721.0,800.0,579.0,285.0,0.7084278472078428,2.904522602127588,174.97651549087863
1421.0,190.0,1394.0,309.0,573.0,1837.0,-2.697872647498264,7.128429655948364,175.2164408736964
782.0,1118.0,1524.0,1223.0,869.0,1400.0,3.150535652283718,2.5898188058325875,181.64295603552517
746.0,970.0,300.0,1333.0,1190.0,1781.0,-0.5386717550123183,-3.1105396211654734,178.59758579837347
918.0,1377.0,189.0,834.0,248.0,819.0,-1.0542748636726542,-5.158988807323955,168.49452825158866
1766.0,1708.0,1501.0,985.0,1260.0,1907.0,-0.38785991962172467,-0.5378891671664552,193.1364484532456
1110.0,1526.0,506.0,1180.0,1592.0,880.0,-0.5117049395737353,-5.98876416320328,180.9113262275136
1944.0,197.0,1700.0,346.0,685.0,1339.0,-4.92559328375439,7.9233145852662625,177.60257632594187
150.0,1020.0,1136.0,1379.0,111.0,1442.0,4.792766827897325,1.7734183375501222,172.883512330302
1975.0,146.0,259.0,920.0,1984.0,1513.0,-10.273612794896772,0.19356745172425094,180.58585104403926
156.0,891.0,763.0,1095.0,1806.0,1526.0,4.82104644233192,-0.949437768826991,178.0981234895982
229.0,529.0,501.0,1022.0,128.0,1420.0,1.3824600358081345,1.014518386419046,165.73387146000633
154.0,1177.0,423.0,81.0,144.0,1912.0,4.578284119944368,-2.071715746545613,165.88381897060108
1461.0,928.0,1305.0,960.0,1004.0,951.0,-1.9926388484037552,1.8581843269563836,180.10779051168447
1798.0,984.0,1502.0,758.0,1061.0,1377.0,-2.810391388180212,2.9390868428526695,184.55438625096772
997.0,1262.0,1069.0,427.0,1197.0,1550.0,1.973352598482962,-0.6737331824261777,179.54575847697794
1944.0,387.0,1595.0,481.0,3.0,1921.0,-4.887732881601371,7.615179343160463,178.1944872267828
1331.0,373.0,1710.0,715.0,955.0,1159.0,-1.324657845133867,6.893633994798974,177.99363797093295
179.0,738.0,171.0,710.0,1757.0,1059.0,2.379709405921692,-3.5815919873177258,169.72363654202456
117.0,408.0,358.0,1682.0,1324.0,1673.0,1.5107310639762175,0.03545860624510688,174.72285278114092
1742.0,1340.0,1133.0,1655.0,517.0,903.0,-3.9483540592911153,-0.7097700747109807,183.5559577077153
204.0,1597.0,653.0,69.0,77.0,571.0,4.992073657642633,-3.755562761586251,162.1465875469405
1787.0,1506.0,1757.0,158.0,595.0,1010.0,-0.18613013522098176,1.561235928790404,181.17292414712745
326.0,534.0,808.0,529.0,1534.0,1378.0,3.0261696327260506,1.2842431869923632,172.31901235577
1084.0,1011.0,1694.0,1873.0,1086.0,1137.0,0.879902419397933,3.7155967141210517,186.65256928811326
650.0,696.0,1753.0,447.0,644.0,468.0,3.215914265520664,4.787183472673126,169.87850911734614
1568.0,678.0,1995.0,1427.0,1465.0,1539.0,-1.3807482320779678,7.25071933670108,190.5425570300734
1048.0,1784.0,515.0,69.0,649.0,713.0,1.1760161001953393,-5.833514879668863,170.4762012360356
1097.0,1605.0,911.0,246.0,1680.0,794.0,1.9497708581913602,-4.257449392553247,178.56473185063243
836.0,771.0,1379.0,966.0,1234.0,1580.0,1.914635341789528,3.524192947731473,180.8702185050168
1633.0,827.0,687.0,1296.0,191.0,1640.0,-5.554302716499371,0.5780993306760845,178.21062635213755
765.0,1952.0,225.0,1382.0,1748.0,431.0,1.6418490500322784,-10.160129462024539,179.0286631747598
171.0,630.0,1412.0,785.0,552.0,1415.0,5.110680488245231,4.68009842933405,171.38459598349436
538.0,271.0,300.0,1056.0,653.0,741.0,-1.8080211786112588,0.2216757958323691,164.36699046727153
1775.0,546.0,1347.0,1735.0,268.0,1027.0,-5.9707006384553685,4.738251617494028,180.2637395544835
248.0,1814.0,1891.0,1985.0,463.0,30.0,7.326553862029562,-0.0065356852279496724,178.8600996236238
1801.0,1174.0,379.0,200.0,1972.0,1581.0,-4.61317493746165,-4.53796696961499,182.4434005428661
1644.0,282.0,741.0,1982.0,1388.0,308.0,-8.024406050436419,1.4442285456033477,178.39345926921786
1638.0,808.0,275.0,131.0,1635.0,1646.0,-5.005335117432529,-2.751182081377862,177.46293544378548
877.0,1141.0,588.0,957.0,1177.0,635.0,-0.12504584305176514,-3.257446471287673,173.7093200904109
1644.0,1490.0,700.0,59.0,1748.0,138.0,-2.121346610650142,-5.2098562604664025,175.6150024158868
1104.0,1311.0,426.0,1135.0,1405.0,693.0,-1.4851316026616974,-5.181046241034219,177.22352573891544
393.0,1635.0,1802.0,429.0,948.0,1129.0,8.168783174136708,0.9844898629896414,178.36485781073063
515.0,1108.0,424.0,408.0,465.0,765.0,1.5777834168955733,-2.950461999316081,164.97377191526058
1199.0,1377.0,1068.0,586.0,887.0,1490.0,0.7593885396376593,-1.0271663308043077,180.11128182508594
1555.0,700.0,1244.0,458.0,1633.0,380.0,-2.7543580553314255,1.5642890114089971,176.75366239204195
1578.0,1460.0,1759.0,622.0,1125.0,1019.0,0.6472387013355962,1.4047360917164788,185.05750695866828
358.0,1534.0,1231.0,581.0,433.0,565.0,5.456432505024608,-1.3011392290211659,170.1165293433441
1067.0,1606.0,561.0,644.0,891.0,1629.0,0.7331073579522257,-4.688077889948041,178.9202440496337
348.0,724.0,1005.0,1663.0,418.0,1759.0,2.570540535775085,2.686317377305844,176.4589291453038
707.0,1472.0,1980.0,1258.0,1978.0,1483.0,6.998405039174122,2.368199225684516,191.59962790476536
1421.0,777.0,574.0,86.0,706.0,1862.0,-3.0543984785255964,0.018966714314620936,173.9227338765366
1492.0,229.0,1146.0,1941.0,824.0,1719.0,-5.767271386835929,5.810830817896732,183.63049163198633
1299.0,761.0,410.0,58.0,611.0,1997.0,-2.824638510682132,-0.5153880921983401,172.41606891610954
1864.0,727.0,1410.0,983.0,1907.0,1966.0,-4.137741061435586,3.8607152367103454,191.58614919064541
1451.0,1310.0,325.0,1068.0,486.0,1534.0,-3.786279962445717,-4.081387361586285,177.71767471257357
76.0,1749.0,711.0,1841.0,1410.0,174.0,5.812509695177499,-6.470211059553355,176.35624219786564
672.0,1053.0,1133.0,173.0,1388.0,763.0,3.3085221987603086,-0.16685749323868782,172.68630412122482
1752.0,1288.0,706.0,1701.0,136.0,1375.0,-5.4419815413357995,-1.8785879553466227,181.72686470283432
677.0,1177.0,1034.0,1621.0,19.0,668.0,1.1034941838154495,-0.12037012729988816,172.78967378783972
971.0,1750.0,467.0,1877.0,660.0,543.0,-0.506325196889247,-6.631440569285649,178.11387774111748
1537.0,265.0,631.0,1002.0,1980.0,1427.0,-6.13172145496718,1.501189640503949,181.13929052474663
1663.0,420.0,385.0,317.0,688.0,1546.0,-6.372077506924205,0.5930755475475122,171.6832630706138
7.0,755.0,972.0,1936.0,1319.0,1874.0,5.238194232125018,1.72260258104801,181.30816156507134
1084.0,1132.0,313.0,1881.0,1177.0,1673.0,-2.7850390038505592,-4.096951610127354,183.3832265299687
1913.0,1924.0,1149.0,440.0,505.0,1201.0,-1.6792247511770182,-3.131275566118638,182.76646118631206
1618.0,889.0,855.0,1075.0,1927.0,970.0,-4.212978721460176,-1.036606469817302,183.77800973729293
887.0,1874.0,617.0,1897.0,1739.0,268.0,1.277023965910642,-7.979399907370665,183.23746669465504
228.0,774.0,1564.0,1599.0,1462.0,1096.0,5.517875030652018,3.924721314883422,180.50624940039924
786.0,1715.0,1814.0,1006.0,1802.0,501.0,5.9715831793653855,-0.6513999127871113,185.17311534871678
256.0,1714.0,1971.0,129.0,1440.0,1395.0,10.55454913286773,1.254316889327796,181.04489943630844
1224.0,687.0,517.0,1684.0,885.0,1319.0,-4.418610861957776,-0.5156010205920346,178.52220797632924
168.0,1539.0,11.0,325.0,1449.0,857.0,4.326859038442039,-8.099595865650603,167.99869851310498
229.0,783.0,1155.0,230.0,30.0,1859.0,4.858002847201929,3.423011565503351,167.8753371809804
1343.0,793.0,1725.0,1701.0,1438.0,210.0,-1.4043353877143998,3.721416355932703,183.12207299823632
949.0,1134.0,692.0,1183.0,188.0,874.0,-0.8753153187395639,-1.540650865855727,171.89980359240363
319.0,1211.0,1312.0,874.0,57.0,993.0,4.840730378397784,1.3190812342465184,170.46595487025525
36.0,1089.0,1081.0,1903.0,1408.0,587.0,5.5035934797106,-0.7754327525060122,177.35002837356473
365.0,335.0,983.0,283.0,283.0,56.0,1.3866931271710583,2.6676335973749574,157.85419104306175
546.0,1239.0,1823.0,991.0,953.0,99.0,4.99114813663346,2.0459636934463976,175.01834056208378
1330.0,1999.0,411.0,1708.0,1038.0,943.0,-1.4980780488295466,-8.41755758088736,184.00359403976836
932.0,961.0,1995.0,861.0,1457.0,203.0,3.0830731931054243,3.989069427624739,178.94767914360736
1453.0,251.0,1105.0,1123.0,129.0,1989.0,-4.653211929946828,6.0343521324820895,176.89383285436813
1382.0,996.0,1946.0,1409.0,1204.0,1185.0,0.32203551580036116,5.008701938770546,187.83720537579305
1166.0,1930.0,441.0,238.0,1148.0,1285.0,1.1213032648515369,-7.2838043290024626,177.7627318181664
1166.0,568.0,1984.0,169.0,781.0,724.0,1.2002413740405953,6.611946673094631,173.59770576847566
589.0,199.0,1791.0,1531.0,268.0,192.0,0.9037385889149955,7.552180942352682,169.25095399814478
1383.0,309.0,787.0,443.0,1893.0,496.0,-4.072729633179984,1.1571332019801934,173.29436369664177
118.0,1161.0,1520.0,309.0,1049.0,1547.0,8.124333735813739,2.2515168420839444,175.0698684444901
1194.0,1580.0,1808.0,1784.0,475.0,644.0,1.6539414204501508,1.3022544615618277,184.610292644371
613.0,617.0,1549.0,867.0,540.0,722.0,2.3801517718289524,4.669036960669462,171.20654712603272
490.0,1927.0,1823.0,1740.0,919.0,36.0,6.6667413253776076,-1.3050820528393556,181.53171266856145
1901.0,926.0,1109.0,904.0,160.0,524.0,-5.361195069865483,1.183093203607839,174.36102167286003
820.0,1635.0,615.0,956.0,1448.0,1067.0,2.142072278990653,-5.6427488028005826,179.60569736556022
1880.0,66.0,1475.0,1715.0,392.0,1394.0,-7.485196679038237,8.194839599846164,181.10322494383564
1303.0,177.0,391.0,202.0,1575.0,109.0,-4.950175789596642,-0.2869073975618074,165.22427153093167
827.0,312.0,127.0,1104.0,1954.0,362.0,-3.582647570920972,-2.379194310960469,170.06794583954473
1355.0,1652.0,1046.0,346.0,997.0,398.0,0.33015925279755864,-3.404132953333336,175.8606636272686
925.0,1176.0,1357.0,1492.0,45.0,1994.0,1.5719224256902273,2.6787016246481303,181.9818704220816
394.0,1558.0,1963.0,537.0,863.0,483.0,7.648345937613869,1.5870630433924522,175.6162069210045
888.0,522.0,540.0,194.0,755.0,914.0,-1.304799922672236,0.22802651833699955,165.6798848784608
1068.0,172.0,370.0,607.0,298.0,1005.0,-4.349996113659699,1.5780290008979487,164.05914397668278
1234.0,1579.0,1251.0,711.0,1228.0,1954.0,2.019202624722079,-1.0965786905453556,187.05458326747691
1644.0,35.0,810.0,1019.0,235.0,118.0,-7.380392411031451,3.472970554071052,165.55183835033756
1049.0,1002.0,1626.0,1842.0,949.0,1206.0,0.8469897747098736,3.56602394546155,185.56633662521918
1342.0,1324.0,1976.0,428.0,776.0,355.0,1.8081198037218862,2.677730902739002,177.97601100941176
1377.0,1063.0,1630.0,1737.0,604.0,1211.0,-1.0396470620262845,3.504869205941283,185.28799929937028
887.0,1556.0,340.0,1614.0,711.0,1095.0,-0.3687430465456142,-5.960130966682449,177.85196456010985
514.0,1899.0,342.0,98.0,183.0,60.0,3.0627310173740367,-6.865301566710837,161.6535794260417
215.0,949.0,795.0,1960.0,956.0,1216.0,3.1826492451654462,-0.596796461247783,177.39766729110457
512.0,1062.0,1081.0,1490.0,406.0,1055.0,2.4877577779531044,0.6760367624642293,174.90677922865055
1435.0,257.0,307.0,1680.0,1843.0,1389.0,-7.502724579427677,-0.12687814320386007,181.43765433253907
1014.0,715.0,243.0,1968.0,865.0,1388.0,-4.207113982301568,-2.0839247168834367,177.86600941506305
1482.0,484.0,1981.0,122.0,1296.0,1998.0,0.07841014309710514,8.365490987983975,183.616998145467
1688.0,1515.0,589.0,318.0,239.0,1215.0,-3.0578275611166053,-3.515687903746431,174.60448266032463
1504.0,1.0,62.0,384.0,585.0,226.0,-7.749192172533815,-0.04240127812491323,159.9227502863209
1202.0,1241.0,260.0,405.0,309.0,1231.0,-2.1186564715649445,-3.871370609756586,169.88804568909813
1394.0,1808.0,347.0,205.0,475.0,368.0,-1.433480264796898,-6.720581523726672,169.4761065068818
498.0,1639.0,835.0,132.0,1113.0,519.0,4.742597692118189,-4.3342682574842275,170.22140285978463
1461.0,1083.0,853.0,846.0,1274.0,1083.0,-2.5783085060370032,-1.3513720429628384,180.05298113929277
563.0,1339.0,588.0,1294.0,119.0,1706.0,1.9689338252515045,-2.4203119188872,174.87735049343465
572.0,792.0,1819.0,1057.0,156.0,1219.0,3.7774148502165716,5.992001468083419,174.71706375990888
886.0,1952.0,605.0,950.0,376.0,136.0,1.390025741551321,-6.475120409323649,171.08117265998393
959.0,1278.0,1275.0,1454.0,1435.0,399.0,1.3364804238300878,-0.9407101848419926,181.09140339891323
1608.0,673.0,825.0,1438.0,1379.0,1729.0,-5.3282743336427405,1.1480382873390949,185.3903013786655
1120.0,225.0,581.0,1660.0,325.0,1591.0,-5.049076867664887,2.989530885810879,174.20984587518154
1467.0,149.0,321.0,1257.0,209.0,817.0,-7.690469108902636,1.3802794273610859,167.45256005607737
1385.0,722.0,461.0,1147.0,1617.0,946.0,-4.685785980065737,-1.9744136947753397,178.29791279503846
388.0,1262.0,1488.0,1943.0,206.0,434.0,3.981577978062159,1.3235277550304518,175.39697350973998
1381.0,73.0,492.0,773.0,1119.0,364.0,-6.204020711259283,1.3635042227238117,167.48134329630395
450.0,488.0,1515.0,102.0,612.0,1712.0,4.215340322391959,6.018947613342177,170.86718796946937
1480.0,312.0,566.0,1654.0,372.0,98.0,-7.258716912413041,0.9808795273745798,168.8121907438245
1105.0,267.0,13.0,1063.0,177.0,1078.0,-5.890835667054757,-0.4352662440481949,164.92385621711477
755.0,288.0,196.0,1118.0,1743.0,1130.0,-2.83815752183958,-1.0400565193853586,172.96668487617308
1965.0,1471.0,333.0,1815.0,1220.0,1950.0,-7.1093499873307024,-5.7183858332691395,190.82644526149826
466.0,1358.0,1854.0,1504.0,373.0,1923.0,6.582794924405518,4.000665934306188,184.29084849381687
1987.0,1110.0,1882.0,240.0,804.0,1088.0,-2.013759213234252,3.9882762029984495,182.61733092820907
1689.0,378.0,1753.0,1587.0,1885.0,1680.0,-3.863811569087293,7.581600415402667,192.0165490605923
438.0,289.0,5.0,225.0,122.0,1457.0,-1.0152250490695267,-0.15852945708805533,159.05481928516483
1629.0,381.0,1525.0,1016.0,489.0,1021.0,-4.121923218290361,6.12178832272949,177.01796793112342
1684.0,569.0,1596.0,1596.0,37.0,1276.0,-4.46500121598183,6.276664715691955,180.55466504631113
726.0,1.0,410.0,1102.0,937.0,1318.0,-3.0825116680441638,2.4564867315927765,169.13713416440416
1704.0,1718.0,770.0,1818.0,52.0,118.0,-4.324843864086981,-4.481588706292272,177.6409013914985
1435.0,531.0,404.0,1839.0,1105.0,1177.0,-6.722408947062405,-0.6179087039183825,179.3010044804406
1498.0,1535.0,26.0,1491.0,554.0,1473.0,-4.801058094638737,-7.0261251781960254,179.59300043335284
23.0,1506.0,1105.0,1454.0,281.0,1250.0,6.785239942759688,-1.164264483769501,174.75508644491725
1842.0,339.0,294.0,1731.0,804.0,961.0,-10.012514934839135,-0.09310746489836777,176.32371475068553
1164.0,1097.0,1495.0,1814.0,1090.0,1491.0,0.2912100213869791,2.5304964680353166,188.0718593995135
1268.0,198.0,318.0,1387.0,1381.0,614.0,-6.433690620406181,-0.06501180981980825,172.46517877109864
1611.0,1237.0,1769.0,1577.0,1582.0,1276.0,-0.8348159731651265,2.6352159537566013,192.72947366693825
1627.0,186.0,79.0,371.0,196.0,1586.0,-7.798799953644628,0.7232082108795537,166.52169505279392
6.0,128.0,573.0,803.0,596.0,573.0,1.6828807907583394,2.114559313557952,159.80021567950106
1814.0,1354.0,1982.0,278.0,1645.0,1210.0,0.3228350336185931,2.822000047246959,188.71621086493883
350.0,357.0,684.0,1763.0,1617.0,1239.0,0.7405706575656986,1.4666403699925445,177.03302648560813
1929.0,688.0,1929.0,1291.0,526.0,1.0,-4.457110670509012,5.4164840627946615,178.57590757648174
1817.0,1612.0,1284.0,491.0,820.0,549.0,-1.83154104071385,-1.8062907696380854,179.92161682575647
484.0,1190.0,1384.0,1526.0,952.0,335.0,3.747883730491602,0.4235119212875602,176.23165415617245
671.0,1284.0,853.0,3.0,704.0,537.0,2.748091402763385,-2.1311018305086713,166.8559776003096
267.0,1240.0,377.0,386.0,716.0,1619.0,3.928718010796328,-3.504083611363619,169.61515137275805
428.0,1326.0,21.0,830.0,1856.0,249.0,1.6581320373728896,-8.011526261986155,169.93532652190652
1955.0,12.0,472.0,1485.0,1319.0,1701.0,-10.769293139682539,2.8522703646915635,181.2775978439519
1024.0,1448.0,1107.0,749.0,1577.0,1152.0,2.1594889534406096,-2.1554395055455258,182.40076527731148
1873.0,877.0,466.0,472.0,1795.0,1685.0,-6.082171148014269,-2.2869593851114347,182.7843281127977
927.0,900.0,978.0,849.0,1882.0,896.0,0.6296803169161603,-0.4712985679509075,179.20237675369185
1843.0,1319.0,553.0,1264.0,1644.0,893.0,-5.528594177232363,-4.718526486038459,184.55881019998975
775.0,810.0,291.0,1657.0,1268.0,1169.0,-1.8460761927799587,-2.877713817826744,176.78254473067065
742.0,926.0,928.0,1028.0,1400.0,1037.0,1.3088266822996226,-0.3143538056821125,177.30249352842358
165.0,1533.0,1160.0,1534.0,1979.0,83.0,6.608464748092994,-3.635670947908639,178.98317182698645
797.0,1495.0,1032.0,1786.0,976.0,1952.0,2.653277612346699,-1.694029053291205,187.46113957804332
625.0,1953.0,1344.0,1039.0,803.0,1658.0,6.346492208197093,-2.4041794871328976,184.099078949166
478.0,1687.0,1479.0,1148.0,314.0,899.0,5.6881442449612045,-0.4954022712474908,176.83669055132503
297.0,22.0,751.0,72.0,1422.0,559.0,1.4445498182657939,2.7417512296151414,162.04732663368915
1479.0,1664.0,416.0,1028.0,1524.0,30.0,-2.765698467025027,-7.505234698037524,177.34434479990736
1776.0,1234.0,893.0,971.0,185.0,45.0,-4.653165066693822,-1.6876269858473827,172.2112277321732
1330.0,692.0,559.0,438.0,59.0,1875.0,-3.443611402649488,0.964996336352436,171.4516831528164
265.0,39.0,1598.0,1756.0,411.0,834.0,2.064699898917185,8.263514444249303,170.91883298105495
120.0,901.0,1253.0,454.0,1020.0,1166.0,6.151684008580818,1.8799314348109453,171.15923809604385
1128.0,289.0,107.0,1630.0,351.0,1852.0,-6.228698107755704,0.37495531711078733,173.43327934168718
358.0,312.0,1630.0,337.0,1710.0,1555.0,5.031160344959905,6.74497731068566,176.09350506675597
1895.0,1874.0,1230.0,1056.0,899.0,1851.0,-1.7681670669930545,-2.559554286494415,191.42408446569357
1703.0,431.0,843.0,1760.0,1324.0,1451.0,-7.133705192005394,2.372552787853935,184.53708806387962
642.0,1088.0,108.0,1617.0,1961.0,118.0,-0.8604887956183701,-6.788421719627314,174.28362904374532
16.0,326.0,193.0,1753.0,730.0,145.0,0.04459606597575494,-1.1833543124075252,162.2838307279659
344.0,1067.0,36.0,982.0,216.0,275.0,0.3555471217421837,-4.7486786128130705,160.94478908348532
1286.0,1613.0,1328.0,1600.0,1166.0,26.0,0.0355565846951067,-2.4468564994829984,182.18252567447567
98.0,1632.0,144.0,939.0,1463.0,616.0,4.718771997493961,-8.285231271998562,170.78945442284007
1092.0,779.0,1231.0,1747.0,1795.0,1643.0,-0.5987908838179251,2.427973961559653,188.7866752718509
1101.0,523.0,1630.0,325.0,307.0,1825.0,0.6234326392893287,6.794782638428096,175.1998432221599
1941.0,924.0,52.0,501.0,1993.0,915.0,-7.683939978031251,-5.465293789854157,178.1862735714484
1172.0,471.0,1846.0,1580.0,1476.0,1271.0,-0.29795448892905163,7.278852535847303,186.1236649094717
452.0,1778.0,696.0,391.0,1369.0,1086.0,5.413454393863628,-5.6844801745230225,175.47995838589267
232.0,1399.0,1863.0,391.0,1237.0,405.0,8.19119383943678,1.481717104150611,174.1587199376503
665.0,874.0,821.0,1645.0,4.0,212.0,-0.576741638064607,-0.06731837905531268,167.74592831689836
1933.0,1278.0,94.0,966.0,712.0,256.0,-7.356132038720388,-6.047272264125511,172.55863362862206
1028.0,609.0,595.0,168.0,1460.0,239.0,-1.643417204944193,-1.1562417674192254,167.11567668528411
961.0,837.0,338.0,317.0,1117.0,1222.0,-1.269450909626173,-2.3927998113630955,170.7010301291135
1761.0,30.0,226.0,376.0,992.0,1090.0,-8.573359720204646,1.050147362837776,168.7103941671641
171.0,1829.0,1572.0,211.0,1108.0,551.0,9.022358591490836,-1.7179040885432821,173.63493602139644
1046.0,822.0,596.0,1045.0,1697.0,101.0,-2.1082564272004074,-2.560297623807202,173.31234941168796
1428.0,115.0,25.0,804.0,1830.0,1790.0,-7.510569519844131,-0.5263511047501845,176.6589728890491
677.0,128.0,361.0,130.0,253.0,756.0,-1.8962760231467422,1.515007187212288,157.86692657368135
1272.0,1284.0,832.0,0.0,1918.0,1195.0,0.33876658054531883,-2.950841101496462,179.4706383763152
1821.0,1705.0,1313.0,1783.0,1876.0,1071.0,-2.3175540553352936,-2.8936939508841277,195.35933417831023
1716.0,35.0,191.0,526.0,262.0,1621.0,-8.632174208192184,1.9762733841571667,168.01960586948775
913.0,1425.0,1382.0,1598.0,1744.0,1309.0,3.056083181243075,-0.626800383079225,189.1999540911818
1561.0,1204.0,1763.0,1207.0,1865.0,900.0,-0.29694555175037485,2.123767313175861,189.8749988137438
1022.0,1788.0,1556.0,1934.0,1983.0,1109.0,3.821616395610726,-2.08613687356592,194.4175993915773
1639.0,1331.0,177.0,699.0,923.0,369.0,-4.947194532939791,-6.020398066859142,172.2072008909231
135.0,282.0,1833.0,794.0,48.0,264.0,4.180375150113105,7.239113853603858,162.92426942405137
1493.0,411.0,21.0,789.0,1535.0,1450.0,-7.052603923012692,-2.13341053571268,175.16136396479604
27.0,1227.0,1774.0,1659.0,184.0,667.0,7.112973811082229,3.1261501608681126,174.24788925825607
518.0,1302.0,1729.0,175.0,1765.0,1482.0,7.452440222166318,1.957817301597816,181.6597616598063
1475.0,96.0,1605.0,1511.0,1730.0,764.0,-4.119053552349367,7.186253881476519,182.74386550187364
1982.0,1245.0,974.0,597.0,943.0,797.0,-4.6472042043466475,-1.4565484059713185,179.64984307787586
1824.0,1612.0,1712.0,1254.0,1753.0,4.0,-1.3363196196031457,-1.0502994427480856,188.07725077516943
684.0,829.0,753.0,918.0,203.0,1777.0,0.6979826545181255,1.0200024719696068,172.62478806343563
310.0,635.0,442.0,1401.0,1930.0,175.0,1.0167018698865142,-2.569468299939612,171.1790901280104
86.0,1742.0,982.0,262.0,1714.0,663.0,8.253961393749815,-4.702837210253623,173.63196686749993
91.0,1857.0,260.0,626.0,159.0,1060.0,5.282167308355509,-6.769811937586271,166.51689819573414
993.0,323.0,777.0,1676.0,16.0,617.0,-3.8969624385415838,2.752439590506719,168.56702945552803
644.0,1102.0,1915.0,1372.0,428.0,1380.0,4.623186562259869,5.009018351367697,181.08312575696644
702.0,706.0,1962.0,1948.0,43.0,1394.0,2.504118335255658,7.687502584257429,180.49390263145844
628.0,1818.0,331.0,1344.0,370.0,477.0,1.547519777371516,-7.106747676536176,171.35912462993596
204.0,1496.0,664.0,620.0,1454.0,1107.0,5.854188282388864,-4.564606932204862,174.35235405022448
1197.0,523.0,617.0,1468.0,100.0,1645.0,-4.326212948821473,1.8592791630278207,174.50598544057846
474.0,1535.0,55.0,929.0,707.0,165.0,1.2465375154106413,-7.494279581165394,165.6372047673909
246.0,1907.0,1825.0,153.0,754.0,112.0,8.738504535650133,-0.9444970208357374,171.3591050504786
1042.0,1639.0,356.0,1885.0,1702.0,259.0,-1.2023652999368546,-8.071839237636237,181.16973510279905
92.0,1558.0,1352.0,712.0,1481.0,1509.0,9.067743174072717,-1.0560528887450495,180.20436407600755
1978.0,1629.0,599.0,1108.0,774.0,1381.0,-5.157233195892172,-4.748958202268369,184.33119546443683
167.0,745.0,583.0,48.0,1603.0,663.0,3.92119936015156,-1.6298362790273917,165.53579205704716
701.0,289.0,700.0,1060.0,920.0,1137.0,-1.2509464682223013,2.2942876039505222,170.8000586946383
1933.0,1720.0,1952.0,656.0,1823.0,1743.0,0.5558815626205166,1.1836962018246198,196.73120826147684
1883.0,1791.0,1701.0,15.0,659.0,1786.0,0.462401474196518,0.5604212648668156,186.4164379807953
908.0,25.0,1054.0,141.0,1822.0,1574.0,-0.6175739931801028,5.145712660306354,174.3413812771337
446.0,264.0,1208.0,829.0,993.0,1969.0,2.441356829796953,5.85860317606103,175.26642324696593
1927.0,780.0,450.0,649.0,1189.0,1166.0,-7.128807443091465,-1.692312881059415,177.54612883159035
1717.0,493.0,656.0,1740.0,1120.0,739.0,-7.7304701382997365,0.511333078219175,179.08082297224502
1818.0,155.0,1900.0,606.0,1849.0,1625.0,-3.714494919793379,9.129933185967959,186.57914342093926
184.0,1655.0,1513.0,448.0,389.0,1224.0,8.136892048374689,0.06409766180242438,173.58853267482297
1568.0,6.0,1031.0,1033.0,82.0,483.0,-6.4430063910294715,5.1528353374492015,167.31608065962638
1374.0,894.0,1702.0,1384.0,1890.0,1862.0,0.011871563828134979,4.544502692956492,192.94517993257932
162.0,523.0,439.0,8.0,1865.0,1114.0,3.39080605173445,-1.0946593453168383,167.10703958103764
594.0,1554.0,60.0,407.0,1029.0,997.0,1.833125648421087,-7.362519175677209,169.66090250376635
444.0,1314.0,1986.0,851.0,1264.0,1161.0,7.526271703705104,3.359523040879761,181.91893855307637
725.0,1736.0,506.0,393.0,712.0,1682.0,3.1194476044870503,-5.295964170891945,175.49598103166062
708.0,221.0,654.0,1117.0,777.0,1242.0,-1.7083630417554962,2.630319626277982,170.32638705422312
1078.0,1950.0,49.0,626.0,1998.0,1949.0,0.8912747675539139,-10.456169678106077,184.9495734556594
864.0,1311.0,266.0,1986.0,1104.0,300.0,-1.7725123954578461,-6.121559820679735,175.86528414311456
1910.0,1367.0,1367.0,1402.0,899.0,137.0,-3.9967222114431946,-0.6803815971190149,182.4713014379866
164.0,1421.0,1236.0,283.0,1541.0,357.0,7.193336137529454,-1.9518974609541564,171.5039373680778
936.0,121.0,1813.0,781.0,998.0,1758.0,0.8021709835505025,9.478816182040877,178.62550729821683
1261.0,343.0,1369.0,1333.0,864.0,1815.0,-2.4915691880771202,6.331030210080373,181.84369503416036
1095.0,7.0,942.0,552.0,1907.0,1566.0,-2.611946069035583,4.6970791691715625,177.17572840076824
1764.0,728.0,1702.0,1260.0,1029.0,334.0,-3.746058077243406,4.217181986411339,181.0348149032626
846.0,853.0,1553.0,1438.0,1820.0,1365.0,2.433662390254149,3.454523408268203,186.59762954825078
1310.0,936.0,1271.0,568.0,60.0,754.0,-1.2720069394838975,2.1741287604995327,171.26569640927056
1074.0,831.0,1102.0,1503.0,1524.0,1199.0,-0.818059465494261,1.1760318316237148,183.35792020703587
1405.0,413.0,1315.0,1994.0,1888.0,77.0,-4.367112331957851,3.195801152088067,182.40726322228122
925.0,904.0,1551.0,1234.0,248.0,223.0,0.6200083755230003,3.033759213008876,172.1937681175503
1460.0,99.0,1333.0,1754.0,794.0,495.0,-5.500851622687145,5.9915752933197854,176.28798161121742
1191.0,1800.0,384.0,699.0,1503.0,1017.0,-0.006435800036955708,-7.688358028995405,179.75304430050141
570.0,560.0,1374.0,610.0,148.0,1187.0,2.2522122825977817,4.8222627750740825,168.81009532157807
187.0,430.0,1642.0,1785.0,0.0,1746.0,4.159777684241429,7.854764613882818,175.4354301052481
1463.0,1846.0,1672.0,1137.0,1348.0,1317.0,2.012337915129545,-0.949349949111074,191.35321864106035
324.0,1311.0,238.0,675.0,1415.0,559.0,2.907784407255659,-6.098774457398784,169.1056816088847
255.0,1939.0,813.0,588.0,1993.0,1342.0,7.974296748037238,-6.550025795009455,181.23932300276158
466.0,1129.0,1637.0,835.0,950.0,1472.0,5.828245823689003,3.07671784103363,179.29529706949165
818.0,988.0,6.0,1197.0,1536.0,158.0,-2.227374080968322,-6.175268789102509,170.03419096404082
1281.0,952.0,799.0,1509.0,1650.0,1823.0,-2.3951207601594215,-0.7046442827045174,187.3745069106302
1503.0,1527.0,333.0,1966.0,1749.0,427.0,-4.455281506209214,-7.587514904381913,184.34295458999753
211.0,799.0,1602.0,1725.0,457.0,1785.0,5.46204939261795,5.460725270117231,179.65315459819126
1346.0,552.0,984.0,1608.0,1538.0,1084.0,-3.91691937610512,1.9306527142744334,182.64622338447
680.0,1154.0,493.0,627.0,1112.0,87.0,0.7594447926836981,-4.058664868776885,167.34278361166844
1508.0,927.0,1468.0,1202.0,926.0,1842.0,-1.7261649995443995,3.706797710604188,186.57748453284927
1606.0,714.0,159.0,368.0,169.0,529.0,-6.151489197117401,-2.197983810132784,164.06637719468745
1870.0,1338.0,808.0,1237.0,1058.0,1394.0,-4.851465989659997,-2.4867843306319353,185.65832924392757
1939.0,353.0,1295.0,1070.0,540.0,214.0,-6.81883397928042,4.17420489227275,173.5884042465848
977.0,515.0,1883.0,1210.0,499.0,1472.0,1.0785095335217092,7.861349249937691,179.52936634507213
700.0,980.0,1257.0,1130.0,782.0,1223.0,2.3395696959014343,1.8110960460931356,177.3227584628194
526.0,1753.0,1644.0,784.0,767.0,1811.0,7.5091285994881325,0.3698014091382396,183.32360586457216
9.0,1826.0,185.0,879.0,88.0,670.0,4.8761257542444785,-7.169846141268538,164.46056433502167
1938.0,286.0,98.0,1390.0,330.0,1182.0,-10.77475193054151,-0.18262633544536389,172.35941209701264
1166.0,270.0,661.0,59.0,1732.0,964.0,-2.7238675066682823,1.2734464815194275,170.96730036303921
1020.0,1320.0,140.0,420.0,61.0,1110.0,-1.3993136822211445,-4.595356640452631,166.88251851325506
1985.0,772.0,524.0,1420.0,1204.0,1109.0,-8.392908207052674,-1.389497855007972,181.87554556291525
936.0,1833.0,733.0,643.0,1428.0,206.0,2.1301564676408646,-6.446656301842925,175.5799846448601
1852.0,980.0,1615.0,971.0,502.0,1271.0,-3.290231530752118,3.8641683270476204,183.0064791774292
931.0,1976.0,515.0,1870.0,1715.0,1641.0,1.859732068246493,-8.346215775221681,190.34120799451196
1763.0,324.0,1858.0,1562.0,453.0,973.0,-4.79485271202447,8.212138238742089,181.32668319172677
668.0,1811.0,840.0,129.0,1723.0,621.0,4.807643584983568,-5.757938421424456,175.5737697091843
733.0,1367.0,1110.0,118.0,1371.0,1622.0,4.397290897841774,-1.0873510748554558,178.50254868730565
190.0,1191.0,1554.0,1915.0,451.0,442.0,5.3374679361947415,1.8127658384923095,175.4505057999773
345.0,1792.0,1531.0,854.0,1437.0,1714.0,8.849854811001027,-1.1439584184495566,185.23648141402035
380.0,279.0,270.0,908.0,1062.0,1533.0,-0.23318920294368278,0.3743017461174027,168.88941644829035
1886.0,1448.0,1158.0,677.0,912.0,1900.0,-2.755088322984052,-0.6285053645796991,187.16210342935744
849.0,269.0,1427.0,1354.0,372.0,1130.0,-0.6279949277983304,6.499595019408618,173.66177638302693
1594.0,565.0,457.0,1346.0,1096.0,415.0,-6.895300409825123,-1.151508260281227,174.00369360229996
327.0,794.0,1530.0,1236.0,266.0,132.0,3.4622430114571756,3.339558358802237,167.98214266927823
162.0,589.0,1671.0,343.0,1346.0,367.0,5.9019619987479635,4.325962848797388,168.81851226370313
987.0,1797.0,489.0,1625.0,145.0,611.0,-0.4020311380806162,-5.992160938546784,174.9748748622758
1062.0,1617.0,901.0,1029.0,1837.0,770.0,1.476302414207304,-4.708719197051604,183.13642997945757
230.0,705.0,1214.0,1919.0,1855.0,1768.0,4.744088354083566,2.855925779238931,185.5964458417191
509.0,1332.0,763.0,588.0,3.0,218.0,2.292664713745396,-2.3569489469964444,163.5637546887944
951.0,1289.0,85.0,1174.0,567.0,30.0,-2.3454022308690314,-6.176410639262444,166.89525144361727
103.0,620.0,263.0,746.0,1385.0,340.0,2.047800683943761,-2.694315895203755,163.7787114225373
1592.0,357.0,180.0,55.0,647.0,1211.0,-6.389759977059613,-0.34067111239229864,166.63267844664293
196.0,57.0,261.0,1075.0,1606.0,852.0,-0.0641945280962794,0.3915355101837473,166.8970077157402
1136.0,13.0,1633.0,1993.0,274.0,1065.0,-3.220625661795996,9.035651806029515,177.06200378155094
984.0,1201.0,349.0,948.0,1807.0,874.0,-0.8601294667736266,-5.300040339244626,177.67656587466072
562.0,1691.0,1997.0,779.0,39.0,225.0,6.0454049683301445,1.554054682689975,173.1101949130759
117.0,43.0,613.0,1612.0,1826.0,94.0,0.6014389509334321,1.43318230445971,168.16126279440473
828.0,389.0,296.0,130.0,733.0,1216.0,-1.8349304654647354,-0.0174016414701354,164.5176559204046
1792.0,884.0,1141.0,1440.0,285.0,1262.0,-5.24701786180829,2.174384409798289,180.95666851751227
826.0,1067.0,311.0,928.0,1421.0,1722.0,-0.1846278945059222,-3.788136475477255,178.33771939807048
1834.0,193.0,86.0,1234.0,586.0,887.0,-10.23938442371725,-0.2626428414825667,170.34134790051763
1020.0,1599.0,523.0,1439.0,1077.0,1846.0,0.28090980366611956,-5.168883597701307,184.62956241318707
940.0,1182.0,1934.0,1629.0,101.0,648.0,2.20602115191662,4.174154605648395,179.07678332377935
1575.0,215.0,578.0,1439.0,1096.0,375.0,-7.5815349629134925,1.1846223646592167,172.9397549305258
1601.0,1587.0,1739.0,307.0,734.0,1180.0,1.019360191774072,1.1384136835693366,182.9040743961505
602.0,608.0,1449.0,1469.0,1187.0,971.0,2.1797800079510106,4.217105409948334,178.35976270438337
967.0,274.0,232.0,1103.0,1176.0,1995.0,-3.9716544594866514,0.5042322375180945,175.59579595243093
307.0,1661.0,1458.0,734.0,945.0,1314.0,7.728199356774669,-0.6973494485624987,178.8455464658782
1870.0,887.0,973.0,1614.0,1797.0,1215.0,-6.094775026599775,-0.0465083006997285,188.98845387030985
1814.0,1919.0,10.0,368.0,406.0,136.0,-4.49595622345494,-8.796290021615183,169.46764340941496
290.0,967.0,453.0,1479.0,1664.0,839.0,2.355678442184926,-3.4830822166039277,175.30690590579138
1518.0,1115.0,327.0,1503.0,759.0,773.0,-5.4324457455919335,-3.9875573352859126,176.72498019471
1826.0,534.0,931.0,96.0,502.0,296.0,-5.365475814794557,1.6010972735449147,167.43611129136957
847.0,260.0,377.0,1833.0,303.0,1635.0,-4.112420528528945,1.8053762752171894,172.99648702269045
640.0,1282.0,92.0,1174.0,1825.0,1274.0,0.6815294858368868,-6.934388784536451,178.2374022645543
773.0,874.0,1177.0,1823.0,1458.0,61.0,0.4134351426570858,0.32206557812540393,177.78936757814108
551.0,1031.0,1886.0,1781.0,1130.0,635.0,4.5403250587907005,4.018565346589936,182.0280976685691
887.0,565.0,59.0,795.0,1819.0,1687.0,-2.616067049118731,-2.8647721546084863,175.9313845022511
855.0,342.0,1898.0,1826.0,116.0,1422.0,0.48932476653685664,9.181518831954062,178.87890982185263
1195.0,1335.0,250.0,328.0,1691.0,1448.0,-1.1354201966645243,-5.853629945742409,178.055145995991
1617.0,1022.0,1957.0,501.0,1923.0,624.0,0.046616295678849506,3.5977031851979944,185.3791621874072
1287.0,768.0,803.0,1829.0,1979.0,254.0,-3.8368125387918193,-1.348315165921489,181.60099377281355
1650.0,1738.0,1237.0,1487.0,681.0,1270.0,-1.5031053956455085,-2.0768589315990598,187.61200156713892
847.0,270.0,662.0,911.0,1091.0,341.0,-2.3563847943880467,1.2496163671014744,167.24699306760763
1051.0,260.0,1244.0,1366.0,844.0,108.0,-2.604530971949064,4.150564223420488,171.01726127285895
614.0,1857.0,698.0,74.0,1606.0,888.0,4.994197821269379,-6.367824116887554,175.24801282014218
1829.0,1677.0,1570.0,909.0,1700.0,115.0,-1.1881843918416555,-1.948577338973256,186.22423828668667
168.0,1046.0,416.0,1869.0,696.0,144.0,1.7550426004988786,-3.637476326936075,168.27258473266218
1536.0,1697.0,429.0,380.0,1291.0,1720.0,-1.665510620399798,-6.176846618880663,182.19620699878024
1555.0,337.0,1811.0,1073.0,1457.0,908.0,-2.7655689734422193,7.148592788378772,182.59112225484157
413.0,1882.0,1414.0,1411.0,877.0,1811.0,7.5777744331216725,-1.6747368904503461,186.0289394139345
1685.0,1648.0,1838.0,1451.0,1780.0,1324.0,0.47284280810970925,0.6375042107584887,196.24361928188176
1385.0,1785.0,1620.0,439.0,1959.0,509.0,2.6689854543552025,-2.1253127325308023,185.6504221931142
1355.0,1707.0,186.0,0.0,1558.0,1745.0,-0.7277974984085347,-7.655397706356717,179.47374352475282
269.0,595.0,790.0,1824.0,930.0,286.0,1.235623054134937,0.417709191516033,170.1974597194672
1473.0,1708.0,1719.0,610.0,538.0,753.0,1.3642034214910088,0.24497278615495174,181.12700622561232
1895.0,624.0,429.0,1172.0,975.0,95.0,-8.323817491538255,-1.7321713983294824,172.398547680621
1330.0,40.0,1505.0,942.0,935.0,1864.0,-2.9133339568046157,8.53421203829534,179.75424749032447
412.0,813.0,377.0,784.0,258.0,1295.0,1.0271983523638144,-1.2087781437836644,166.3173290160292
303.0,1499.0,927.0,621.0,1516.0,1603.0,6.502138011252928,-2.9347172566109214,179.14615083296638
240.0,1052.0,1294.0,295.0,760.0,134.0,5.090027053549684,0.5482276700441928,165.34563739763814
1674.0,1934.0,434.0,1309.0,323.0,1599.0,-3.2592458422688906,-6.550515945972159,183.26816106644063
1863.0,104.0,265.0,1422.0,532.0,27.0,-10.420906913770658,0.3171583547913009,167.13149611887653
94.0,1550.0,416.0,404.0,1416.0,1197.0,6.1288734220775165,-5.937593230148017,171.83152282789217
1560.0,801.0,1441.0,1712.0,82.0,1114.0,-3.7034807335192648,4.147958955778457,180.45475768877762
1559.0,923.0,550.0,1359.0,590.0,462.0,-5.521950522858415,-1.945463212675457,173.92050717375133
1994.0,572.0,1332.0,358.0,1739.0,730.0,-5.13819554185929,2.9156175929236503,180.52386884184995
473.0,1822.0,884.0,1532.0,1669.0,225.0,4.658374785120011,-6.143930202699341,179.77478881268465
120.0,1493.0,312.0,409.0,830.0,1894.0,5.588050270124651,-5.071844730000161,171.79410805703498
1741.0,1620.0,1836.0,394.0,879.0,129.0,0.04385504851162526,0.33260162507609087,180.08320602463155
556.0,1621.0,554.0,1254.0,849.0,1466.0,3.107007138795382,-5.023165129040089,178.36677863530673
455.0,506.0,979.0,245.0,707.0,1189.0,2.3328460535838307,2.720898844886013,166.9982886497956
1577.0,1590.0,217.0,702.0,1495.0,838.0,-3.4632350322298087,-7.548202979812362,178.79350395384876
72.0,1952.0,535.0,1374.0,243.0,1668.0,6.513709049550677,-6.003494018773774,175.74902642194343
1326.0,220.0,154.0,1100.0,1470.0,653.0,-6.782893926102059,-1.0688371920274786,171.18074461477664
88.0,1433.0,254.0,651.0,1537.0,1501.0,5.474008606926423,-6.219684013557172,173.86738559978923
190.0,841.0,613.0,1232.0,1375.0,1427.0,3.49666960353565,-1.1749777034483202,175.26870572341542
234.0,313.0,1211.0,597.0,1731.0,1827.0,4.498711277434651,4.917479754948923,176.29684363282087
123.0,113.0,504.0,1999.0,1886.0,377.0,0.2684735230976787,0.7747335350388344,171.77633524212087
492.0,412.0,75.0,987.0,1423.0,1190.0,-1.173928849406042,-1.9748166299496828,169.62794842819727
1208.0,1968.0,436.0,1433.0,439.0,1422.0,-0.5539665160346726,-7.004331024692226,181.40360270327278
924.0,1763.0,1711.0,1556.0,220.0,1959.0,4.468107169033686,1.2750484470493897,187.84835314013264
1513.0,1504.0,1379.0,940.0,28.0,722.0,-0.9729835758867185,0.029982095118218255,177.42176180717163
1152.0,84.0,31.0,1159.0,53.0,66.0,-6.941350347637418,-0.2319467467508111,158.8429549687663
356.0,918.0,1829.0,862.0,1739.0,188.0,5.9876474679654,3.178290225639162,176.15423328797877
853.0,766.0,158.0,1391.0,912.0,1771.0,-2.4746781006964547,-2.4958095240559537,176.15510060529618
1724.0,1014.0,228.0,1423.0,960.0,1209.0,-7.002694774728349,-3.88302274998576,179.55627654934756
1729.0,1707.0,1189.0,426.0,1439.0,1952.0,-0.4116393842800101,-2.2868895316624234,189.5432112750292
799.0,1255.0,606.0,482.0,1230.0,1910.0,1.9173480475076032,-2.79646166934804,178.35960472884435
1173.0,1670.0,382.0,64.0,1048.0,433.0,-0.0946534757631996,-6.565014667386175,170.38361445472538
1762.0,893.0,13.0,946.0,365.0,125.0,-7.722615076962537,-4.289370654813624,166.74809875833824
1059.0,1075.0,579.0,1807.0,1421.0,252.0,-2.3929796316090735,-3.622885492452909,177.850988815458
353.0,957.0,1755.0,668.0,1735.0,376.0,6.195782023403771,2.7811823420152564,175.9123083564319
1694.0,626.0,550.0,1416.0,1759.0,14.0,-7.074638265763718,-1.9428512160644507,176.96216744148097
166.0,1271.0,1337.0,350.0,1105.0,10.0,6.323135900734152,-0.6713687108472239,167.64903644123225
1042.0,183.0,445.0,1675.0,1905.0,353.0,-5.037581831691269,0.011411267858421281,174.7687529450333
1537.0,1271.0,38.0,1933.0,1776.0,1676.0,-6.029764081817807,-7.126597175516144,188.12435603470274
1978.0,1734.0,1261.0,1525.0,724.0,738.0,-3.632676350974464,-2.385729565458891,187.01239476676076
193.0,388.0,1189.0,14.0,1665.0,1588.0,5.1907980269281255,4.046360964292551,171.73576626064983
1977.0,1779.0,83.0,1986.0,811.0,266.0,-7.59577928425948,-9.060104603850828,180.8761576936248
1727.0,1715.0,205.0,1705.0,1545.0,834.0,-5.267652225592478,-8.709485370174349,185.41807681128523
248.0,852.0,1457.0,853.0,243.0,1378.0,5.1099213538310435,3.9927006123727553,171.74416243691388
593.0,1300.0,1661.0,1497.0,703.0,372.0,4.090033638543315,1.4937332268354673,177.52471488830747
30.0,237.0,226.0,1891.0,1684.0,210.0,0.2597367573132322,-1.3711559307609142,168.02796877712706
1714.0,1420.0,1419.0,1098.0,1669.0,1094.0,-1.5139240964012295,-0.5195645052403813,189.45107522456962
251.0,640.0,878.0,909.0,1143.0,420.0,2.762255250739646,0.5276424857017139,167.85916721758738
1669.0,581.0,1722.0,438.0,1554.0,245.0,-2.4304458767246007,4.3806702928852905,177.90601830937572
520.0,1110.0,1812.0,1781.0,1209.0,77.0,4.35746314993564,2.562975093960481,179.43991188428186
1471.0,1790.0,1549.0,1974.0,33.0,1067.0,-0.2957735087105179,-0.3076346758029692,186.66035014366526
1754.0,1017.0,320.0,531.0,1164.0,1224.0,-5.639239531771074,-3.4628494264511436,176.81211174416623
948.0,643.0,1132.0,10.0,1242.0,1943.0,1.2685483478202582,3.1305791646941223,176.44383380012377
263.0,824.0,940.0,782.0,1137.0,1945.0,4.576299675304953,1.3373175550332923,176.2964421055072
552.0,1360.0,255.0,431.0,1489.0,61.0,1.76672270907713,-6.563833141737798,167.135871427363
139.0,1058.0,597.0,1259.0,1915.0,329.0,3.9976968172185114,-3.8142633536444177,173.1642928864379
754.0,301.0,1716.0,151.0,195.0,1096.0,1.8730792044675144,7.36742381799429,167.41832324157969
1864.0,1304.0,856.0,1060.0,976.0,1289.0,-4.59757903891924,-2.032219516728727,183.83902334261654
15.0,1245.0,242.0,1905.0,1867.0,1217.0,4.34099172249097,-6.20403835954883,179.25615942341057
40.0,326.0,992.0,269.0,355.0,118.0,3.154390572093682,2.758420761614689,156.745361830075
1226.0,1820.0,1894.0,313.0,1759.0,462.0,4.424128699275357,-0.7907088334115251,184.45964958489336
1318.0,1206.0,1044.0,437.0,130.0,1002.0,-0.9119563514894328,0.01978610750070442,172.52160544668152
535.0,836.0,68.0,1533.0,1600.0,66.0,-1.2113236373639449,-5.3014855205505995,169.75313690331166
187.0,368.0,1297.0,1273.0,1078.0,194.0,3.031092996530288,3.8071598964591726,168.56658759654044
1803.0,778.0,1172.0,885.0,1630.0,942.0,-4.5551700251681115,1.4326534858622348,183.12289209018846
825.0,1855.0,1304.0,103.0,31.0,362.0,3.923361427681968,-2.124057262337522,169.025206532698
358.0,1595.0,1986.0,1940.0,652.0,331.0,6.849687840360922,1.6854236935773197,181.13880831834052
1188.0,1707.0,1016.0,642.0,1793.0,1732.0,2.235113666922232,-3.779331031987949,187.6093916383629
1003.0,1483.0,1175.0,1014.0,901.0,1591.0,2.202775467023571,-0.9893176320418147,182.98939831962002
1235.0,148.0,1219.0,1157.0,765.0,1267.0,-3.4050717549912664,5.930772230390189,175.6745698184733
846.0,1629.0,852.0,725.0,1019.0,1906.0,3.1518379493501847,-3.286824657955361,181.91445788045996
1771.0,1294.0,1288.0,740.0,965.0,637.0,-2.6521336806375984,-0.32287155724077904,180.55032296002787
746.0,161.0,1497.0,1809.0,505.0,1567.0,-0.28863788858057676,8.029494340708254,178.11498762313502
1067.0,1062.0,1198.0,436.0,1272.0,1628.0,1.4216475676959612,1.0208886008765221,180.3808184904648
747.0,354.0,1134.0,1580.0,271.0,376.0,-1.311438107242716,3.8865725284844217,168.92212752716154
474.0,366.0,543.0,1139.0,1297.0,1330.0,0.06124085922361623,0.9654844754337135,172.59769257714174
172.0,1157.0,571.0,1294.0,97.0,1498.0,3.518289506581135,-1.7054790657981438,170.61929464141375
1546.0,1488.0,1773.0,239.0,295.0,366.0,0.5344051404240698,1.348321244563879,175.47357991641644
610.0,921.0,1250.0,476.0,610.0,319.0,2.5377031233224936,1.2673429178403433,167.580458937757
296.0,328.0,1991.0,1952.0,1887.0,1493.0,5.399371052192013,9.10433961455693,186.53730228114844
1571.0,492.0,1763.0,594.0,882.0,1396.0,-2.0134207418123973,6.853085660881836,180.32698762411263
74.0,1329.0,1383.0,1561.0,994.0,357.0,6.55153936786282,-0.2966074241962189,175.18750706389156
1189.0,678.0,586.0,229.0,862.0,1365.0,-2.2579142126641423,-0.004154537383803392,171.31104812231058
1576.0,1172.0,1779.0,1896.0,1343.0,720.0,-1.5109267891326685,2.682969611057602,189.77051345026518
369.0,1471.0,1111.0,772.0,737.0,1949.0,6.116396591663575,-0.7874719194946698,178.8835888464752
1519.0,19.0,1595.0,1357.0,1083.0,1554.0,-4.417473354279613,8.813125220507747,182.33922143389037
508.0,1754.0,998.0,1327.0,1780.0,1283.0,5.667758942960557,-4.560328871744649,185.2635276142617
1316.0,1373.0,1281.0,1279.0,184.0,1261.0,-0.5102539350860159,0.5014275137223945,180.55264654440916
26.0,1053.0,1831.0,684.0,1974.0,556.0,8.956486271753349,2.712363439908522,177.1431564688235
977.0,43.0,1902.0,1594.0,1019.0,435.0,-0.9205839674874636,8.902877647649508,176.40404197314712
813.0,1847.0,1096.0,1417.0,789.0,410.0,2.933468680127897,-4.069144892288735,178.76882470599892
1948.0,1010.0,765.0,1717.0,628.0,791.0,-7.285210282619241,-1.1040792764637883,181.1317646880678
285.0,64.0,1684.0,1342.0,1277.0,1935.0,3.996476924179825,9.458449020890068,179.51695768784668
1390.0,296.0,1538.0,1115.0,1767.0,665.0,-2.7453816613404767,5.495430072356105,180.76950210409495
346.0,729.0,514.0,1073.0,1133.0,1777.0,2.0948588341763505,-0.5734221325849107,174.7535064467017
737.0,285.0,1610.0,340.0,1223.0,1584.0,2.3368388402770712,7.0838803615468535,175.53989119075212
1481.0,1677.0,1695.0,1654.0,220.0,1766.0,0.5625571099041979,1.4723449288725006,189.81029554189453
163.0,986.0,1452.0,1346.0,355.0,115.0,4.644993513020034,1.9986022533441221,168.64723056772885
142.0,543.0,878.0,347.0,103.0,544.0,2.949609984085779,1.9121833085197684,159.13571756759387
1429.0,1711.0,1777.0,1754.0,883.0,1345.0,1.2837030172325834,0.7658126951721598,191.9522945210125
1777.0,849.0,1677.0,86.0,601.0,256.0,-2.3258458966684796,3.4296638580285292,172.99909601359496
1241.0,306.0,541.0,1825.0,566.0,1615.0,-5.799389947596743,2.1916676683305516,177.26094155612807
371.0,1438.0,345.0,269.0,1842.0,1886.0,4.845562641110586,-5.789480613809292,177.4331695215799
1770.0,1810.0,1679.0,1129.0,1249.0,749.0,-0.2848558904115873,-1.1171769806296785,189.31553247826108
1520.0,1503.0,1651.0,1395.0,1873.0,382.0,0.07028506219482947,-0.5524039643074593,188.96067734752125
532.0,1290.0,1947.0,241.0,1822.0,390.0,7.053724054477166,1.9516690823131717,177.8020642209881
258.0,392.0,1792.0,1609.0,572.0,501.0,3.6849029885236244,6.9012760477615975,172.12115612443208
290.0,882.0,1439.0,564.0,789.0,252.0,4.671664695464514,2.1332759527524296,167.62930700230788
1443.0,1756.0,1215.0,1990.0,504.0,414.0,-1.3274319201544802,-2.811691986607182,183.71958520753685
407.0,802.0,986.0,1782.0,1689.0,1381.0,2.88332721182806,0.7513715001692309,182.36415806006252
450.0,1166.0,647.0,778.0,593.0,129.0,2.029865381461026,-2.837565659678567,165.36505100868666
1523.0,544.0,1403.0,830.0,347.0,338.0,-3.464981200232982,4.001177937413818,171.5919595724232
1599.0,49.0,1762.0,803.0,717.0,94.0,-4.158664966659733,7.4610267596503395,171.53662190822064
382.0,124.0,563.0,573.0,1450.0,1458.0,0.6775341439187172,2.2934927068303086,169.4592851770091
1187.0,1513.0,99.0,604.0,1709.0,1979.0,-1.1045523853271901,-7.41543972372871,182.32243177693513
1062.0,1445.0,283.0,964.0,1989.0,1105.0,-0.6225696561628593,-7.010516781394067,181.11395511038933
774.0,796.0,874.0,1620.0,1146.0,1960.0,0.32162846454533256,1.160529342928318,183.02492971248518
1203.0,144.0,728.0,427.0,53.0,1229.0,-3.9581997708442236,3.8058519183507675,165.35514428403206
1819.0,853.0,1799.0,329.0,1634.0,843.0,-1.9200245506485296,4.0425491541893805,183.45961700423808
1551.0,1056.0,1646.0,1343.0,1246.0,90.0,-1.8476966101804844,1.9115494180857246,181.74062806201715
1250.0,1480.0,1672.0,761.0,1691.0,1902.0,3.117026928867644,1.2336301304927115,191.15609117737435
1842.0,294.0,1183.0,514.0,57.0,1607.0,-5.833053265789574,5.680336232651387,173.99252182375443
324.0,783.0,1958.0,368.0,470.0,1227.0,6.298312223188045,6.318660868951516,172.05300541756242
254.0,1904.0,856.0,1899.0,1092.0,669.0,5.7626706758560555,-5.86911957410061,180.1126997842672
663.0,9.0,1895.0,678.0,179.0,1602.0,1.853631150866628,10.508390012278856,171.3182297869086
1327.0,1748.0,317.0,1321.0,258.0,1244.0,-2.294233577477723,-6.299918480139869,177.84826865263153
1105.0,1337.0,1028.0,630.0,1155.0,1162.0,0.9990178756107148,-1.5585461971854826,179.12947182225952
1803.0,538.0,216.0,435.0,873.0,1998.0,-7.442287755524437,-0.6536567539244912,175.95697135248804
1450.0,1290.0,350.0,116.0,1971.0,1992.0,-1.9845126696910718,-5.020689987468759,182.80670477378376
1771.0,903.0,262.0,271.0,1905.0,1766.0,-5.69296385311238,-3.534596065558806,181.2508264360607
1515.0,1928.0,131.0,1601.0,1640.0,926.0,-3.336800027081629,-10.281964807139186,185.4111225618235
747.0,130.0,481.0,1610.0,1858.0,670.0,-3.10206899587614,0.8293338185275051,174.31485763402642
123.0,1381.0,86.0,956.0,1719.0,1980.0,4.806802259614176,-6.903568634353049,177.9061072073482
1683.0,1873.0,418.0,741.0,1908.0,1557.0,-2.3214947360536886,-8.152896018616417,187.88479174254087
1920.0,364.0,1510.0,1985.0,1103.0,1788.0,-6.87383707169441,6.990115269042251,190.32461593903213
68.0,357.0,781.0,111.0,1645.0,334.0,3.695883217880878,0.8772195601769042,162.8982132837188
20.0,1373.0,6.0,1377.0,705.0,42.0,2.6940509742356573,-7.184760063782353,163.84730516236164
470.0,284.0,133.0,1886.0,1831.0,298.0,-2.460471556954579,-2.1735509430972635,171.2106499725341
820.0,934.0,1787.0,1201.0,815.0,744.0,2.6898027411364205,4.207810246691704,178.41948953560407
1304.0,1225.0,1771.0,1778.0,703.0,294.0,-0.19451715835204408,2.3731949668914605,182.4791546925762
927.0,786.0,1875.0,1676.0,1674.0,874.0,2.1028709699685777,5.169746799659239,186.19367328041747
1280.0,1436.0,1527.0,950.0,689.0,538.0,0.7821343556592902,0.3067650136587523,179.1628369001364
648.0,873.0,185.0,600.0,719.0,1917.0,0.03344959816631221,-2.4675225831690897,171.46141128322336
83.0,317.0,521.0,91.0,524.0,286.0,2.0731184498826085,0.7065585046004018,155.3821093357431
330.0,666.0,995.0,862.0,1791.0,470.0,3.2290967929920225,0.5015516890915004,172.33168629294227
1978.0,1748.0,1996.0,457.0,1041.0,525.0,-0.25249091522986244,0.7322507997462426,186.00473801837043
1887.0,1052.0,5.0,1951.0,1058.0,1976.0,-9.21863943089824,-5.0338204728667355,186.426819136802
608.0,39.0,1719.0,1035.0,1280.0,1993.0,2.3133171471303013,9.724356740626797,179.97794461706496
1300.0,596.0,1690.0,8.0,883.0,1709.0,0.42689972665758236,6.159712965902404,177.70324731391875
173.0,1143.0,528.0,279.0,1234.0,559.0,4.322529185698211,-3.5659793003764038,166.0428554187464
1764.0,1597.0,934.0,818.0,1214.0,442.0,-2.82719848240695,-3.9585619207332776,180.83543707187465
1189.0,898.0,678.0,1580.0,1506.0,516.0,-3.012484780639246,-2.0367135451726446,178.80226487438716
103.0,1594.0,1742.0,1074.0,69.0,659.0,7.823412090609815,1.2279768693940674,172.71117665146005
1295.0,572.0,227.0,241.0,611.0,1207.0,-4.29187708950166,-1.1293063408331072,167.33147722562467
1217.0,1024.0,1075.0,1903.0,1572.0,985.0,-1.7035308816231909,-0.24543500356011705,186.14475417469424
828.0,1651.0,194.0,394.0,348.0,354.0,0.45190497235684485,-6.621921561928877,165.2185755707253
1636.0,1567.0,910.0,1945.0,1994.0,333.0,-3.2880609754123507,-5.035381668126332,189.07712213203357
984.0,1926.0,977.0,1303.0,1631.0,623.0,2.635901007701333,-5.853863453690918,184.23247508099587
1544.0,619.0,388.0,33.0,795.0,159.0,-4.976220941709492,-1.6135104869067924,164.1079875280673
1306.0,1762.0,896.0,1113.0,1524.0,1523.0,0.5671839764550292,-4.6681260768607125,187.8616503516615
653.0,541.0,1310.0,250.0,469.0,517.0,1.696997958954452,3.5767061440533188,165.2320746544684
297.0,571.0,209.0,863.0,1477.0,1227.0,1.0669004758792087,-2.11764854073554,169.95827973721464
1455.0,1333.0,1079.0,1584.0,236.0,1937.0,-2.0302936780845533,0.17400174506602828,185.30730872590007
1702.0,361.0,162.0,760.0,1228.0,1260.0,-8.031890180851079,-0.9921072813343731,173.9356150002219
951.0,10.0,1211.0,114.0,11.0,1205.0,-1.3034205240549501,6.602892207291374,163.80237060925083
260.0,1995.0,1839.0,607.0,795.0,1503.0,10.173188446851542,-0.15103698052544595,181.60356783868116
849.0,1867.0,810.0,1677.0,107.0,452.0,1.3095497633189668,-4.831731766487501,175.58278065598165
1456.0,794.0,1600.0,1864.0,1779.0,923.0,-2.174192063006783,3.668158078806297,189.37437589077726
1975.0,1766.0,437.0,1191.0,1063.0,493.0,-5.457581079728578,-7.138868809005356,181.34344507433585
781.0,1074.0,1291.0,1656.0,896.0,1141.0,1.7833524372218728,1.3618686230745063,181.29792186449544
488.0,235.0,752.0,876.0,1285.0,604.0,0.10258272151772613,1.9833935323201695,167.87688430143092
618.0,1801.0,1725.0,1254.0,1665.0,1538.0,7.579549325844972,-0.5286820740161547,190.15717692168798
405.0,1779.0,629.0,225.0,480.0,1229.0,5.054642206582567,-4.821605575610776,170.2367509336733
630.0,1771.0,1574.0,1809.0,1566.0,120.0,5.268718669844279,-2.3129258020135173,184.36304144013968
1591.0,1417.0,152.0,455.0,1171.0,167.0,-4.185499189850086,-6.882525124713967,171.20992845471068
1348.0,1193.0,1757.0,311.0,1653.0,1502.0,2.067546401739186,2.798717285393638,186.0107679099227
211.0,482.0,458.0,1032.0,447.0,349.0,0.7690249018004053,-0.2018815498802604,161.37758402346972
798.0,28.0,1266.0,332.0,1931.0,306.0,-0.054745538035617436,4.684507690348251,169.8990723625377
1591.0,1828.0,822.0,1868.0,1599.0,85.0,-2.6559388881105774,-6.592074181781467,185.93768746114
1572.0,288.0,1209.0,443.0,1730.0,402.0,-4.0691105245328565,3.378057038966055,174.9685363690888
1582.0,103.0,266.0,1060.0,535.0,631.0,-8.317592359794824,0.8762701016761888,167.19629851205963
1167.0,1235.0,1342.0,124.0,760.0,166.0,0.9882162234611584,-0.04448572950880214,170.75377231181022
880.0,1219.0,808.0,156.0,435.0,1863.0,1.7808597142178162,-0.7529459118116351,173.6143030247015
412.0,1249.0,818.0,321.0,1633.0,1157.0,4.767235287958045,-2.623115645412523,174.69489355264986
22.0,1752.0,1258.0,973.0,575.0,1081.0,8.3406313236074,-1.9966781556352742,174.85337850427666
1072.0,608.0,1563.0,425.0,783.0,1792.0,0.96779220084129,5.740896235406838,178.0408529674947
726.0,915.0,1551.0,1927.0,1789.0,298.0,2.223141032667344,2.0742209714810045,183.12203619627516
1140.0,713.0,987.0,839.0,44.0,1471.0,-1.7245729439609179,2.615816967371849,172.7437298030703
786.0,854.0,1266.0,1783.0,10.0,27.0,-0.3089417663920382,1.9736066180414684,170.3168417405655
770.0,879.0,540.0,1082.0,1701.0,1410.0,0.1115885839366329,-2.091818099648285,178.94475784497496
1024.0,550.0,1259.0,1598.0,679.0,97.0,-1.9230358765536675,2.9575751214958745,172.79213608789416
624.0,1598.0,553.0,306.0,202.0,170.0,2.1907808243882854,-4.6684264894426875,163.68261833943095
1152.0,41.0,1968.0,188.0,568.0,1787.0,0.1803702901566705,10.570173974431142,174.82150851759613
947.0,932.0,308.0,1541.0,1453.0,1147.0,-2.282373952657257,-3.634166361020968,178.6013414943633
1873.0,543.0,621.0,1764.0,1282.0,155.0,-8.695626235993755,-0.6060938255775227,177.78657309531786
289.0,186.0,234.0,48.0,1700.0,1809.0,1.2771404726755766,0.3479118138825313,167.95671689817675
634.0,721.0,412.0,673.0,224.0,1119.0,-0.3765460893854368,-0.6866262808436915,165.52681480499328
732.0,15.0,5.0,1957.0,1687.0,1561.0,-5.073635439319153,-0.16946180357650167,176.65509478905352
1945.0,1494.0,1158.0,1406.0,1488.0,419.0,-4.1526473692544315,-2.687505672353433,186.71607221812843
571.0,1298.0,315.0,1469.0,1702.0,1234.0,1.4817303137182325,-5.778686725803917,179.867220405317
1871.0,227.0,1548.0,1796.0,6.0,814.0,-7.040129601006712,7.250429296718981,177.7502076995458
1164.0,273.0,1673.0,1701.0,127.0,220.0,-2.630808068433154,6.806288659615609,172.29884650033674
1238.0,908.0,343.0,1368.0,1488.0,641.0,-3.9954036324759485,-3.6986336012777734,176.76157952114457
781.0,1541.0,935.0,476.0,109.0,1108.0,2.6275501710257942,-1.9676885678263536,171.4954851741922
1546.0,1230.0,1007.0,1687.0,79.0,1270.0,-3.5515556545133995,-0.07186001645007167,181.11241593187816
1725.0,1142.0,1552.0,1267.0,1643.0,282.0,-2.552074226955685,0.8878778946954026,185.24776444181236
1973.0,1102.0,1641.0,760.0,465.0,967.0,-3.416674474889105,3.065280503262002,181.57226652556145
1014.0,1897.0,1259.0,1829.0,61.0,1171.0,2.067346532893315,-2.2588513329675095,183.2502083698693
1116.0,151.0,214.0,1447.0,711.0,1422.0,-6.027051972406897,0.9649554194044963,171.94746373847565
347.0,1649.0,1987.0,1371.0,74.0,27.0,6.535672257460599,1.5292805128980964,173.8856934836945
1023.0,1876.0,1223.0,1392.0,897.0,1029.0,2.6946524171620587,-3.25222432944057,184.3439677005222
157.0,687.0,1374.0,479.0,772.0,81.0,4.6030258055620346,2.5541853101124525,164.17472713675446
1530.0,1205.0,1817.0,1306.0,1285.0,449.0,-0.56466416175229,2.3667908710725256,185.17620377010363
694.0,842.0,1189.0,1786.0,1360.0,632.0,1.1487888744796972,1.1851370175498321,179.55871122557468
164.0,474.0,1886.0,368.0,1115.0,679.0,6.210858741739429,6.427939523223111,169.76571879826167
1170.0,1070.0,1033.0,234.0,1986.0,296.0,0.25572707301345665,-1.687059033672098,175.81865415000473
508.0,1795.0,1411.0,159.0,981.0,227.0,6.302311179361611,-2.4485074330451075,171.97609570706948
716.0,1208.0,856.0,551.0,1792.0,1656.0,3.159680939411532,-2.0031887008481206,180.91974795592606
1493.0,1328.0,45.0,126.0,1226.0,1000.0,-3.532947617844963,-6.471684415078476,172.64142806825635
66.0,570.0,474.0,1939.0,151.0,1878.0,1.8606313482963137,1.0243104714361255,172.13394298431342
1236.0,402.0,373.0,1248.0,1136.0,1608.0,-5.1064009416083485,0.2673115777149545,176.88200121011585
1010.0,853.0,8.0,347.0,40.0,857.0,-2.9705632901885073,-3.15310338437316,161.97388238891799
1684.0,1048.0,1877.0,1029.0,225.0,61.0,-2.0945616730804058,3.6793752351522793,176.4848185968499
1297.0,1625.0,1418.0,9.0,457.0,1261.0,2.102715853322353,-0.26135580309502326,177.29054018759481
1751.0,9.0,230.0,1702.0,1681.0,1656.0,-10.596381449469117,1.2166306418097739,181.78370003817315
737.0,1435.0,1544.0,875.0,1694.0,1004.0,5.032098437721913,-0.046943018720879415,183.5173090291776
359.0,894.0,1523.0,1752.0,1047.0,1559.0,4.871352211333063,3.8788284841421,182.66108099718147
1121.0,241.0,1073.0,710.0,363.0,1730.0,-2.3400157660192042,5.3921183335218315,172.84292718591567
321.0,1691.0,697.0,1791.0,1565.0,1791.0,5.577638734179722,-5.412780404111351,186.30689297433636
505.0,741.0,1288.0,1706.0,1145.0,28.0,1.8142584706152727,1.7625051075878442,173.87764147319484
1519.0,149.0,704.0,536.0,1198.0,997.0,-5.721738954819372,2.5926167020108957,172.14895132892428
820.0,1612.0,1049.0,1733.0,1295.0,28.0,1.8959610844561157,-3.992667646756977,179.61294514343703
1590.0,201.0,215.0,1633.0,1124.0,1649.0,-8.93809207671979,0.545767972121795,178.73451906554584
1275.0,826.0,231.0,1587.0,956.0,1082.0,-5.103449425071396,-3.0051696335688445,176.59311065280912
997.0,1813.0,1803.0,1315.0,1516.0,1296.0,5.131719675005437,-0.25065519465821795,191.02642636949992
318.0,208.0,339.0,572.0,239.0,872.0,-0.25961519937411315,1.1845781811246345,159.1488181558048
455.0,786.0,202.0,758.0,1317.0,970.0,0.6273357796292948,-3.282196218509381,169.1240832934397
829.0,1082.0,1318.0,767.0,1199.0,493.0,2.1938784346748736,0.5323052145951992,175.35103901733402
1487.0,996.0,1730.0,224.0,453.0,1133.0,-0.09293479240676539,4.094563257955079,177.00888336403568
862.0,166.0,927.0,231.0,1266.0,304.0,-1.1589734952924704,2.755287539937019,165.3310996456297
479.0,54.0,477.0,644.0,1955.0,1065.0,-0.4035949185919008,1.4296518821609654,170.1030696089083
1216.0,1005.0,1423.0,117.0,1196.0,1939.0,1.4800512034736804,2.811288998943538,181.51278492106684
1963.0,1420.0,1095.0,571.0,1668.0,346.0,-3.590647483566415,-2.7915091026781944,182.3439545628198
904.0,1732.0,314.0,579.0,101.0,1894.0,1.1108507241891346,-5.424875246870513,174.31201909111542
1136.0,360.0,826.0,1345.0,343.0,1130.0,-3.7770726134052093,3.0437846811827938,172.41196701584002
1717.0,1481.0,1257.0,170.0,191.0,1656.0,-1.1569904478912605,0.2285251093580981,179.37572914217196
254.0,863.0,1572.0,774.0,457.0,301.0,4.788217740187306,3.17187075360006,167.61839103110495
821.0,1840.0,1720.0,1836.0,1750.0,1040.0,5.649467025538528,-1.2962443123619627,192.36085383329248
1590.0,970.0,793.0,1402.0,1842.0,1187.0,-4.353258647577693,-1.5527716448206923,186.10569032563623
1246.0,724.0,171.0,205.0,867.0,1100.0,-3.666667691743885,-2.4727823426368083,168.16121843316142
1893.0,561.0,1669.0,287.0,119.0,801.0,-3.933357431818942,5.681477598203356,173.25463690817236
878.0,520.0,1017.0,181.0,1271.0,1239.0,0.47619114822842157,2.4526961376231613,172.3184312666678
1979.0,1705.0,1465.0,628.0,705.0,1837.0,-1.6681640696708502,-0.21916700059062233,188.93147598998124
624.0,975.0,1970.0,1446.0,956.0,294.0,4.038267284101127,4.369713743674578,178.15681792649715
1183.0,1195.0,1774.0,1232.0,197.0,1774.0,1.5309799831493378,4.374573141291191,183.8409555036114
461.0,1729.0,1952.0,244.0,1397.0,1792.0,9.625279125931092,1.505051702897644,184.60560403810152
152.0,1112.0,1737.0,865.0,828.0,1787.0,8.078506844559154,4.098873277129339,179.04677127240922
1338.0,75.0,528.0,159.0,947.0,1636.0,-4.815989019628588,2.8791530718425156,169.98786888279014
289.0,1760.0,1203.0,344.0,1958.0,1039.0,8.277210985732648,-3.6868148068228637,179.59442693346884
1294.0,779.0,1126.0,528.0,169.0,411.0,-2.045163563494672,1.7998382692097383,168.2074936637424
761.0,1771.0,984.0,963.0,949.0,614.0,3.331088302377602,-4.189655357018634,177.06155252211897
1703.0,1656.0,300.0,308.0,986.0,790.0,-3.4310805067079837,-6.7029547145849495,175.3533381261265
918.0,811.0,1422.0,664.0,1184.0,902.0,1.5395269438180614,2.8080671361143827,176.4293830301268
442.0,1287.0,1314.0,1833.0,210.0,1442.0,4.122206552627551,1.2386602571476095,179.57873123295707
1597.0,1500.0,1624.0,569.0,848.0,605.0,-0.03181433427485436,0.37946817354529716,180.83627435580965
1854.0,574.0,940.0,38.0,519.0,441.0,-5.276278344351722,1.5866620705018746,168.37629075104076
1710.0,1671.0,529.0,505.0,1663.0,1960.0,-2.4394571127337437,-5.871940390884673,187.28572049443113
1669.0,1953.0,1710.0,1011.0,1910.0,1508.0,1.7461204303747202,-1.6876189510422042,196.38749094933047
547.0,366.0,1470.0,964.0,1695.0,226.0,2.1555524654266263,4.253599152869998,173.05782230349513
189.0,722.0,1962.0,1312.0,1629.0,1218.0,7.266084445027003,6.2924363147885884,181.87661283404654
23.0,1100.0,115.0,1989.0,1420.0,1128.0,2.965082392724455,-5.665482231644178,175.6264382237418
1458.0,1099.0,1136.0,831.0,1725.0,462.0,-1.7274829124546378,-0.9395848013178832,180.62084137808165
1168.0,99.0,1171.0,378.0,1034.0,1256.0,-2.2725364135246497,5.53564149520989,172.17580643229167
817.0,1229.0,328.0,1601.0,0.0,306.0,-1.7025509603673208,-4.028732994661984,167.95809463259437
859.0,835.0,1410.0,1235.0,1140.0,1943.0,1.9693685924829214,3.8416673430554695,184.2416358871052
483.0,1439.0,1093.0,1824.0,1149.0,1927.0,4.7587196068996205,-1.2385513882102712,186.7662788927346
1617.0,626.0,734.0,1593.0,1546.0,1296.0,-6.085819514880457,0.36605223938258,184.11431435494845
1979.0,1793.0,1453.0,1629.0,1736.0,1047.0,-2.489761661676377,-2.472570919159162,195.7210188463989
1477.0,18.0,557.0,13.0,1065.0,1204.0,-5.53558452886171,2.75010621782601,168.1537872895299
70.0,1954.0,739.0,1491.0,1085.0,1120.0,7.328439597384429,-6.340354898242681,178.89736597635726
1303.0,1601.0,1235.0,728.0,1578.0,1663.0,1.6300776966709143,-1.8787328932472858,187.83992445456033
1748.0,1531.0,186.0,1330.0,238.0,123.0,-6.011575247419226,-6.423192302684058,172.17323783094238
1198.0,675.0,171.0,1069.0,325.0,792.0,-4.867278897012137,-2.0267805949989826,167.69341254536081
1435.0,1541.0,370.0,772.0,808.0,1707.0,-2.349387735833485,-5.224951301703826,180.0811384849747
1681.0,1812.0,1588.0,929.0,925.0,754.0,0.016620055888371524,-1.2669098330204274,185.71723245265432
1614.0,836.0,1061.0,194.0,1140.0,460.0,-3.023350759259735,0.46060552412641387,173.3391940580681
1904.0,1304.0,1504.0,155.0,1098.0,590.0,-2.0388172805294933,0.4985499355963768,179.82616002340941
255.0,754.0,445.0,1949.0,1352.0,455.0,1.02389204732756,-2.432137426800405,172.83957532404366
1072.0,947.0,1513.0,931.0,1798.0,1934.0,1.9729978135322237,3.2499477214292325,188.2487028301917
658.0,958.0,1627.0,633.0,1198.0,1180.0,4.291903699536366,3.378584145729893,178.1497131252106
485.0,311.0,750.0,313.0,707.0,586.0,0.5914350377706421,1.9547368389770792,162.25887002342205
1256.0,398.0,207.0,1141.0,759.0,1988.0,-5.608298361583162,0.08292013257465247,175.51649860537367
201.0,1683.0,1103.0,1931.0,830.0,708.0,5.950624802372343,-3.1211409103843666,179.09232725329522
150.0,1383.0,559.0,683.0,932.0,1030.0,5.0210577286323215,-4.008963685139921,170.25372783278726
1269.0,918.0,1068.0,1402.0,1735.0,227.0,-2.0827942248932834,-0.5685755883883251,180.12579189836848
1823.0,1781.0,1155.0,745.0,417.0,383.0,-2.2747676493454074,-2.9599882394525947,178.48927827569213
192.0,305.0,1237.0,1134.0,877.0,1786.0,3.7361823334778275,5.736622194691385,174.32651462669946
539.0,1017.0,1807.0,544.0,1291.0,1054.0,5.725630830764995,3.766635743073474,178.0455662965524
1658.0,1357.0,1819.0,664.0,1371.0,1632.0,0.4391933379430925,2.6625745533384553,189.8658152730831
1923.0,366.0,275.0,469.0,1061.0,1873.0,-8.534291791009569,0.25439348792962063,176.4205952911765
0.0,16.0,1966.0,452.0,140.0,383.0,4.948747567364667,8.985919190158787,160.66202655096197
736.0,1804.0,1231.0,926.0,1657.0,73.0,4.4250153753736825,-4.262260149357819,178.95829142119945
790.0,1587.0,469.0,245.0,1284.0,266.0,1.8488151843969192,-6.206808634374206,169.7190154527646
1797.0,1844.0,441.0,1411.0,836.0,1784.0,-4.1425291870586785,-6.649517486362985,187.59750336614238
1727.0,264.0,809.0,1877.0,1292.0,611.0,-8.200591665038129,2.264806776689976,179.60465662791663
342.0,1290.0,1375.0,1875.0,464.0,1459.0,5.1061705784423905,1.337270739236132,180.97965033338758
809.0,194.0,1039.0,1034.0,1462.0,183.0,-1.3267047641167462,3.072714180216577,170.30012799632868
84.0,1765.0,600.0,213.0,791.0,1546.0,7.24303704238117,-5.0738072636619735,171.37751946433826
263.0,424.0,1630.0,524.0,842.0,695.0,4.495327279727378,5.668472069605127,168.33172628316973
893.0,425.0,422.0,363.0,1573.0,927.0,-1.8176756370533858,-0.5920507996877576,169.73477386246296
513.0,1076.0,200.0,713.0,448.0,1881.0,1.1991220221863799,-3.1768443104224318,170.85565028412583
1680.0,969.0,357.0,1555.0,408.0,988.0,-6.815070332730346,-2.572891396312898,176.47627846447804
470.0,1850.0,1574.0,1402.0,1861.0,704.0,7.513738903383926,-2.5031884832311,186.2790751029204
275.0,1974.0,393.0,217.0,1675.0,1044.0,6.452696578797789,-8.513753897888332,174.18324069998417
668.0,1248.0,987.0,1836.0,816.0,1456.0,2.069533421598286,-0.831978091580512,182.17834751547684
522.0,1044.0,288.0,91.0,520.0,893.0,1.411744789711224,-3.1960313151950186,163.26861946749236
1013.0,905.0,334.0,967.0,361.0,1248.0,-2.42182494893782,-2.0397955212436902,170.87565219130477
55.0,1631.0,3.0,1870.0,1757.0,1685.0,4.845344818729101,-9.314384036793765,181.66169065634037
1713.0,299.0,642.0,958.0,523.0,1410.0,-7.21264365066444,2.5193435737045213,174.329205861365
937.0,1744.0,907.0,987.0,1358.0,1105.0,2.58295754524811,-4.574344164115685,182.22047943823728
1017.0,1257.0,281.0,1317.0,1618.0,381.0,-1.8030037506301038,-6.133874759724209,176.09272790180881
859.0,1355.0,881.0,542.0,367.0,720.0,1.4087111408534487,-1.9144051218816724,170.37336144365932
1490.0,1707.0,1038.0,704.0,1591.0,1699.0,0.24546105312952549,-3.479849344188067,188.43327144987472
1957.0,683.0,1328.0,295.0,264.0,1583.0,-4.662246722482777,4.293760856714968,177.30646633270098
44.0,266.0,144.0,915.0,237.0,587.0,0.3610836235817185,-0.264821441985734,157.32060997049274
501.0,1830.0,585.0,1522.0,1958.0,600.0,4.1150478466211275,-7.874288024283832,181.7209831057394
1641.0,625.0,1037.0,1668.0,416.0,719.0,-5.82382095762245,2.336141651731764,177.30834719560576
173.0,1752.0,1935.0,268.0,545.0,1968.0,10.631123454379466,2.179754993094085,179.62827490722097
1608.0,559.0,751.0,84.0,616.0,1762.0,-4.281634127100181,1.9668647735543172,173.6217655222818
723.0,774.0,178.0,537.0,610.0,1994.0,-0.6711240184387209,-1.8142622465008527,170.81135714409223
1922.0,1478.0,309.0,218.0,762.0,1774.0,-4.85335400056413,-4.939116060969687,179.09228488914204
700.0,562.0,135.0,508.0,803.0,1064.0,-1.5524997162842449,-1.8621956089873124,165.45119593299535
1421.0,1836.0,913.0,815.0,424.0,1534.0,-0.10000376830920137,-3.6355469652593637,181.7783245482816
1282.0,43.0,599.0,1624.0,241.0,1490.0,-6.505400205407843,3.982225051819739,172.9334507444653
261.0,445.0,539.0,971.0,591.0,115.0,0.6208178855025998,0.018065152306815768,161.08082662125713
179.0,936.0,1273.0,1903.0,229.0,10.0,3.3385598691455893,1.4357134434345695,169.25177132313942
586.0,552.0,1933.0,1176.0,1524.0,1096.0,4.14032154870424,6.907560105189693,181.15261995798087
388.0,664.0,41.0,1473.0,1836.0,771.0,-0.39489277437128917,-4.295508049051941,172.61302388050143
859.0,1503.0,13.0,1392.0,270.0,355.0,-1.6723742003764477,-7.069669131864071,168.37296182909165
463.0,1694.0,1696.0,1964.0,1553.0,1942.0,7.932326970732299,0.3594767991757515,193.8186801823049
1138.0,507.0,1939.0,874.0,356.0,826.0,0.1795424826442559,7.304598547712529,174.841900088286
596.0,770.0,732.0,313.0,1413.0,890.0,1.755094090299278,-0.6562268889340453,170.31375169158164
1145.0,187.0,608.0,461.0,518.0,1222.0,-3.7689364481517167,2.6736315088838625,167.26570246978406
1136.0,609.0,10.0,1111.0,1930.0,513.0,-4.8650767852631,-4.389535839754032,173.1741152690317
1877.0,924.0,1146.0,1342.0,67.0,1143.0,-5.568595148514375,2.05846919284498,179.35466298080337
566.0,1382.0,1662.0,890.0,486.0,1315.0,5.51417336500421,2.1370682816289466,178.3574359145538
160.0,1741.0,1203.0,545.0,1384.0,1290.0,8.568814454146171,-2.836711877685,178.23432423012997
1459.0,1260.0,1190.0,1308.0,982.0,1109.0,-1.6728654494450483,-0.2494890224932207,183.7413818407589
306.0,1292.0,1261.0,1342.0,937.0,273.0,4.787082148134713,-0.7467114844073987,173.80971452388158
1937.0,1426.0,1769.0,1865.0,1289.0,1726.0,-2.5597779783145262,2.307498582867373,197.66559801458027
599.0,1001.0,867.0,784.0,1358.0,763.0,2.239679662706126,-1.209060397612733,173.7127601121284
1358.0,581.0,41.0,1780.0,636.0,751.0,-7.294865718077814,-2.655263411686979,172.2521048000964
773.0,1775.0,1457.0,1866.0,1730.0,1790.0,5.459152863139645,-1.765517252915053,194.3684471235903
1386.0,1929.0,1937.0,521.0,549.0,352.0,2.8630304861546407,-0.13909753541976103,180.43495647695983
536.0,693.0,1075.0,1316.0,1806.0,1511.0,2.572415100519976,1.8451958758842166,181.7885984175009
990.0,1091.0,341.0,337.0,837.0,61.0,-1.3376853268799889,-4.138948143164038,164.77444303896408
601.0,1033.0,1249.0,446.0,520.0,913.0,3.254360476950278,1.382120174048433,170.52991154144033
1590.0,106.0,1354.0,1013.0,142.0,308.0,-5.42269071775534,5.9411916903442155,168.93484004686064
145.0,1786.0,243.0,1850.0,989.0,654.0,4.149662445912754,-8.306391226708248,174.813587393578
113.0,1363.0,1720.0,939.0,1663.0,579.0,8.61257843553515,0.854961090851189,178.53893188847945
614.0,403.0,1439.0,1038.0,142.0,908.0,1.1796635498104142,5.679348465915554,169.27588602802302
582.0,1015.0,1698.0,1648.0,733.0,1526.0,4.219094949354295,4.3394828231668345,183.00981408158827
1167.0,430.0,214.0,879.0,919.0,1330.0,-4.730566592131071,-0.7356924726660796,171.39530883365262
1065.0,1908.0,485.0,770.0,318.0,1346.0,0.8101679038112751,-6.07436839109976,176.22076399558205
999.0,1988.0,1285.0,1633.0,1678.0,121.0,3.062013902674219,-5.032279754247716,185.567141512734
12.0,1344.0,1860.0,1973.0,1746.0,1254.0,9.7761150219977,2.4448798807313636,187.82222307638614
1218.0,62.0,874.0,242.0,1672.0,1410.0,-3.1296027080563618,3.95520418453677,174.1284733415463
1245.0,542.0,5.0,623.0,1650.0,1852.0,-4.86797588796774,-2.7065944928232604,176.38552389886365
1729.0,1806.0,76.0,183.0,232.0,615.0,-3.8662767450472826,-7.480670562382436,169.5625873423275
1879.0,814.0,374.0,586.0,1456.0,1486.0,-6.815386551408471,-2.2650064948348896,179.79363341951915
1729.0,1407.0,1211.0,1570.0,1834.0,832.0,-2.8691169076066014,-1.9560578939256823,190.26571023654972
464.0,1915.0,1700.0,1509.0,1314.0,1431.0,8.241127622279498,-1.0569867798266799,188.7173478823048
1146.0,74.0,178.0,814.0,1293.0,1185.0,-5.627134854643396,0.43902996527927507,170.06410557714545
42.0,371.0,1367.0,1893.0,1652.0,1209.0,4.816604972176506,5.12568280032941,179.51493513297257
400.0,1766.0,1001.0,350.0,59.0,1880.0,6.168004561820943,-2.104937432346041,173.88700499732985
771.0,1408.0,953.0,1090.0,1720.0,934.0,2.7398821339508284,-3.103735681978523,181.42702523599894
386.0,1950.0,1069.0,750.0,285.0,1990.0,6.973241622018673,-2.94549431774257,178.86462203942938
1045.0,206.0,1556.0,509.0,319.0,903.0,-0.7885246493046378,6.894664789740375,169.17145583649355
499.0,489.0,1456.0,1701.0,9.0,1162.0,1.603161252851805,5.89324895242519,173.2135276044458
207.0,353.0,1734.0,432.0,1025.0,1509.0,5.734835938117557,7.400125992640894,172.69811791545106
277.0,666.0,41.0,309.0,688.0,213.0,0.5515664254255754,-3.2932867705388413,157.26696659293896
1620.0,1998.0,1856.0,323.0,1641.0,1579.0,3.1771512083653954,-0.796896129608181,192.49078833207102
374.0,1513.0,1052.0,886.0,527.0,1439.0,5.376964223047051,-1.5037060399738724,175.74086966857243
1221.0,72.0,1421.0,1368.0,335.0,1241.0,-3.362100168019449,7.614151647583202,174.84777390318618
408.0,1514.0,1896.0,1557.0,1656.0,1137.0,7.966231409590206,1.609952124798904,187.87568598280353
769.0,307.0,764.0,156.0,781.0,882.0,-0.5850172800261214,2.2639879081991396,164.86276640170496
1084.0,1236.0,305.0,1907.0,1495.0,1276.0,-2.539352198824103,-5.341528953933188,183.55762709082623
1102.0,1850.0,1969.0,1675.0,298.0,1665.0,4.176672943967306,1.843276864590885,190.06818252777825
1140.0,1853.0,595.0,907.0,951.0,372.0,0.21761091964234702,-6.628533092778927,175.81368215445642
668.0,1555.0,1399.0,1920.0,1796.0,1453.0,4.984935461649074,-1.190290149006496,191.29352018330042
320.0,776.0,952.0,377.0,567.0,500.0,3.0848974070889,0.7590780756579533,163.98422817924552
1000.0,322.0,431.0,762.0,1054.0,939.0,-3.3646380886046696,0.4431816505873379,169.22917326297411
382.0,111.0,1983.0,846.0,1548.0,1797.0,4.9758129329769885,10.273740569839442,179.79036826895685
1243.0,1746.0,522.0,1271.0,883.0,1294.0,-0.8419692921911676,-5.9869666637819305,181.76555005488075
219.0,1967.0,1409.0,1140.0,325.0,1647.0,8.472192884060641,-1.6590848586665852,180.23367527174864
1355.0,863.0,469.0,669.0,1643.0,138.0,-3.6869740144825927,-3.281375791473546,172.36624646246497
352.0,1033.0,1273.0,1279.0,1297.0,896.0,4.6229679905582675,0.8897529758601943,177.55559565054696
166.0,1335.0,925.0,1194.0,807.0,1935.0,6.107756848216359,-1.1748202091630262,178.6535393478192
1449.0,700.0,297.0,1315.0,1647.0,1436.0,-5.74771013848977,-2.3851851133366866,181.17159678251548
190.0,824.0,683.0,1797.0,1854.0,1239.0,3.3786582309894033,-1.338213863848571,179.96154202559484
1684.0,1401.0,864.0,1422.0,1296.0,1919.0,-3.32390820623051,-2.407262607570095,190.2721770430751
1053.0,681.0,861.0,1134.0,1118.0,789.0,-1.8438460275575383,0.6218058713678897,175.0968112234648
582.0,388.0,118.0,514.0,1066.0,1141.0,-1.291698822837924,-1.2836168272528747,165.6533292339019
191.0,369.0,1880.0,1672.0,780.0,287.0,4.203357318773663,7.096875497009362,172.36210523874018
1154.0,1963.0,1847.0,1.0,366.0,1004.0,4.720048620159156,0.03315430954673293,178.5847083892432
118.0,832.0,543.0,934.0,192.0,802.0,2.695671370911455,-0.8375505313274534,163.61937628242703
545.0,1686.0,1910.0,597.0,645.0,761.0,7.04556087816793,1.1776412304846284,177.4637308852412
1014.0,1496.0,1284.0,203.0,1695.0,329.0,2.9441401492267287,-2.2487551536957953,176.98190252559746
347.0,1687.0,926.0,1897.0,1489.0,745.0,5.148881535040995,-4.753691513356715,182.36984523288123
856.0,128.0,1739.0,1262.0,1461.0,609.0,0.22692092840389927,7.541544262159848,176.9785401915717
529.0,235.0,1440.0,945.0,214.0,218.0,0.8961025482734547,5.580500309145898,164.3069020304239
510.0,671.0,1201.0,796.0,53.0,688.0,1.8615874466799924,3.0468305596314815,166.1641934031411
1591.0,1321.0,386.0,841.0,1357.0,1790.0,-3.790159244842738,-4.604394690760166,183.4515229786546
1672.0,1915.0,1485.0,538.0,921.0,492.0,0.3290139682536853,-2.4445863349913615,182.2478445468651
28.0,99.0,1937.0,720.0,1398.0,1299.0,6.544919048607493,9.39117471020497,173.6416674684727
1041.0,1423.0,1601.0,1067.0,361.0,1311.0,2.4838303990969046,1.7399493506968164,181.0868511077828
579.0,914.0,1174.0,1035.0,1201.0,584.0,2.5528197311703544,0.7555751509485309,174.3045217825046
1631.0,1036.0,1183.0,86.0,771.0,905.0,-2.0786161603869178,0.8166990413169839,174.95293093315314
1042.0,612.0,706.0,557.0,1886.0,568.0,-1.5563755837883508,-0.698183621955577,173.689982662793
18.0,1130.0,676.0,454.0,1057.0,1592.0,6.105036676587819,-1.8354402608440257,171.22137726515973
1998.0,1056.0,1997.0,1997.0,1503.0,137.0,-4.063596538367527,3.7158628561701508,190.66384136167002
366.0,1625.0,405.0,839.0,1117.0,1290.0,4.222218956497427,-6.1058655265009305,174.8640616446203
417.0,1899.0,1641.0,56.0,737.0,1772.0,8.94504922226851,-0.35108896564567804,179.21352953815082
1170.0,542.0,1262.0,253.0,1830.0,980.0,-0.3894822661278904,2.9082584120232564,177.0985773036034
600.0,0.0,294.0,680.0,1170.0,674.0,-2.3383604975808305,1.0111107199083667,163.61890491802382
97.0,1386.0,399.0,1403.0,1535.0,462.0,4.33395682196047,-6.063529212154651,172.98146612349456
454.0,331.0,1539.0,655.0,460.0,285.0,2.281987942245367,5.4414584699624795,165.04054236455664
68.0,1261.0,1230.0,510.0,159.0,228.0,5.78797090884043,-0.07768411228331829,163.65753492080344
1825.0,960.0,1179.0,1961.0,1903.0,575.0,-5.507568887873591,0.01156397203474513,189.22121115061378
533.0,1305.0,1997.0,1557.0,891.0,1190.0,6.229469707011404,3.8925519501071975,184.33109416502657
617.0,1729.0,1210.0,179.0,1101.0,1954.0,6.435439004551075,-1.9014588244267097,180.7899327331333
811.0,1221.0,175.0,738.0,1750.0,1216.0,0.08230209178244552,-5.980035679061302,176.34138212599245
1159.0,1047.0,1128.0,1239.0,659.0,1466.0,-0.6096830696508092,1.140878135353358,180.58434822614558
1101.0,904.0,147.0,1298.0,1514.0,1776.0,-3.2996967355584284,-3.9327963058509003,180.6928907167913
1829.0,1433.0,1628.0,686.0,1624.0,91.0,-1.5170502081262263,-0.40915926959624516,183.61113180296977
1990.0,388.0,832.0,1977.0,937.0,1477.0,-9.450594660681721,2.8944131015438037,184.7784571740375
1117.0,1310.0,1288.0,751.0,322.0,298.0,0.5188368089015847,-0.1234713265259768,172.27111521299827
319.0,519.0,1792.0,1078.0,1056.0,57.0,4.1425130826162135,5.276108452143392,170.63850819833212
871.0,916.0,722.0,1143.0,1996.0,861.0,-0.026747209332206978,-2.051504194612337,179.5818007048587
116.0,457.0,1689.0,492.0,619.0,483.0,5.232487875337895,5.643943156944953,165.5897138613613
933.0,31.0,1186.0,1780.0,1142.0,1613.0,-2.470450941685768,6.75504095570114,180.2825593928955
1269.0,21.0,688.0,711.0,994.0,255.0,-5.1441670580278736,2.5320527377689706,166.1551242928602
353.0,796.0,390.0,1733.0,1883.0,529.0,0.9496401699439375,-3.3946310837393217,175.26353620662508
1125.0,676.0,1462.0,1307.0,1100.0,1850.0,-0.17668719412742548,4.926704163358642,184.72349686297395
1471.0,285.0,653.0,1611.0,814.0,448.0,-6.83089687698225,1.5242886228320853,173.00711735609192
716.0,1416.0,1417.0,691.0,961.0,653.0,4.07195507922633,-0.2706979873601991,176.15382587476586
1814.0,1077.0,1971.0,1611.0,1516.0,83.0,-2.552765226319095,3.3083425527049637,187.5591289490885
736.0,1648.0,108.0,1164.0,941.0,1645.0,0.9970377904022654,-7.483653383643654,177.95591106548892
1811.0,220.0,1703.0,529.0,1738.0,675.0,-4.2509501340870885,6.533688071201623,180.14286576608907
416.0,235.0,249.0,213.0,1507.0,1350.0,0.22851690359874632,-0.06875600644522184,166.47279446946487
1827.0,1555.0,1299.0,408.0,787.0,61.0,-2.1093445971524494,-1.8274925530740618,176.6199723623244
402.0,356.0,286.0,106.0,1487.0,1930.0,1.159626933775232,0.029202044873101407,169.51922566771393
731.0,121.0,924.0,399.0,1294.0,485.0,-0.6620446017340189,3.173391466091587,166.35334529370735
467.0,259.0,914.0,1362.0,174.0,1728.0,0.2864871185136936,4.754168877081671,171.17023927824616
362.0,821.0,1126.0,238.0,1151.0,120.0,3.7067280880186537,0.503000978062409,165.62329010944984
1413.0,365.0,1728.0,978.0,184.0,36.0,-2.831797943586558,6.103493423378857,170.02451645270324
1032.0,796.0,1389.0,701.0,1266.0,1558.0,1.098491988400273,3.355624774480612,180.75601335238434
523.0,1873.0,1690.0,416.0,920.0,668.0,7.355206037356001,-1.1025027233534752,177.1568892460858
366.0,410.0,1633.0,837.0,1524.0,1448.0,4.668743919538784,6.392990706731059,177.8035118287807
1422.0,870.0,680.0,535.0,1397.0,1033.0,-3.0831976294030934,-1.288038601042308,176.60202177359778
1154.0,402.0,41.0,497.0,305.0,469.0,-5.067958856649149,-1.5142523151024752,160.65728865285055
1538.0,1310.0,1324.0,489.0,1207.0,153.0,-1.0189493572877255,-0.8749940563522083,177.07640292250824
1642.0,1657.0,1015.0,1544.0,899.0,1132.0,-2.394332151225154,-3.150324059475366,186.67276663878536
1263.0,380.0,1846.0,353.0,74.0,1114.0,-0.5591725673176441,7.7664643825181185,171.62490704915948
1459.0,1630.0,814.0,1153.0,1579.0,1363.0,-1.1415306375162306,-4.576576330618104,187.21048491611148
881.0,1224.0,893.0,1381.0,1221.0,1926.0,1.3248230645381978,-1.188107918131084,184.8584022763152
983.0,1984.0,66.0,1057.0,1104.0,793.0,0.13233189085683159,-9.945156300014569,176.4154585486464
297.0,1264.0,142.0,1705.0,1644.0,55.0,1.5447119018370772,-7.217652951814254,172.04160468608478
1789.0,1558.0,667.0,1954.0,184.0,707.0,-5.474373982406954,-4.008383397700915,181.13356908417126
1203.0,1872.0,1509.0,1193.0,1105.0,461.0,2.3971803158857727,-2.394599722548979,183.86619732178917
1834.0,1160.0,996.0,512.0,525.0,956.0,-3.9551358872121694,-0.40182375033313433,176.82067753058783
1267.0,790.0,404.0,1854.0,1413.0,581.0,-4.984051168009305,-2.788727071146665,178.40208977174163
352.0,1580.0,808.0,1671.0,1529.0,1393.0,5.131982395828658,-4.368915994637012,183.66854999925616
1712.0,1286.0,12.0,811.0,69.0,502.0,-6.211715093971009,-5.496937617358765,168.29023777150542
473.0,605.0,1041.0,1459.0,1685.0,194.0,1.553817135493965,0.9238184496577135,174.1278469015585
1706.0,1136.0,1982.0,1265.0,1811.0,185.0,-1.148247542779437,2.9034012596455336,187.6697237119786
1686.0,71.0,1942.0,1770.0,1968.0,984.0,-4.633922710038573,9.447411189331385,188.96056852907697
1404.0,1257.0,1825.0,1930.0,985.0,1393.0,0.0944999780580813,3.4498189508566237,191.3603202901194
1397.0,1990.0,1146.0,1142.0,70.0,864.0,0.256211806729326,-3.362138638622491,180.06082656329195
1650.0,119.0,1463.0,1485.0,1094.0,824.0,-5.669634040976908,6.704802411208946,179.8803793671651
1155.0,163.0,823.0,160.0,963.0,549.0,-2.9874863013080466,2.740538232237047,165.5965012762634
208.0,131.0,1167.0,1738.0,1123.0,1251.0,2.1666706190470286,5.680196580544013,174.8371591191963
1962.0,916.0,831.0,613.0,1392.0,1233.0,-5.731903391389115,-0.5786238198370437,181.70974592319817
288.0,690.0,762.0,649.0,1670.0,130.0,2.7493893479146907,-1.0188646057557627,167.55012141256452
780.0,1192.0,145.0,1475.0,5.0,131.0,-2.0525892779561437,-4.799514636205969,165.05821193332508
1054.0,1932.0,1359.0,609.0,581.0,174.0,2.922742361989901,-3.016727415322646,175.39174275904153
645.0,911.0,682.0,1862.0,32.0,924.0,-0.5441648096047862,-0.35657689807622484,172.05602849143978
781.0,920.0,1950.0,1625.0,1644.0,1165.0,3.8946309190949338,5.194143959722284,187.56371348785459
1190.0,1500.0,231.0,563.0,1322.0,173.0,-1.6108551619485827,-7.126254996493431,171.4069968449805
699.0,1734.0,926.0,460.0,1408.0,455.0,4.044482906351555,-4.7971507064007035,175.1219813512915
1281.0,845.0,174.0,349.0,1152.0,474.0,-3.7899320143588784,-3.8214998046994406,167.9142418160383
1799.0,1264.0,1174.0,164.0,1547.0,1561.0,-2.017876116057746,-0.4510193478191038,184.7248229517333
601.0,556.0,1937.0,1664.0,1200.0,1410.0,3.6598165375580893,7.655892656821864,183.71387709415637
1578.0,1947.0,186.0,1032.0,273.0,301.0,-3.5310342327992386,-8.210020405036024,173.0086473669157
1667.0,272.0,744.0,878.0,209.0,1557.0,-6.640004861125924,3.5469514056871443,173.18794456079098
885.0,1043.0,1059.0,627.0,500.0,1170.0,1.1516420344393645,0.6773597036787813,173.28131629068088
242.0,1153.0,822.0,1696.0,213.0,914.0,3.1601801137817915,-1.0383237787892663,171.9397287040662
1343.0,1318.0,448.0,339.0,1031.0,1649.0,-1.6655475153651058,-3.866492348132227,177.53635901496608
602.0,1053.0,485.0,333.0,172.0,412.0,0.8275815463790585,-2.347686082786,161.7572266737867
567.0,1522.0,18.0,963.0,1687.0,1197.0,1.7346925604468475,-8.394970607102213,176.3867609702795
1193.0,364.0,985.0,1081.0,1380.0,1929.0,-2.671861137278558,3.8761659705235765,181.69383140873833
1157.0,1899.0,1616.0,1951.0,996.0,1177.0,2.8397654112169697,-1.3613386950930497,191.3773664484805
45.0,859.0,1947.0,1088.0,524.0,1710.0,8.084384576998538,6.6478092657417935,177.30683899257988
850.0,597.0,928.0,938.0,1207.0,1296.0,-0.20137561823347477,1.8004190560173383,176.03000916173835
788.0,322.0,815.0,1627.0,295.0,211.0,-2.6410761706309467,2.310207563604151,166.85114940190385
493.0,583.0,32.0,1358.0,1147.0,255.0,-1.750489430823489,-3.5565946340125327,165.8756918263169
1568.0,1517.0,1610.0,1.0,1868.0,486.0,1.1834670953787234,-0.7746533555339645,182.34250117887737
81.0,1282.0,665.0,694.0,248.0,1364.0,5.145894889637861,-2.01470707363309,168.20359048350045
1732.0,62.0,1757.0,1657.0,1341.0,1886.0,-5.325936183689524,9.912507848351641,188.97728259463884
1056.0,1767.0,637.0,311.0,288.0,112.0,0.6353042773321537,-5.1845686197601015,167.38801151863737
1669.0,980.0,863.0,1307.0,385.0,962.0,-4.950562271158787,-0.06669563268254258,177.71142016735274
1712.0,1278.0,188.0,524.0,1597.0,1839.0,-4.789009191966932,-5.588107478676912,182.57421057749534
158.0,905.0,114.0,554.0,724.0,1808.0,2.802470183019784,-3.063866360062343,167.90069662002043
455.0,1234.0,1973.0,1697.0,676.0,1409.0,6.320902317297037,4.553521133727026,184.1367011605349
219.0,1481.0,1028.0,1228.0,392.0,578.0,5.035171940968752,-2.031919052721086,171.27650493889305
689.0,20.0,534.0,1440.0,1360.0,492.0,-2.982642110107945,1.8739801723363054,169.3460211941435
244.0,1545.0,651.0,915.0,313.0,1523.0,4.934362335271859,-3.3899968546268693,172.60353081414544
1947.0,1020.0,663.0,158.0,111.0,927.0,-5.472655407709572,-0.9053346270996443,170.74179091796532
122.0,402.0,492.0,1119.0,1975.0,30.0,1.7973084598683338,-1.2717174331634402,167.29171706751606
870.0,461.0,1904.0,335.0,1284.0,1240.0,2.7692215687074855,7.210163010162869,177.1514628409325
1026.0,1405.0,365.0,1687.0,608.0,1811.0,-1.3670367635058072,-4.514072007317059,181.51722408735827
452.0,1796.0,1245.0,186.0,1720.0,1570.0,7.901862814760306,-2.991938899044102,181.58968429263882
675.0,1982.0,187.0,70.0,1196.0,128.0,2.7919164331018447,-9.235014232330084,167.33669477372587
813.0,316.0,1208.0,617.0,65.0,117.0,-0.806820278926191,4.038741141400276,162.09597218056783
1850.0,340.0,1592.0,1353.0,275.0,1214.0,-5.744045974322968,7.114262519064703,179.75960649327618
56.0,601.0,614.0,1230.0,1895.0,684.0,3.433305895268426,-1.01267797466024,172.15427696800558
257.0,1470.0,448.0,454.0,51.0,451.0,3.449745759834608,-4.2559648394776755,161.99798331785288
388.0,1654.0,1238.0,1979.0,787.0,1520.0,5.768870384177276,-1.5996329893947117,184.88882945818722
773.0,463.0,1705.0,523.0,1329.0,533.0,2.181538801224639,5.377033223997518,173.32063796072708
866.0,1124.0,8.0,258.0,1973.0,1421.0,-0.33566784322921794,-6.343502854957677,174.92975668522791
443.0,637.0,1769.0,326.0,80.0,29.0,3.554923203345738,4.901777852448462,162.74493515790283
614.0,30.0,1276.0,132.0,1362.0,470.0,1.0239680927698147,5.1698959741952555,165.8839934070046
309.0,1685.0,96.0,954.0,1941.0,293.0,3.59214405275474,-9.57291462622255,172.6787941485972
560.0,774.0,1113.0,959.0,1375.0,717.0,2.3444594999318054,1.1375075744023433,174.36264311398094
1079.0,1041.0,167.0,93.0,1615.0,1326.0,-1.3679452521489133,-4.697525451699274,173.31743050384557
1867.0,1958.0,1248.0,1773.0,363.0,1985.0,-2.255987419072289,-2.3736156408688394,193.3892289974826
1634.0,86.0,1700.0,1371.0,1371.0,1140.0,-4.650632675545201,8.340782834137755,183.273375926154
29.0,459.0,1224.0,346.0,1097.0,1070.0,5.390886439155626,3.7507933162945366,167.5854431491425
352.0,102.0,591.0,1804.0,169.0,167.0,-1.7129735803039305,2.364934972658591,162.34141792352858
202.0,655.0,473.0,241.0,1961.0,568.0,3.146901874341404,-2.1526631106552365,167.04285993209345
551.0,1327.0,829.0,506.0,1342.0,7.0,3.0703672084082094,-3.562243808288349,169.413457924581
1357.0,470.0,1668.0,402.0,206.0,1194.0,-1.2687934784735735,6.561186870343945,173.09936082449187
1383.0,1172.0,772.0,1517.0,1227.0,478.0,-3.1222578135820296,-2.7229744852987325,179.7262650226255
1743.0,611.0,515.0,1095.0,665.0,1054.0,-7.076711470125972,-0.13345384301201657,175.0952556528809
1390.0,913.0,558.0,1467.0,761.0,934.0,-4.506924263830406,-1.6618687897649207,176.98971508450288
1041.0,32.0,367.0,1233.0,876.0,1920.0,-5.028327010114709,2.7250882926693363,174.07365778845679
501.0,1575.0,434.0,57.0,1450.0,1567.0,4.449196245739067,-5.6952636682744515,174.5260972747935
1421.0,463.0,927.0,1827.0,407.0,1325.0,-5.365629083513821,3.240936015164724,178.6734789969035
560.0,753.0,461.0,743.0,749.0,526.0,0.15214143889367213,-1.6046293170690138,165.5765529106451
285.0,1342.0,1657.0,1127.0,849.0,368.0,6.321135549213935,1.1099927005442527,174.84523674237337
1432.0,219.0,892.0,199.0,147.0,402.0,-4.433839016601519,3.228361016283969,162.82471362858328
936.0,430.0,1296.0,1326.0,932.0,1081.0,-0.7655381016005369,4.607087423557816,176.89102185138358
1968.0,467.0,1561.0,898.0,945.0,1886.0,-5.258432773828027,6.593034221345994,185.53289556099867
545.0,1967.0,1134.0,473.0,1529.0,69.0,5.916657498020777,-5.306455045618112,175.14932776369875
1836.0,333.0,544.0,1974.0,284.0,1842.0,-9.570219228680454,2.516357427780193,180.65121355640315
1310.0,1525.0,1234.0,1368.0,1588.0,956.0,0.3282979234746754,-2.1151918601187,187.20446721084556
1387.0,1228.0,1652.0,911.0,1122.0,496.0,0.19763442409888882,1.5391856524396719,181.09204491304962
1172.0,1659.0,1892.0,1981.0,378.0,1852.0,2.873573478584712,2.572006995172082,192.0245941537332
936.0,980.0,1818.0,1743.0,1601.0,497.0,2.119486814815891,3.4579494413326617,185.0196665257938
299.0,201.0,1827.0,186.0,1372.0,258.0,4.559170903395724,6.707620927827201,167.00711442494762
45.0,1375.0,1002.0,1622.0,1365.0,1864.0,7.3454764270325175,-1.630815604813862,183.30500099870522
433.0,222.0,671.0,745.0,1155.0,122.0,-0.034868979813903744,1.2376844757033214,163.26891938398566
383.0,1479.0,1866.0,1283.0,343.0,1568.0,7.277090408194249,3.0728902218905754,181.41118903899735
1963.0,416.0,465.0,50.0,1827.0,1810.0,-7.4090317038882265,0.2420238838108397,179.38808509601634
479.0,673.0,1127.0,1049.0,796.0,1190.0,2.4144389039693275,2.6614055668693855,173.38576944010924
938.0,221.0,1786.0,1391.0,244.0,1604.0,-0.09393371408904627,9.225780090928165,177.4727850072589
1318.0,1064.0,1748.0,961.0,1705.0,544.0,0.6902871811055146,2.4745024438935204,183.8626976117838
708.0,30.0,153.0,893.0,1286.0,207.0,-3.6448967906979983,-0.36033238714594507,162.8363256733697
805.0,324.0,1487.0,1428.0,1258.0,14.0,-0.23667557426254443,4.693426660074452,173.3038251555536
1826.0,221.0,1515.0,1334.0,452.0,605.0,-6.241196233780519,6.465032333668228,176.30658184637645
467.0,270.0,503.0,1295.0,1029.0,632.0,-0.9506803381418125,0.8255525169727665,167.66247013079362
1750.0,980.0,1368.0,1728.0,713.0,1593.0,-4.1536397524263755,2.863235973066799,187.86652006145007
865.0,874.0,592.0,1715.0,461.0,1728.0,-1.4506347674720426,-0.37055350963413747,178.1617425121937
1494.0,743.0,992.0,23.0,916.0,974.0,-2.507275730870373,1.2422374982032423,172.50221587446833
772.0,1803.0,862.0,951.0,876.0,653.0,2.997542224591026,-4.837922549563698,176.39651720921051
1050.0,791.0,1867.0,1134.0,1509.0,1227.0,1.9516308697595492,5.458596916199978,184.98350293459666
775.0,1824.0,1462.0,370.0,128.0,605.0,4.56365822336316,-1.2228624583212107,172.54752431353913
1226.0,762.0,1596.0,1013.0,1438.0,1446.0,0.15451492902879055,4.442700803902551,184.54927532305751
1090.0,1311.0,1323.0,1659.0,2.0,1204.0,0.2342163759128415,1.1317962255219178,179.97972384636753
1414.0,1655.0,1942.0,1275.0,1311.0,685.0,2.0012394166411474,0.9187264041257817,188.75595893658965
1971.0,829.0,827.0,1824.0,8.0,794.0,-8.005789365312447,0.6902735954069661,177.90149360918818
231.0,873.0,1612.0,969.0,1565.0,1438.0,6.773040850714909,3.8238625887055164,180.24855697076947
1568.0,1500.0,1563.0,910.0,1703.0,981.0,0.22505293016435965,-0.3152692624020377,188.480060659446
1269.0,689.0,1385.0,768.0,974.0,833.0,-1.188920150880694,3.326484646520515,176.50929037208903
363.0,112.0,260.0,827.0,1436.0,982.0,-0.6572164069665861,0.35553823349917435,166.55268851397787
280.0,565.0,997.0,983.0,1766.0,1118.0,3.546204494166691,1.714967236927348,175.40592061624278
721.0,1214.0,627.0,1612.0,619.0,871.0,0.28127910490643915,-2.771091592859672,175.20335104847103
1728.0,966.0,1175.0,353.0,1706.0,1409.0,-2.70895538210807,0.8223674880656742,183.82806770752444
1923.0,1705.0,1536.0,914.0,1524.0,1541.0,-1.2283187207588362,-0.8880987430772453,193.21752548932713
405.0,690.0,514.0,167.0,1894.0,1046.0,2.5018193078926942,-1.6539621570373333,170.26202351687914
782.0,1567.0,954.0,284.0,83.0,1994.0,3.481028674275745,-1.3025044634074545,175.10560611325587
834.0,1433.0,1750.0,1217.0,56.0,243.0,2.9851304005432215,1.6477634889501074,174.49222190796996
189.0,396.0,207.0,602.0,256.0,417.0,0.3245991737904699,-0.7273046139522314,156.67360333851357
1573.0,811.0,653.0,690.0,1385.0,512.0,-4.550045119280828,-1.5640304063754682,174.91816748297288
40.0,1915.0,293.0,1864.0,404.0,1096.0,5.183685425712554,-7.741338923931257,174.51200864424018
649.0,185.0,244.0,273.0,1721.0,1138.0,-1.3737531508310583,-0.218525652346275,167.70064387939206
1677.0,672.0,1814.0,1441.0,1412.0,1071.0,-2.872245015631357,5.770531503803091,187.5741735991799
1277.0,1782.0,1223.0,1334.0,538.0,1807.0,1.203531156204373,-1.80818002880376,187.07620763557614
1752.0,571.0,1533.0,1112.0,1149.0,1216.0,-4.128804311191167,5.060623102843689,183.6711978418542
208.0,317.0,1780.0,528.0,129.0,1642.0,5.083983856826285,8.458172371776648,169.2145605682893
69.0,1493.0,141.0,1109.0,570.0,553.0,3.627446648930367,-6.578449086396173,166.01768924970696
1030.0,1667.0,778.0,557.0,533.0,1832.0,1.7674468364999973,-3.332722809428947,178.93447195979127
247.0,1381.0,227.0,1044.0,1301.0,1788.0,3.973652382760535,-5.767010102914249,176.68688663408042
535.0,1732.0,1486.0,869.0,1495.0,296.0,6.195526396041176,-2.294389229863942,178.8754134439401
297.0,1246.0,878.0,1253.0,1074.0,1409.0,4.646458249861922,-1.640911805647924,177.68784911414303
1889.0,1819.0,1407.0,543.0,1874.0,714.0,-0.8549002958387889,-3.140579175599233,188.50919284461332
950.0,1303.0,628.0,1784.0,1749.0,1709.0,0.044933338448351116,-3.873807941844401,187.89926958896262
42.0,381.0,1887.0,1891.0,560.0,1341.0,5.669909366566384,8.626928282720955,176.96079183101193
706.0,1538.0,807.0,1528.0,385.0,710.0,1.6670140845313646,-3.3442509022326763,175.21508656561025
1380.0,1915.0,1321.0,1776.0,1202.0,533.0,0.4960014408347899,-3.6942445887996906,187.8892666524954
946.0,476.0,1551.0,981.0,756.0,1749.0,0.6854006280924525,6.476886983328357,179.13595848288873
57.0,1226.0,135.0,1565.0,1197.0,720.0,3.116025260028858,-6.097138525688587,171.06554731651778
1068.0,906.0,307.0,1967.0,249.0,993.0,-4.117601400707267,-2.4082998388871326,174.19086038247093
1446.0,914.0,848.0,176.0,1577.0,187.0,-2.395863950870976,-1.5553645481558183,172.50366906844545
308.0,211.0,553.0,1584.0,1314.0,1156.0,0.09793581346637337,1.6936653757074556,172.4665405498765
690.0,1461.0,1769.0,410.0,1698.0,280.0,5.831323870348287,0.24493581173506052,178.36147118597702
720.0,152.0,671.0,419.0,66.0,1239.0,-1.4431244039753008,3.500994317471852,162.77211720736997
1695.0,1313.0,1732.0,1610.0,1216.0,432.0,-1.8358069643177863,1.45641448499473,187.26701125365705
489.0,676.0,1097.0,906.0,684.0,1422.0,2.4828678582418475,2.7980383013806494,173.16539656778446
1958.0,66.0,80.0,1452.0,283.0,1550.0,-11.691861817800106,1.202380471122376,173.09686737357777
976.0,827.0,982.0,1403.0,978.0,1452.0,-0.6322296952857147,1.2463876592200396,180.17799190524036
1833.0,1375.0,675.0,1710.0,1117.0,56.0,-5.849710781176128,-4.467013333128434,180.6207033348289
794.0,1868.0,934.0,1104.0,642.0,1859.0,3.820401907835052,-3.8028122333121006,183.02983858120834
701.0,1466.0,1793.0,243.0,993.0,1019.0,6.00401082669905,1.614238704596723,177.88709395881796
1235.0,423.0,18.0,799.0,1388.0,517.0,-5.6839992675984075,-2.798491546077383,168.40315207188868
650.0,1958.0,6.0,26.0,120.0,191.0,1.794543805634811,-8.39260125900541,160.8000147048094
120.0,1703.0,1727.0,889.0,1963.0,205.0,9.532376787976418,-1.4448168442007627,179.593895879613
1722.0,345.0,1173.0,12.0,1956.0,539.0,-4.2173841987198255,2.82468342780861,175.478518040076
1571.0,1825.0,608.0,637.0,0.0,441.0,-2.291417855223221,-5.1393220829161415,172.06586564893377
107.0,1707.0,1934.0,1933.0,1319.0,1365.0,10.256543137183707,1.2878793643751647,188.69920989304762
225.0,1099.0,1530.0,1902.0,672.0,1967.0,6.298489535491389,3.518919667796635,183.91613690562627
1629.0,1661.0,658.0,702.0,1390.0,975.0,-2.2621911937932153,-5.474417858548604,182.05351959098795
1741.0,777.0,906.0,1768.0,57.0,270.0,-6.653588890168624,0.8111359594980881,174.2035884112023
1095.0,188.0,1322.0,753.0,1799.0,1880.0,-1.0223233413174526,6.2610914098099375,182.13288272307625
1935.0,873.0,1615.0,194.0,1756.0,945.0,-2.8336344391020245,3.0193967071217536,183.6733028240905
1727.0,1375.0,1899.0,438.0,1249.0,502.0,-0.053224066743415566,1.8775612008900178,183.1136267643513
686.0,568.0,1579.0,1042.0,1125.0,1160.0,2.412584125076631,5.247882931653533,177.65635337578559
79.0,1397.0,327.0,1009.0,1833.0,6.0,4.443222029202616,-6.994768935595367,169.60627694750445
911.0,1403.0,776.0,1051.0,52.0,1053.0,0.4849812202701712,-2.1452800576165068,173.05255739864296
1110.0,381.0,538.0,812.0,1186.0,431.0,-3.6992632016180087,0.09734480016365876,168.94879795800026
522.0,500.0,1498.0,420.0,1907.0,631.0,3.660039696449939,3.910003330699179,174.1039156657426
343.0,1797.0,1579.0,413.0,221.0,836.0,7.336764117529523,-0.4630381083862732,172.4967512812971
1750.0,1543.0,1152.0,999.0,1634.0,549.0,-2.2861874689428014,-2.9729726377552135,185.31089858802986
1993.0,836.0,1311.0,171.0,1355.0,529.0,-4.317531610256455,1.5495791689384313,177.86443837051002
286.0,1978.0,1333.0,29.0,494.0,754.0,7.8724699371517435,-2.727904213558619,170.77497084100347
1458.0,180.0,1104.0,1394.0,154.0,1763.0,-5.294839608507685,6.187046785723651,176.8802636669252
1746.0,1379.0,0.0,1649.0,1191.0,1037.0,-7.00684835344229,-7.433590266853113,181.65130252761102
1691.0,1028.0,1369.0,95.0,1428.0,1186.0,-1.5930121288529175,1.4881266433922007,181.05399358498792
1616.0,1156.0,118.0,656.0,1319.0,290.0,-5.341445883495996,-5.9647570161109496,172.26681428642732
1490.0,504.0,1691.0,1379.0,341.0,153.0,-3.3240704486516064,5.481828417416979,174.45608488680963
1479.0,684.0,1092.0,1750.0,1334.0,397.0,-4.462199034331483,1.2865113953632688,180.65629757300553
1337.0,1803.0,479.0,1074.0,478.0,26.0,-1.906841987870099,-6.597584625902718,172.56521015436127
1353.0,488.0,435.0,1519.0,766.0,1127.0,-5.925476610316643,0.04816108054748022,175.1987864051938
1587.0,1711.0,212.0,1657.0,1563.0,573.0,-4.412827159174571,-8.781971085220835,183.2228191448564
1578.0,1420.0,706.0,1893.0,1824.0,1523.0,-3.605195788725038,-4.3256627629548206,192.06079727967372
802.0,1592.0,1830.0,1685.0,1604.0,1625.0,5.796243841781796,1.3495984334861053,193.04627532538964
1642.0,1964.0,661.0,1482.0,1821.0,1365.0,-1.984712903250869,-7.59763450394854,191.86602775154333
1994.0,1857.0,393.0,1256.0,1663.0,1566.0,-5.1087874733907075,-8.080793364052035,190.6566426189215
605.0,74.0,292.0,661.0,1977.0,416.0,-1.929374237972005,-0.28175012040144753,166.7217670739695
1580.0,335.0,210.0,1407.0,1387.0,854.0,-8.203407175907838,-1.1314138258421922,175.47547784280482
699.0,621.0,148.0,155.0,1431.0,785.0,-0.7985562476994881,-2.896659963869039,165.75513609730152
1014.0,1427.0,1772.0,1327.0,1323.0,1577.0,3.783766106035202,2.0932687016194342,189.51405023927367
294.0,122.0,816.0,1536.0,1042.0,554.0,0.2714328234975898,3.111676330637154,168.47842425567725
918.0,620.0,185.0,1143.0,1656.0,236.0,-3.22751059451643,-3.4774100836378397,170.42651801265188
1102.0,911.0,417.0,1850.0,481.0,1223.0,-3.6706962787528807,-1.9183854874400224,176.79440356486896
1775.0,883.0,423.0,1726.0,1881.0,434.0,-7.50655745168642,-3.7478027811702526,182.40158760104293
459.0,1421.0,1065.0,872.0,313.0,1104.0,4.2493263815481335,-1.0301966433317633,172.92658791840054
163.0,748.0,1467.0,1509.0,1145.0,1872.0,5.976036166780986,4.590221466732546,181.38789765599296
314.0,1482.0,1268.0,1279.0,1968.0,1361.0,7.139996021605315,-1.72042178139227,185.36985417225978
1297.0,699.0,1602.0,1561.0,439.0,420.0,-1.9976851330375753,4.420135765340216,176.93426364865272
1147.0,1734.0,231.0,456.0,926.0,1879.0,-0.00034528589757176764,-6.8689933789662465,178.64505616750893
995.0,454.0,1805.0,1593.0,581.0,1776.0,0.3987014567520297,8.252605514735855,182.85116201003635
1825.0,1112.0,1319.0,1516.0,1794.0,158.0,-4.214803781055382,-0.381627890558501,185.75727615701965
1489.0,93.0,1194.0,239.0,271.0,253.0,-4.328748261724893,4.892344587273294,164.03325235904063
332.0,14.0,735.0,1653.0,1392.0,276.0,-0.5904378221279115,2.726671890221795,168.66253745283612
251.0,739.0,312.0,1555.0,1772.0,1279.0,1.7171694879596993,-2.7953707881487455,176.46848699925653
728.0,1271.0,693.0,310.0,1013.0,1568.0,2.4907028132019775,-2.420584773885274,174.75187528864802
1280.0,1320.0,1261.0,736.0,1795.0,1797.0,1.1590124246142641,-0.31912102901685896,188.27344436399295
771.0,104.0,1999.0,716.0,1838.0,693.0,2.225973364597582,8.686926538565306,177.17989727516976
931.0,942.0,576.0,917.0,1297.0,179.0,-1.159973223218168,-2.796075608380206,170.94307063951834
613.0,1702.0,182.0,1890.0,1404.0,1064.0,1.3853613038944967,-8.556547943859211,181.0403565648162
1471.0,1664.0,1141.0,806.0,1628.0,1824.0,0.5205148658686756,-2.658967971570591,190.03378817102453
242.0,1685.0,1970.0,907.0,92.0,414.0,7.79875579287628,1.6070384214646787,173.06248118045767
764.0,1330.0,1534.0,942.0,1064.0,689.0,3.7833464669607326,0.6829799579171519,178.58811864344798
1776.0,1742.0,1671.0,1680.0,513.0,1526.0,-1.1041957636242525,0.5301065781248464,191.98583175410118
1762.0,989.0,928.0,303.0,401.0,761.0,-4.0338559098373326,0.03796390045288556,172.48099200854813
1684.0,781.0,158.0,1699.0,1537.0,1075.0,-8.001111949404056,-3.787341288418743,181.4373486428387
726.0,1993.0,683.0,1753.0,1503.0,497.0,2.944153433283614,-7.794665740012175,182.58656385866598
1777.0,916.0,1305.0,1882.0,1797.0,750.0,-4.829901458451706,1.1892663516565745,189.3890877950589
1247.0,1755.0,189.0,902.0,1894.0,125.0,-1.4866393118130274,-9.45326360384355,177.04048692187422
252.0,376.0,753.0,1249.0,1930.0,1359.0,2.391407386001886,1.561206768270828,176.53191270129278
1401.0,1975.0,508.0,1518.0,457.0,1937.0,-1.3093695000287742,-6.475617058445537,186.01820619045156
1337.0,1149.0,680.0,1762.0,474.0,1213.0,-3.481934642991267,-1.777202689034084,180.06764179678214
1613.0,1289.0,1617.0,1539.0,410.0,1611.0,-1.5105629211929572,2.7867345865163955,187.65562980973698
1040.0,1578.0,661.0,1279.0,769.0,1013.0,0.0665371294385087,-4.449961266968476,178.649269128482
1423.0,1012.0,1199.0,1401.0,303.0,1767.0,-2.2844228109281244,2.278851339261592,182.6114332482715
1185.0,1978.0,263.0,996.0,848.0,432.0,-0.729721071464007,-8.708470464354964,175.04118397664288
1419.0,760.0,1500.0,1827.0,1231.0,1388.0,-2.358808140376135,4.185907328485386,187.8605690561894
1221.0,837.0,710.0,215.0,738.0,1886.0,-1.471401894076228,0.38408399790429815,174.9011614345579
1209.0,393.0,1588.0,1360.0,1438.0,247.0,-1.815775958496094,5.010414229563434,178.03293490327772
1650.0,1286.0,336.0,653.0,1107.0,482.0,-4.561915864819713,-5.175701509732875,174.22355260361567
151.0,652.0,1476.0,1371.0,453.0,409.0,4.154539732368374,3.965860072740896,169.11097845674715
57.0,884.0,23.0,1208.0,23.0,1855.0,2.056730676626968,-2.7564205719025083,166.79748220993622
1452.0,808.0,500.0,1907.0,1058.0,1401.0,-5.713746208957926,-1.3694409879128056,182.63650413494713
455.0,1864.0,344.0,1011.0,1660.0,594.0,3.9610217071411022,-8.743796619104522,176.13374855970295
1860.0,49.0,773.0,1160.0,1125.0,1149.0,-8.680611588999795,3.7674142470328675,177.14482768388194
560.0,786.0,1200.0,1154.0,1191.0,881.0,2.4473335316497318,1.8500265655630148,175.77157486669878
1728.0,152.0,902.0,1442.0,1171.0,245.0,-7.719663825105918,2.938745314542325,174.75257158326227
1451.0,1181.0,1486.0,53.0,685.0,1052.0,0.1971911664493865,1.7763407594754383,176.48747687770646
1031.0,1910.0,1209.0,578.0,1882.0,897.0,3.988621333800146,-4.5001398696760955,184.5662898045341
1777.0,1877.0,451.0,383.0,604.0,1477.0,-2.804050922089354,-6.235486580610802,179.66450583859103
1916.0,1216.0,1500.0,635.0,1536.0,579.0,-2.7911544925826393,0.5673445645506294,184.07545429270996
330.0,309.0,774.0,1679.0,1599.0,532.0,0.6612944412691204,1.5107594511980214,172.940004110892
1010.0,693.0,482.0,427.0,217.0,317.0,-2.372052876480895,-0.8649273269643127,162.2164139257555
1107.0,1330.0,140.0,1899.0,1028.0,1288.0,-3.0832110213638226,-6.190248521899029,180.8433402508751
1352.0,1961.0,193.0,658.0,1077.0,1708.0,-0.8868176882809582,-8.593112332782995,181.5030024150077
906.0,908.0,1399.0,1090.0,1521.0,1452.0,1.9431469740947704,2.5729964251579336,183.5374809906446
1735.0,1666.0,1811.0,1128.0,834.0,697.0,-0.35432896402624414,0.600512332459618,186.6605197586558
546.0,1255.0,1446.0,1960.0,463.0,1392.0,3.8546911085591913,1.8399661095600355,182.35186520765558
1124.0,1160.0,1582.0,287.0,181.0,1013.0,1.6498769894438206,2.711445068177269,173.55373921342695
101.0,1742.0,109.0,1570.0,324.0,1579.0,4.301018463546243,-7.350527838152884,173.62170859302054
1346.0,874.0,231.0,1682.0,773.0,237.0,-5.7764146505145035,-3.6809572441902603,172.2836092898313
733.0,318.0,425.0,1086.0,334.0,1205.0,-2.4032693685541258,1.3107990651474035,167.13165704124728
433.0,811.0,887.0,1682.0,1223.0,233.0,1.4739483757753014,-0.49456448470980435,173.16829967772412
1279.0,1574.0,466.0,931.0,135.0,465.0,-2.048506364325333,-4.880808135697343,170.888433012278
1333.0,503.0,1733.0,41.0,366.0,147.0,-0.8711022452362651,5.2230095688946845,167.13276755061054
184.0,1512.0,1583.0,1241.0,1210.0,125.0,7.199448926595232,-0.6174689294414528,175.94248290086898
1975.0,923.0,352.0,396.0,399.0,436.0,-7.053771185218499,-2.583023288230054,168.82823642119484
487.0,1948.0,1853.0,373.0,1960.0,300.0,8.863382292719685,-1.9489257795768216,181.25450009304328
1627.0,569.0,1094.0,1976.0,1357.0,388.0,-5.970644474361029,1.8989749188516507,181.9775335858272
376.0,167.0,1858.0,435.0,1534.0,776.0,4.408076880245663,7.756096884380894,172.14415050128034
1413.0,1850.0,1625.0,1574.0,202.0,1832.0,1.3908675077042048,0.27316755577263185,189.82630909066063
1641.0,328.0,752.0,11.0,583.0,777.0,-5.1913764129481565,2.135188504047461,166.95093149568785
160.0,829.0,20.0,564.0,723.0,209.0,1.3234453347180142,-4.233510636911492,158.82629423638926
916.0,1155.0,299.0,1389.0,533.0,1025.0,-1.7339104191256376,-3.8912645490299624,173.36251474564781
1232.0,1218.0,562.0,1894.0,1847.0,520.0,-2.869142998329939,-4.734114599654405,183.3806928921928
1353.0,1022.0,389.0,1037.0,620.0,353.0,-4.15879096328759,-3.2784538177236344,170.5030015197064
1187.0,1831.0,1664.0,1701.0,1819.0,1156.0,3.3597350502945127,-1.5167045892712125,194.27516300975626
1514.0,322.0,77.0,455.0,1249.0,1412.0,-6.833594234411851,-1.1031839664176069,171.71586921911936
1858.0,1161.0,1814.0,523.0,1831.0,377.0,-1.541837403250189,1.9699475785186689,184.9984748659583
597.0,1336.0,481.0,701.0,401.0,654.0,1.52438742471671,-3.823277441895604,167.4489216359908
1582.0,20.0,107.0,1365.0,765.0,326.0,-9.44716314579125,0.03451974697215732,167.02073827808462
1066.0,1828.0,1762.0,1374.0,1152.0,1791.0,4.673232820321353,0.21299049268640752,192.2462377563089
610.0,254.0,525.0,1383.0,386.0,716.0,-2.1154517243025026,1.6327435479638939,165.9577467759026
1095.0,615.0,1032.0,1371.0,296.0,294.0,-2.6119742282325813,1.9967170466947106,170.21000923393655
1352.0,1398.0,1144.0,635.0,350.0,459.0,-0.6736415858917192,-1.0851092420912518,173.56887207669268
490.0,1346.0,1363.0,1984.0,207.0,1839.0,4.353313222493837,1.5436115536325963,183.1691652962629
460.0,57.0,302.0,1606.0,950.0,418.0,-2.5927896250136273,0.7668323544250615,165.53181836306118
943.0,1155.0,649.0,567.0,1013.0,1362.0,0.400971889609412,-2.2493199924138536,175.35372837527586
1471.0,270.0,341.0,188.0,1530.0,817.0,-5.635978982402445,-0.2855499689744551,169.65052252983844
479.0,1705.0,1742.0,1510.0,516.0,1940.0,7.362660200971691,1.4676294130239405,186.45550894234648
1462.0,334.0,1729.0,181.0,1985.0,131.0,-1.523129589115586,5.1529674403263,175.8399806480896
1345.0,1537.0,413.0,1747.0,1715.0,1531.0,-2.5249041410709303,-6.470205107772349,188.5941766954055
746.0,1626.0,1026.0,314.0,1130.0,1019.0,4.083855979332678,-3.054632599474566,176.12789855015825
1803.0,228.0,1084.0,1857.0,1444.0,1935.0,-7.677923405211974,5.289721024833352,188.7382964694818
554.0,956.0,951.0,339.0,1240.0,921.0,3.0443407401292824,-0.30984324220660847,171.5658889421697
1076.0,1411.0,1110.0,195.0,1777.0,851.0,2.223080107647824,-2.3386903735208486,179.06681871548298
122.0,1479.0,506.0,364.0,383.0,688.0,4.842864260878757,-4.243479061734702,164.06303294855266
1746.0,990.0,1701.0,897.0,669.0,1850.0,-2.023735467789538,4.740598347759704,186.40854755190992
683.0,998.0,1987.0,539.0,54.0,78.0,3.657772052406142,4.408539482431166,168.21807748674465
1588.0,592.0,624.0,1840.0,623.0,1404.0,-6.85161611596028,0.8670986773782161,180.20068316549515
276.0,1025.0,374.0,1711.0,1939.0,1790.0,2.964414870081852,-3.8685515017615986,182.65085951947106
624.0,511.0,1525.0,1424.0,601.0,393.0,1.2790322525653375,4.796352346890148,172.0815940583423
1056.0,1781.0,1233.0,656.0,1631.0,1125.0,3.4452000780412253,-3.2935180449505825,184.523270054161
1512.0,1742.0,1252.0,1111.0,305.0,1815.0,-0.141560842142474,-1.1715435562208005,185.92317092328182
560.0,1202.0,835.0,185.0,108.0,1027.0,2.840239706763782,-0.8740314393057187,166.16782291601962
1655.0,1206.0,248.0,1151.0,1196.0,1909.0,-5.380539812334123,-4.543442550151953,183.7972877929113
903.0,1094.0,676.0,134.0,682.0,174.0,0.20946612954885174,-2.3483657130547018,164.88616670078204
1280.0,166.0,1352.0,1212.0,730.0,184.0,-3.684328144989748,5.239654522890483,171.19705448853796
1685.0,1832.0,1896.0,289.0,912.0,936.0,1.6568408530889525,0.3314618783237287,184.9824976855183
1783.0,604.0,621.0,511.0,673.0,1553.0,-6.1320342129222185,0.8710785496856847,175.45641298439352
824.0,1950.0,671.0,480.0,405.0,189.0,2.3631399691562067,-6.004070329957865,169.10558148089734
788.0,1897.0,9.0,1770.0,120.0,641.0,-0.4913979946975293,-8.838555743121292,172.52366607942614
93.0,831.0,1907.0,1829.0,1147.0,769.0,6.853651437549608,5.323623466468071,179.57761224374235
905.0,1924.0,497.0,1047.0,425.0,1610.0,1.764916136985948,-6.204167711920029,178.86599924252323
595.0,1222.0,822.0,971.0,290.0,1062.0,2.108129432738167,-1.2671314876951312,171.5907903797178
989.0,1528.0,312.0,895.0,318.0,488.0,-0.883960736987089,-5.583575574362255,169.22014040319777
121.0,459.0,248.0,1665.0,1076.0,146.0,0.26900151377070014,-1.8942036241856721,165.12981928022583
564.0,695.0,241.0,1695.0,565.0,155.0,-1.9195213036087624,-2.5971293744437145,166.12288753867523
224.0,1006.0,731.0,609.0,107.0,754.0,3.2835827442569374,-0.7028448089928007,163.65440396252706
166.0,1505.0,556.0,32.0,1265.0,367.0,5.497857271780878,-5.260038776841586,165.748951875709
1761.0,1779.0,1408.0,1813.0,1806.0,399.0,-1.7663455382514313,-3.2395339685866666,192.2056346528269
1412.0,139.0,663.0,640.0,780.0,260.0,-5.622490613424009,2.0029162738424118,165.91462520490336
1062.0,1906.0,528.0,959.0,1135.0,161.0,0.5488999731923403,-7.567058137414427,175.381675430219
1354.0,1651.0,959.0,864.0,1918.0,246.0,-0.0629182107216846,-5.004157339263751,181.9404837014962
40.0,1131.0,822.0,726.0,1238.0,1207.0,6.044514166925737,-1.6083937676146445,172.47319108883732
1447.0,1603.0,560.0,1886.0,1129.0,1048.0,-3.084133771327986,-5.660095574103759,185.42317793864362
1730.0,161.0,483.0,1217.0,1848.0,631.0,-8.509793293749615,0.6031384260203487,176.96846677875868
1471.0,1817.0,535.0,690.0,1197.0,1969.0,-0.8850573163548292,-6.1066074783266835,185.45367095754622
1926.0,376.0,1794.0,1408.0,600.0,17.0,-5.786301710866296,6.274277811951403,177.18861886793093
248.0,165.0,196.0,482.0,1858.0,970.0,0.5581440268357964,-0.6325092064198817,166.20677761306894
1452.0,744.0,979.0,1438.0,113.0,1798.0,-4.018345327966421,2.7151919179952033,179.52661441529307
556.0,1300.0,1357.0,1373.0,1745.0,1289.0,5.015425229826491,-0.09695321019343761,185.24403778701532
745.0,1518.0,579.0,1535.0,1168.0,1476.0,1.670188634020934,-4.78914464132893,182.1466639240873
931.0,838.0,1372.0,1452.0,109.0,663.0,-0.12145517173472675,3.0920146300362132,173.63246618501057
1998.0,1812.0,1480.0,538.0,186.0,543.0,-2.051624917406895,-1.2099963290773201,179.8422449761036
1988.0,315.0,796.0,1879.0,334.0,431.0,-9.731007876295044,2.4683055735057247,175.08088815114573
1558.0,77.0,941.0,94.0,998.0,1094.0,-4.886798212214922,4.2720069826795175,170.35182531290477
1118.0,1018.0,640.0,1801.0,754.0,173.0,-3.0450850231934607,-2.407576940200689,174.30566846295704
1796.0,412.0,739.0,1948.0,1461.0,833.0,-8.433382301371363,1.2040382708501471,182.76545238987373
1000.0,724.0,1812.0,400.0,1479.0,1260.0,2.580338733201807,5.360478689858069,180.2800302336434
1792.0,1293.0,1228.0,1588.0,1469.0,585.0,-3.80021044502341,-1.1309618474694765,186.99863102544833
1918.0,1007.0,369.0,925.0,1975.0,1555.0,-6.886109596807213,-3.8578737864275565,185.7146287017292
1364.0,1379.0,1642.0,961.0,1199.0,1115.0,1.0743552773827325,1.2802887934641092,185.56126780031968
1769.0,1394.0,1141.0,1069.0,1247.0,1166.0,-2.8738897042573375,-1.3901534765040997,186.17555487541713
1624.0,776.0,1457.0,146.0,435.0,727.0,-2.2547433953627105,3.403530685495195,172.5844038817208
45.0,1781.0,1267.0,749.0,1483.0,1711.0,9.93987671377753,-2.5245034426109783,181.81283184267522
1824.0,840.0,1343.0,569.0,1772.0,1988.0,-3.2458505822074533,2.925985092631298,188.93114466045918
284.0,415.0,1974.0,1571.0,664.0,1229.0,4.800796323643997,8.57967771880429,177.20151627362037
1297.0,1613.0,846.0,142.0,1084.0,1415.0,0.7537559874326669,-3.5217211980060563,178.9489989301226
562.0,859.0,1742.0,1668.0,1301.0,1977.0,4.741559627343543,5.545355163904829,187.63734817278083
1265.0,894.0,1454.0,652.0,14.0,931.0,-0.6784623815816708,3.4480980289866725,172.83229997778477
1784.0,959.0,1056.0,849.0,1138.0,110.0,-4.560220072349198,-0.45029343255594206,176.32671081447037
576.0,587.0,1789.0,639.0,551.0,1933.0,4.218987838901125,7.352475649958013,176.97065879714816
1103.0,1200.0,100.0,1449.0,272.0,1123.0,-3.404197757676471,-4.769093114242793,172.9013722212365
458.0,1152.0,621.0,235.0,752.0,700.0,2.8416140332437365,-2.5518354591959516,166.15548507273252
208.0,1243.0,488.0,1274.0,312.0,1514.0,3.4997714983622776,-2.7772105159423415,171.9006068351381
750.0,644.0,470.0,1371.0,897.0,171.0,-1.9605163573156674,-1.505167212282947,168.1714390440967
477.0,1856.0,1237.0,454.0,281.0,1113.0,6.121086569227704,-2.1986139050671407,173.74434728935142
468.0,1914.0,161.0,309.0,1378.0,1569.0,4.567845712827149,-8.806654383661765,175.42119929869432
1773.0,992.0,1787.0,1814.0,1396.0,143.0,-3.3630590106867384,2.991394854562608,186.68080171481233
1393.0,893.0,475.0,1887.0,344.0,766.0,-5.5200771097846415,-1.7418015807304097,175.52674330896627
1363.0,708.0,757.0,714.0,1897.0,59.0,-3.35624861685845,-1.3927976021513822,174.26997665384098
1269.0,1783.0,212.0,763.0,1444.0,1711.0,-0.8245403734360799,-8.105334437799193,182.75992936739533
1523.0,926.0,1655.0,505.0,823.0,1336.0,-0.7446837574530392,4.091188462676637,180.8631321815317
1692.0,1398.0,0.0,1397.0,994.0,414.0,-6.446793201104528,-7.50659201487346,175.92464111012987
1089.0,1362.0,1611.0,539.0,1430.0,1063.0,3.0642179825962303,0.9380839298719208,182.58365064637218
298.0,1281.0,1011.0,1947.0,64.0,608.0,3.2097931399953223,-0.8574103453648714,172.7828940291515
998.0,1686.0,1262.0,123.0,16.0,1995.0,3.5635909144606055,-0.2913687346389868,177.24955417430863
1939.0,694.0,1314.0,445.0,153.0,601.0,-5.0139692131003395,3.2397935452708824,172.37915548907182
694.0,773.0,1231.0,1589.0,1495.0,406.0,1.1948655918223898,1.414159736111287,177.92042324254945
509.0,1274.0,1877.0,790.0,1916.0,824.0,7.0115580382903815,2.1654114817386896,182.84462691763252
1093.0,1802.0,1824.0,1977.0,201.0,24.0,2.123564241063818,-0.05053321379986088,181.64535039521164
687.0,537.0,433.0,1609.0,496.0,1747.0,-1.7407052161276069,0.564493301224966,174.40984467110633
1211.0,1852.0,906.0,215.0,1727.0,986.0,2.1552020333616437,-5.436957184848523,181.41225467177267
1660.0,1695.0,543.0,1807.0,950.0,1055.0,-4.13237742169976,-5.995506996698014,185.55425809925643
1660.0,464.0,1150.0,918.0,188.0,1807.0,-4.882702945890429,4.901277720185604,177.66589744698103
1465.0,1679.0,878.0,760.0,406.0,309.0,-1.4193059032880417,-3.819364378355421,174.3031566150214
234.0,1187.0,137.0,286.0,88.0,1305.0,2.7520308495769714,-3.8613275989495,162.56661063023284
1521.0,1646.0,1109.0,804.0,976.0,462.0,-0.8948363810982235,-3.0752487485788595,179.61565759283155
729.0,1845.0,1189.0,1862.0,1225.0,1638.0,4.596835983803267,-3.265266903802477,189.695528671571
90.0,675.0,228.0,1456.0,1733.0,1352.0,2.3832712918970813,-2.7973183243277333,174.5246146928879
1557.0,1028.0,1969.0,1871.0,927.0,802.0,-1.3917091410247797,4.81446137653602,187.97618480764496
721.0,946.0,1544.0,252.0,1029.0,1413.0,4.017204555748742,3.325584709534388,176.33881127497628
32.0,1095.0,1397.0,455.0,699.0,81.0,6.362934673333962,0.8325222287801786,165.17818368334852
804.0,1726.0,609.0,930.0,1567.0,352.0,2.1390190912052542,-6.696508384125558,176.65099720873135
849.0,1747.0,1765.0,1286.0,1398.0,1543.0,5.851045595232204,0.22703213306271264,190.20319514921985
367.0,584.0,1676.0,1846.0,1709.0,659.0,4.073113631267378,4.956858341045541,181.11178462528085
462.0,1618.0,879.0,1750.0,181.0,1852.0,4.043929268923044,-2.4162594331081437,180.65517457149397
1501.0,1859.0,812.0,1056.0,1391.0,139.0,-1.2467283366471649,-6.304651842821151,180.66490574518215
1716.0,1003.0,1348.0,740.0,1272.0,1012.0,-2.757373215569902,1.5211815053198927,182.58001519856464
952.0,682.0,1693.0,433.0,270.0,694.0,1.3111596410195516,5.065823361598211,170.2485290519471
1796.0,176.0,1232.0,1805.0,1090.0,1525.0,-7.375867203803147,6.13588108662795,184.93627551014885
938.0,1511.0,1495.0,1556.0,1763.0,715.0,3.167878931424134,-1.0219615639454553,187.1411234431336
1595.0,704.0,189.0,222.0,1789.0,1084.0,-5.5022351557112295,-3.2511776369526206,174.58709954862647
550.0,1476.0,1715.0,483.0,576.0,1939.0,6.908368837556166,2.4250859110991594,180.4886398097596
862.0,574.0,1124.0,214.0,1236.0,1235.0,0.9786098045417685,2.7438229106648278,173.0275945877956
94.0,602.0,1416.0,953.0,991.0,488.0,4.971921333976823,3.5504841301171948,169.2716223642825
1187.0,125.0,0.0,1138.0,168.0,1673.0,-6.792935803373946,0.7101160568474039,167.88281913729352
329.0,746.0,1909.0,871.0,847.0,204.0,5.144334022272879,4.973968979103594,171.05475973977423
151.0,1987.0,956.0,461.0,1018.0,979.0,8.036516903934759,-5.093519176695948,174.19356032154298
1887.0,471.0,991.0,519.0,1147.0,1642.0,-5.97144073108183,3.1202568329286375,180.13823541942787
1365.0,990.0,769.0,99.0,116.0,1456.0,-1.9356469944081633,0.15316970655778261,170.70708800476694
1436.0,1024.0,1321.0,1849.0,584.0,253.0,-2.9902817499969814,1.1865882180233391,179.3036892696918
339.0,1297.0,1418.0,1248.0,236.0,402.0,4.650514065494872,0.7253890783218284,171.3787351300467
317.0,9.0,541.0,266.0,797.0,76.0,-0.04569067202397853,1.787669009496255,156.3353631766792
1645.0,1623.0,833.0,1988.0,705.0,1918.0,-3.350321559778769,-3.270768770305991,190.86644734516156
1544.0,81.0,1271.0,1869.0,647.0,1021.0,-6.281541837584849,6.52492579595601,178.79264377785373
1717.0,1482.0,1845.0,1847.0,1013.0,765.0,-1.3123348793098355,1.68322982239831,190.74193828613787
967.0,115.0,1839.0,1038.0,1180.0,382.0,-0.20810767012941317,7.825899247203896,174.18617592348215
375.0,1000.0,1957.0,1842.0,460.0,466.0,4.952374002584213,4.791344065750947,177.21848374242163
583.0,1650.0,1455.0,860.0,360.0,940.0,5.204969622478348,-0.4256654252363302,176.05899285083484
1386.0,1294.0,893.0,162.0,174.0,603.0,-1.29195222146164,-1.4279031314322428,169.28563765476005
614.0,973.0,1513.0,696.0,23.0,1706.0,3.740865789312068,4.152501964521466,174.32364337563038
1399.0,1910.0,1663.0,1306.0,1266.0,888.0,2.091436910726985,-1.6232758209825326,189.52573284438333
70.0,1393.0,893.0,540.0,1855.0,218.0,6.649985592781597,-3.93632075779648,171.29883469646424
1340.0,715.0,1964.0,1194.0,1087.0,1583.0,0.14258440357933944,7.0652819331670464,186.4758933916762
248.0,999.0,28.0,865.0,940.0,1653.0,2.0387803124764674,-4.409222774365269,170.31968172687846
1902.0,1826.0,492.0,55.0,18.0,1696.0,-3.23480864477376,-4.8177697612827535,176.68681460362353
314.0,350.0,967.0,566.0,1397.0,1640.0,3.0657371413435466,3.4482488842764765,172.9106897395023
980.0,84.0,324.0,497.0,1485.0,1102.0,-3.7458103468813886,0.8811603037725624,169.00971240207286
633.0,1417.0,1675.0,1324.0,590.0,970.0,4.752498647193904,1.6403305829648445,180.00419136804766
1966.0,1695.0,496.0,879.0,504.0,643.0,-5.138450109000885,-5.628483393598762,177.62467488942704
1749.0,912.0,1480.0,182.0,1892.0,647.0,-2.0730413288637894,1.7299479025499185,181.35530099525428
1881.0,700.0,401.0,1617.0,867.0,20.0,-8.76616375964568,-2.2262175864042946,173.85895890790374
1481.0,348.0,1277.0,882.0,1293.0,1418.0,-3.5487675689997515,4.971337945940705,180.41781964128052
166.0,1035.0,1402.0,954.0,991.0,1853.0,6.901523864464869,2.708573658588671,178.77810248962655
139.0,1475.0,829.0,534.0,1393.0,1412.0,6.926289879326045,-3.3132721774507514,175.5536596259485
1304.0,459.0,190.0,1692.0,1941.0,444.0,-6.573197176865881,-2.7759303678699414,176.85494970460385
1322.0,1589.0,619.0,1448.0,1197.0,428.0,-1.9366658676394854,-5.623348704878313,179.9108744366397
1516.0,883.0,70.0,1378.0,254.0,1354.0,-6.664780493380925,-3.1312488424286826,173.8706036378896
1207.0,1605.0,50.0,239.0,1693.0,1687.0,-0.7972273743947551,-8.134331988743664,179.09487593994186
937.0,951.0,1630.0,1469.0,1278.0,1400.0,2.064578625136706,3.7669502045176784,185.5116481554804
1747.0,985.0,440.0,555.0,369.0,684.0,-5.632131710077412,-2.2743365583534247,170.48795908150777
1687.0,533.0,8.0,213.0,1903.0,975.0,-7.0550068538969555,-3.4967206382306353,173.10593432320672
75.0,1295.0,1812.0,1921.0,641.0,700.0,7.472905757327596,2.705866797961505,178.9304107439441
1683.0,683.0,402.0,793.0,976.0,1256.0,-6.349835081704102,-1.1755911615166663,175.71026060591421
1071.0,1150.0,400.0,1846.0,1454.0,348.0,-2.7660189330295233,-4.920361496567551,178.18320854604437
1521.0,1087.0,79.0,1675.0,276.0,1194.0,-6.493250748557677,-4.322294412983359,175.77942196203517
1074.0,1748.0,1592.0,581.0,1183.0,1795.0,4.53213947230639,-0.26852347815522504,187.0613808828908
554.0,1240.0,1688.0,1632.0,1663.0,340.0,4.860394884659275,1.1689087152468154,182.6015471147829
1514.0,161.0,354.0,944.0,1239.0,296.0,-7.323548973047348,0.10716981261675784,168.9869905336883
98.0,1509.0,103.0,1798.0,1068.0,848.0,3.4291093986511973,-7.5848164573914945,173.65825090351876
1511.0,1270.0,1993.0,1989.0,703.0,1010.0,-0.4348280326639441,4.080267719700949,189.67336266286506
19.0,179.0,512.0,1371.0,1173.0,1997.0,2.292650243501047,2.566538245012634,173.0588904807613
1343.0,163.0,447.0,1819.0,855.0,797.0,-7.247325904789002,1.4227336655381224,173.7223177555793
1948.0,1185.0,528.0,1630.0,1176.0,321.0,-7.328188884575253,-4.109651289400606,180.67319587447156
828.0,1488.0,1803.0,597.0,76.0,1159.0,4.5081075624984965,2.464886116444555,176.578387580596
909.0,858.0,554.0,200.0,233.0,12.0,-1.1076458871149373,-1.5304149944317607,160.2685086610841
865.0,801.0,461.0,531.0,1494.0,656.0,-0.787050840912535,-2.4454263568467853,170.78537267263923
1188.0,1810.0,666.0,1413.0,72.0,1807.0,-0.18968108681317375,-4.3469254973681695,181.778851198215
536.0,1007.0,1295.0,1274.0,527.0,1588.0,3.454919969090165,2.439656611616911,178.05887296143487
1948.0,1938.0,1347.0,17.0,1212.0,268.0,-0.900301296851983,-3.6001640448613803,180.6638637355704
1029.0,975.0,70.0,237.0,1513.0,276.0,-2.131584379526313,-5.450428904374091,166.955624474332
144.0,641.0,76.0,879.0,1284.0,1446.0,1.8003590182568594,-2.81691834757687,169.03224024719628
634.0,1630.0,709.0,1469.0,1394.0,1392.0,3.2679754976285613,-4.9863018531623275,183.1718054803283
10.0,586.0,1776.0,619.0,1532.0,1987.0,8.419169951126651,6.78118404768194,179.02473702036818
50.0,945.0,1154.0,14.0,1334.0,878.0,6.728306065232252,0.6075305585512312,168.3227041584219
1330.0,321.0,1992.0,483.0,1210.0,594.0,-0.5428305033361047,7.58508984355185,176.31452573379417
1908.0,1771.0,226.0,1029.0,614.0,1667.0,-5.285406802076678,-7.00398814905257,182.86251871849908
1196.0,703.0,1191.0,538.0,611.0,161.0,-1.4848627845289255,1.8511437638314505,168.6968166114327
351.0,375.0,1114.0,383.0,512.0,1027.0,2.570875494729159,3.992729886898033,165.30403275199487
1685.0,633.0,1950.0,261.0,1370.0,1182.0,-1.232207832355991,6.437749827187115,182.3328065636953
824.0,1626.0,1953.0,167.0,1254.0,1805.0,7.114599345588994,2.1666045426955782,185.0792042858262
1112.0,1819.0,997.0,1207.0,1520.0,1750.0,2.3134664640876625,-4.2948874614699,189.30564104923377
1928.0,871.0,1770.0,1517.0,1453.0,1772.0,-3.7896259187442713,5.268565996934791,193.90477611777598
1730.0,1167.0,1458.0,750.0,1690.0,1721.0,-1.614217870968015,1.5970632948012233,189.95030798616014
789.0,182.0,805.0,962.0,1266.0,1064.0,-1.549573833747242,3.0314678264945067,172.12365383723196
1997.0,1373.0,1380.0,543.0,1786.0,1416.0,-2.6914509268622044,-0.2934143365971105,189.82255982967646
1195.0,158.0,937.0,1704.0,1841.0,908.0,-4.426786262319328,3.424275334080228,180.6681648864016
1814.0,102.0,177.0,1303.0,419.0,1143.0,-10.231758668688869,1.0230917729019608,171.0457083178405
852.0,1802.0,1018.0,75.0,1497.0,1032.0,4.4210360786329455,-4.30307715213967,178.1838500544237
544.0,321.0,1888.0,509.0,181.0,37.0,2.463626495021671,6.836442124004409,163.6634985017765
893.0,1916.0,125.0,428.0,1292.0,576.0,1.2380912016552654,-9.348244121701274,172.52524895853844
637.0,1085.0,1385.0,1583.0,916.0,1472.0,3.2852688097491023,2.0990448575676233,182.48476500745562
1433.0,1943.0,1420.0,1971.0,1483.0,992.0,0.8124025961534813,-3.2991998060337164,193.67594140939292
332.0,1322.0,769.0,1815.0,1820.0,1749.0,4.681396534665699,-3.2269156575434357,186.18739552340264
1554.0,362.0,1191.0,1384.0,1947.0,1629.0,-4.612638722557738,4.360124408582434,187.4841231539399
953.0,1945.0,1666.0,728.0,540.0,672.0,4.584199432659695,-1.2168925943133446,179.4796317033357
1765.0,446.0,1807.0,1007.0,1444.0,1451.0,-3.4585511977216905,7.230651379286067,186.59688812825408
1058.0,1591.0,230.0,49.0,1169.0,109.0,-0.17642313809232107,-7.217443594935887,167.4037842618052
77.0,629.0,1079.0,1229.0,302.0,761.0,3.659062474176987,2.6065736454208994,166.9392289403777
942.0,911.0,766.0,247.0,1236.0,1433.0,0.5170901341325982,-0.5571012902393272,174.56327207533522
1047.0,1367.0,660.0,991.0,141.0,722.0,-0.7618630622489173,-2.849365680537474,171.39887701971168
1643.0,39.0,680.0,564.0,1062.0,1843.0,-6.774597006257575,4.0235495572524655,175.78016354565474
1118.0,628.0,903.0,160.0,1265.0,1915.0,-0.6322447291088662,2.000336831884093,176.85980786157853
142.0,224.0,1442.0,728.0,865.0,1209.0,4.316060094589224,6.409001237778602,169.5004171966461
322.0,303.0,1474.0,1518.0,1033.0,1511.0,3.2481865173121456,6.697152451083609,177.5537815718668
1723.0,1926.0,594.0,818.0,1102.0,337.0,-2.7002489224223463,-7.158210515516335,179.25548983580902
1763.0,425.0,72.0,919.0,170.0,1968.0,-8.714371627748365,-0.18837454090214534,173.01474982484368
648.0,131.0,328.0,827.0,694.0,1385.0,-2.2217515195558293,1.613086350114636,166.6841540685321
184.0,1805.0,828.0,673.0,906.0,1540.0,7.226391722215032,-4.408072560988799,176.2840474951633
1807.0,1978.0,110.0,968.0,971.0,752.0,-4.484545993064824,-9.470922209569503,179.44614715254448
758.0,85.0,987.0,168.0,604.0,1417.0,-0.3746586488990895,5.100789564206638,166.59221127173834
1211.0,1751.0,1169.0,1053.0,611.0,1935.0,1.733132070527432,-1.867329374087229,185.87038219344788
1647.0,900.0,925.0,1803.0,182.0,760.0,-5.611008622045543,0.6403004530319334,177.9015267224829
578.0,834.0,1461.0,1813.0,1517.0,1859.0,3.5983069199770923,3.8599845343929395,187.5217035324091
489.0,1537.0,473.0,318.0,947.0,1879.0,4.169956171242479,-4.601614913055004,174.90919841585603
1104.0,1755.0,1560.0,1485.0,1406.0,369.0,2.6728766061722817,-1.9294932625957337,185.58917001423072
669.0,1237.0,846.0,944.0,1014.0,244.0,1.7649226320376692,-2.588349000871837,171.52860454576128
93.0,708.0,1464.0,1422.0,620.0,1534.0,5.630545518607576,4.763926842859293,175.88527447600939
422.0,86.0,1545.0,698.0,1705.0,1914.0,3.6068811707280233,8.088912985962942,178.4980690573375
62.0,949.0,1101.0,1796.0,1348.0,673.0,5.076525314924495,0.20169596950768592,176.48002084197324
19.0,291.0,1189.0,311.0,705.0,1814.0,5.152445524382441,5.493043065640934,168.02266965826072
1892.0,1856.0,1923.0,1436.0,1755.0,113.0,-0.5314605097855268,-1.117625719584658,192.30433322644686
1591.0,91.0,252.0,386.0,1265.0,880.0,-7.3822265981607655,0.45055624919139836,168.76308308725197
948.0,1640.0,139.0,1642.0,811.0,490.0,-1.3633700046939672,-7.8599160993940895,174.93627683114457
226.0,329.0,1285.0,230.0,644.0,1664.0,4.264754265372561,5.630789569503456,168.31238222625797
1279.0,1919.0,666.0,1083.0,646.0,1866.0,0.2599524388020303,-5.466440495339478,184.35798279344135
691.0,708.0,1034.0,257.0,629.0,142.0,1.0768868464445085,1.0452146455912645,163.86388583173505
587.0,1816.0,161.0,1814.0,1451.0,1593.0,2.27751114375745,-9.080119487446789,183.93055696362285
1044.0,891.0,627.0,1111.0,1256.0,318.0,-1.9767325132594635,-2.1557846116558137,173.04472434107691
603.0,982.0,1329.0,343.0,1301.0,1579.0,4.405280669028479,2.0291542676023906,177.55470575520118
391.0,1070.0,134.0,1900.0,1159.0,67.0,-0.08069652684594564,-5.747826233645131,170.1558796034769
1936.0,1196.0,899.0,16.0,1793.0,679.0,-3.8044760278446415,-2.457166315776498,179.510336790608
570.0,339.0,1062.0,1742.0,29.0,1696.0,-0.12113682405324344,5.240430179216919,173.88353097536293
1891.0,1985.0,741.0,590.0,901.0,984.0,-2.6382901279925566,-6.051972233281089,182.406012297129
1521.0,938.0,1295.0,1850.0,1831.0,72.0,-3.38804858734132,0.3189086123347089,184.64749793952566
1470.0,858.0,1608.0,20.0,638.0,811.0,-0.5476311652311534,3.648691278649088,173.8358105516085
1673.0,1566.0,1996.0,409.0,615.0,141.0,0.5391027930870401,1.5452328551673726,179.04699670722238
1184.0,1033.0,1285.0,385.0,566.0,1363.0,0.45672831792336194,1.9447019923661113,176.0070647476925
1047.0,1949.0,1852.0,516.0,720.0,972.0,5.127363832800921,-0.24565246512429506,182.30930504465098
820.0,329.0,932.0,1131.0,870.0,319.0,-1.6242452439875217,2.4571001316819565,168.67862194620267
1400.0,1144.0,871.0,191.0,487.0,702.0,-1.6851338248564074,-1.0737805210969562,170.7465110703084
436.0,1135.0,214.0,257.0,1031.0,26.0,1.5501128326764588,-5.145193006946117,161.82589407275003
1418.0,1775.0,382.0,1800.0,362.0,630.0,-3.305318511477493,-6.733380098620962,178.5556979469667
1837.0,1023.0,1864.0,585.0,1806.0,1600.0,-1.2748948568423284,4.30902101479722,190.8946878438091
744.0,1268.0,381.0,1308.0,1911.0,1304.0,0.8192166350800416,-5.408912515978422,181.57958531176482
722.0,151.0,1551.0,1645.0,679.0,291.0,-0.45648762682630317,6.59904027467485,171.76557918570424
257.0,1608.0,794.0,846.0,103.0,1321.0,5.17010974502523,-2.8763202834720656,171.248667497609
597.0,1538.0,1955.0,1802.0,1237.0,1880.0,7.163601049277859,2.90457143256716,192.25560734768982
353.0,1457.0,1120.0,1329.0,938.0,483.0,4.76653012746539,-2.0929902215401377,175.1903834702587
207.0,364.0,923.0,307.0,1965.0,1188.0,3.9261289690603074,2.2122714909641767,171.4394697889139
891.0,924.0,648.0,217.0,506.0,636.0,-0.1960047953649514,-1.162379240381931,165.73561111620637
561.0,1194.0,240.0,1657.0,1133.0,734.0,0.192469047133752,-5.330713722817452,174.35460264087106
1614.0,1920.0,934.0,92.0,780.0,170.0,-0.5846337412266578,-5.020856203388904,174.30958231254496
1507.0,1800.0,215.0,593.0,622.0,906.0,-2.6051265167081503,-7.390406742253973,174.81873126143287
1230.0,945.0,736.0,756.0,1989.0,875.0,-1.6620757779000503,-2.090502798027147,179.6716928975257
1002.0,652.0,722.0,729.0,208.0,763.0,-1.9699403781062181,0.8271169519690662,167.02652222632227
180.0,1013.0,1780.0,783.0,1959.0,1128.0,8.221301941625999,3.318665621445737,180.9369600418604
1995.0,1842.0,884.0,1193.0,1966.0,286.0,-3.8512748613293804,-6.462772932423768,187.84928380685596
1037.0,6.0,1027.0,1964.0,782.0,1778.0,-3.997631760492763,6.482380919957482,179.75904846054522
1544.0,1408.0,848.0,829.0,73.0,1455.0,-2.4210752163075835,-1.5109262869690308,177.7307157464179
1400.0,739.0,888.0,882.0,943.0,1614.0,-3.109198167232966,1.3740507068822214,179.336297560355
1114.0,1111.0,117.0,831.0,417.0,1660.0,-2.69994261930967,-3.906818827431135,172.9765937544657
271.0,665.0,1770.0,1249.0,1374.0,870.0,5.54981718717254,5.292916405252958,177.7254527934124
581.0,312.0,1155.0,1794.0,1314.0,1581.0,0.6163545231708121,4.903053078045431,180.68716379707243
1204.0,747.0,352.0,680.0,1739.0,1392.0,-3.0883163284316297,-2.4016342849015064,177.49020043111935
765.0,525.0,74.0,760.0,458.0,530.0,-2.820295545070596,-2.0713487308914824,162.00873764433172
1123.0,1398.0,1561.0,23.0,1347.0,970.0,3.1855804430214825,0.4614612099714105,179.08895459841227
84.0,765.0,905.0,735.0,1169.0,1344.0,4.995854666712823,0.8761144588254398,171.70438838985837
57.0,1427.0,1160.0,109.0,1832.0,887.0,8.438813536959582,-2.179647829469798,173.81662348630488
1522.0,1017.0,99.0,1160.0,1116.0,1440.0,-5.733576553847108,-4.5391291246415095,178.55937650125304
1391.0,1642.0,375.0,1580.0,853.0,25.0,-3.3451289719875175,-6.96350677960098,175.9421751608622
1601.0,1332.0,1041.0,870.0,1475.0,1619.0,-1.8568679818152163,-1.4251726039381474,186.9736330624858
368.0,160.0,1517.0,290.0,1721.0,1975.0,4.495604557736287,7.452228231087192,176.72222815891422
76.0,582.0,1112.0,1405.0,853.0,990.0,4.076874798978665,2.8468956825155076,171.79339279544848
1507.0,308.0,1305.0,591.0,740.0,371.0,-3.851866796287148,4.372402302348073,170.72176510206089
719.0,950.0,73.0,780.0,1435.0,866.0,-0.8380441773155796,-4.976647178906948,170.77751038341793
183.0,1892.0,383.0,1813.0,1255.0,1216.0,5.359794280291476,-8.189645539845724,180.3593985312225
1490.0,51.0,1808.0,1973.0,439.0,1935.0,-4.309136601980174,10.835618876278492,185.04367254380955
887.0,1.0,889.0,396.0,1964.0,1954.0,-1.1622668897843864,4.81081076598102,177.28781230220915
870.0,293.0,1166.0,364.0,1279.0,246.0,-0.3633398103709608,3.2442892207939873,167.70988536368998
45.0,1403.0,1072.0,943.0,1092.0,981.0,7.077392658823362,-1.7773768965416834,174.32614421882028
1527.0,1004.0,1644.0,631.0,769.0,1872.0,-0.4957979893667278,4.278582754357988,184.34546866840387
317.0,977.0,1980.0,819.0,1382.0,767.0,7.038850719195164,4.516656906578515,177.87756402589764
114.0,1290.0,1646.0,1574.0,397.0,204.0,6.257329455536904,1.5513347856753297,172.72837769404111
1030.0,1688.0,605.0,852.0,1863.0,829.0,1.2109562412756163,-6.570861912227487,181.22734862008016
1482.0,483.0,1.0,1626.0,835.0,681.0,-8.19422548088246,-2.5945507914019617,171.9907925846897
918.0,189.0,1204.0,68.0,1579.0,1898.0,0.3830715984035429,5.578073429253559,176.02430999977662
829.0,1900.0,1125.0,1164.0,1630.0,1717.0,4.851319411510863,-4.16925145534915,189.01586694728942
428.0,1449.0,1561.0,1406.0,664.0,333.0,5.168321799382301,0.25405652544674884,176.0119193841663
1937.0,1964.0,236.0,1104.0,1077.0,1588.0,-4.850478185783725,-8.63716767018117,186.35171596167774
1180.0,1836.0,1232.0,1424.0,299.0,1730.0,1.703346684170002,-1.8636233379264198,185.71219444761724
1282.0,1030.0,751.0,348.0,430.0,611.0,-1.9194061248218854,-1.132634840141304,168.97245408660348
1548.0,505.0,669.0,1316.0,1910.0,170.0,-6.025944648833405,-0.7017883428837115,177.36202219775868
684.0,935.0,601.0,967.0,690.0,1324.0,0.5334454404657397,-1.1276139445389541,172.85593066307666
1952.0,1690.0,1760.0,234.0,808.0,482.0,-0.8016447881775273,0.03584983144119941,181.77440096616922
1736.0,1913.0,797.0,1192.0,981.0,283.0,-2.7417219534086774,-6.112719125392615,181.40309029731858
776.0,1548.0,1355.0,1308.0,493.0,1956.0,4.031772845524063,0.2864555317484715,184.29603904759443
122.0,176.0,315.0,220.0,1997.0,870.0,1.9755330495054466,-0.2952774683578999,165.03366474720053
980.0,1103.0,416.0,440.0,932.0,1343.0,-0.5528158795912685,-3.0667892533583117,172.87210875960915
1402.0,4.0,1117.0,457.0,97.0,1988.0,-4.1905257122586095,7.172041316210412,171.72454242696097
232.0,914.0,136.0,571.0,1083.0,1202.0,2.2935823319005797,-3.8106249189000003,167.2676089494391
49.0,404.0,532.0,1701.0,452.0,263.0,0.99590662473554,0.46096331123820367,163.51857997950947
1124.0,961.0,1601.0,465.0,1726.0,1784.0,2.296673690561236,3.4682173125455495,185.45317346252102
350.0,1292.0,1995.0,1817.0,1666.0,1189.0,7.8361078911643105,3.450960996765119,188.57214817273518
337.0,1373.0,73.0,1312.0,1347.0,1989.0,2.825477717701537,-6.594831277088019,178.96999836185307
1968.0,562.0,1585.0,1374.0,1697.0,532.0,-5.668478387698363,4.308734195208657,185.593328731818
156.0,1152.0,783.0,1230.0,1429.0,1230.0,5.08190512450487,-2.138805998929298,176.74516289510308
1709.0,1649.0,881.0,1841.0,210.0,911.0,-3.912334469312212,-3.2608291091223887,183.01866529948558
1016.0,573.0,1040.0,1251.0,1895.0,1313.0,-0.959905998065872,2.0362876612498155,182.5870411374479
1460.0,1969.0,368.0,1174.0,1843.0,1291.0,-1.4162122296199267,-9.160017905236456,187.44893857673924
554.0,790.0,1468.0,1363.0,1124.0,1714.0,3.6419982261254824,4.187719186427722,182.07685557482483
1943.0,876.0,612.0,588.0,1156.0,197.0,-6.522705831829593,-2.1182930280575274,173.47879027594237
442.0,520.0,1130.0,220.0,951.0,162.0,2.3917005337656434,2.114483848237503,163.62315776167358
775.0,1919.0,522.0,1150.0,994.0,1860.0,3.0318982315814464,-6.683205921291406,183.02149315268062
851.0,401.0,1060.0,1579.0,1976.0,1652.0,-0.5471215733299071,3.4512176407431654,184.78803072292712
6.0,1519.0,783.0,755.0,734.0,1961.0,7.463675029705879,-2.7199127842275956,175.39141163201026
120.0,280.0,1075.0,772.0,1077.0,1713.0,4.0043208926582405,4.7195891024201355,171.81366387489572
1447.0,245.0,704.0,199.0,200.0,1990.0,-4.581173313246044,3.841215656906911,170.44902932408957
215.0,1276.0,302.0,1340.0,370.0,643.0,2.384605491765496,-4.524206698483475,167.2612949024438
801.0,353.0,1511.0,1734.0,844.0,138.0,-0.5247050383459854,5.1518228606563605,173.61138658627107
716.0,560.0,965.0,532.0,1157.0,622.0,0.6318106531449188,1.502481537575338,169.49559378560053
272.0,992.0,868.0,1690.0,1875.0,416.0,3.4965103237622523,-1.9632522114948394,177.45535741351813
330.0,1696.0,865.0,1247.0,90.0,1392.0,4.960576407759925,-2.9887683418991147,174.82100927375782
702.0,439.0,1469.0,1979.0,497.0,1450.0,0.5119255083620827,6.328623813991657,179.52603419519977
1333.0,1758.0,1130.0,1709.0,1614.0,875.0,0.21277161196092464,-4.052127073344127,189.40160126640117
1388.0,836.0,566.0,1928.0,1187.0,514.0,-5.267494866123948,-2.0155268548741017,178.96632999751617
270.0,285.0,1885.0,1996.0,689.0,1593.0,4.1988502823213665,9.44414152840774,180.15503638264488
1285.0,916.0,787.0,839.0,714.0,1436.0,-2.2965869471696765,-0.00906813332445866,176.84227654263444
1156.0,1622.0,334.0,631.0,1615.0,598.0,-0.5415500853973463,-7.375455391435182,176.46067495002833
953.0,510.0,1332.0,1409.0,281.0,1653.0,-0.6461534795203776,5.467997935637822,177.51707044537935
1724.0,1717.0,1914.0,1297.0,1354.0,1754.0,0.842458249765007,1.433651780080871,196.4084580707494
558.0,1775.0,1149.0,103.0,1901.0,1681.0,7.210393953735444,-3.4794075486487737,182.6339859478521
124.0,1838.0,1327.0,1676.0,566.0,1333.0,8.03628976374631,-1.9805892154515585,181.09397629054
1221.0,1007.0,715.0,669.0,1279.0,710.0,-1.7358570742797343,-1.964321224170781,174.8932411336388
1696.0,1316.0,101.0,198.0,1660.0,1596.0,-4.439578402393096,-6.356216370159536,179.57200453573887
947.0,156.0,712.0,1796.0,482.0,225.0,-4.407803604475842,2.514532067650625,168.11795888477332
1540.0,218.0,417.0,1064.0,909.0,3.0,-7.380681388826259,0.14276303784370625,167.12244861547543
1188.0,1001.0,150.0,362.0,1859.0,161.0,-2.7969634828822456,-5.679647382589797,170.11082025221683
118.0,733.0,1175.0,249.0,274.0,64.0,4.181243346144387,1.7644198236867648,159.37687478922683
1217.0,731.0,1746.0,1813.0,1145.0,545.0,-0.8687315013751075,4.751178085017413,183.0354074793804
1933.0,1360.0,1425.0,23.0,734.0,1005.0,-2.0852928815029945,0.5503190683315956,179.43457673823684
1000.0,300.0,1767.0,1478.0,317.0,1245.0,-0.5225990382650765,8.26710651040094,177.16818580455805
981.0,1491.0,156.0,805.0,753.0,1329.0,-0.6725014134435886,-6.210516564493438,174.2826859344118
1432.0,1968.0,1604.0,1115.0,982.0,1210.0,2.0901426567899244,-1.6747111200730742,188.90257185181198
1518.0,437.0,1892.0,1184.0,1267.0,1134.0,-2.114874914949797,7.4803248251734455,184.09426134104876
452.0,131.0,1533.0,1655.0,110.0,166.0,0.5332787783243338,6.741306112609908,166.59921539981127
900.0,1488.0,1119.0,1207.0,124.0,101.0,1.0383070061183126,-1.7365935459006996,171.46471677987893
1226.0,1054.0,827.0,67.0,1546.0,325.0,-0.6837488232680229,-2.175549445089117,171.98965795117044
1477.0,1903.0,700.0,1861.0,279.0,1263.0,-2.1716798714777257,-5.351556832797291,184.44330500076242
55.0,621.0,407.0,567.0,839.0,782.0,2.8254575843827228,-1.0902488346562347,162.8488900039141
753.0,567.0,680.0,172.0,431.0,1479.0,0.08507209223965939,1.4808869548860342,167.04171313923152
276.0,1929.0,199.0,1086.0,221.0,1152.0,4.055827909556078,-7.663157333881435,170.70287599492917
327.0,418.0,139.0,626.0,1146.0,1567.0,0.4643442473061351,-1.0663555822496533,167.79466823959817
334.0,583.0,1238.0,866.0,71.0,312.0,2.364554789318552,3.2272381890757638,163.48317008479333
1299.0,888.0,1530.0,459.0,69.0,492.0,-0.655960955828532,3.291601434297598,170.4050021983876
1370.0,1675.0,261.0,1047.0,1602.0,143.0,-2.5007118500359358,-8.37171469314232,177.063754372488
1687.0,1377.0,233.0,632.0,929.0,1347.0,-4.610950471376748,-5.392498069502986,177.78672844217382
1201.0,500.0,408.0,631.0,1542.0,1483.0,-3.6220189987051916,-0.5360588246907969,175.6984556238604
327.0,1179.0,1259.0,1917.0,1891.0,216.0,4.621418060882167,-1.0632335464853002,180.89197361307484
307.0,1940.0,1916.0,1283.0,162.0,1362.0,8.828797003385711,0.9511163789468406,181.56309940592865
1208.0,279.0,1084.0,1895.0,1016.0,1692.0,-3.9049772944601173,5.0355450797060755,182.85505124437492
1318.0,324.0,197.0,1027.0,993.0,128.0,-6.385165863873191,-1.3869979122628604,166.34749949841154
1282.0,1124.0,557.0,1390.0,1926.0,1141.0,-2.6404615375323153,-3.8033615172047748,184.22090487422412
758.0,1808.0,519.0,1179.0,169.0,1038.0,1.701631193630204,-5.542480270763512,174.06363442267934
1865.0,1639.0,808.0,676.0,818.0,1114.0,-3.3786922255037495,-3.861660887540495,181.61004213660996
728.0,316.0,142.0,26.0,1172.0,1994.0,-1.3542244908783119,-0.16054482034397133,168.53477917782382
733.0,1902.0,1586.0,1531.0,1218.0,1291.0,5.963079444457552,-1.6261356401421327,188.49205995934656
1427.0,97.0,630.0,72.0,43.0,406.0,-5.239074840451676,2.667072241569647,159.6110373833597
1605.0,1659.0,718.0,951.0,1843.0,1064.0,-2.0316701043013383,-5.686054897851503,186.30742742572946
661.0,738.0,1274.0,303.0,109.0,1936.0,2.6879309438834977,4.24767072622208,171.7291073839738
1047.0,652.0,1433.0,212.0,1317.0,1899.0,1.4097464846135084,4.5698758220080595,179.72042412855902
120.0,586.0,1487.0,740.0,1697.0,463.0,5.683013110137671,3.4382292979871942,172.05128958060328
1442.0,21.0,713.0,1847.0,1150.0,398.0,-7.520270568454848,2.9050534629569964,174.41231097255186
1515.0,1368.0,823.0,661.0,85.0,593.0,-2.572606611410164,-2.0659540688815907,171.99637037917972
553.0,954.0,1557.0,282.0,601.0,794.0,4.25126396646462,3.0138422688159605,170.33850733751532
1346.0,76.0,743.0,426.0,1514.0,1665.0,-4.460422810649621,3.6257149988463735,175.6101642455169
611.0,840.0,1010.0,1435.0,196.0,364.0,0.5514078445404318,0.9667020217120362,168.98137926972038
1580.0,530.0,258.0,342.0,524.0,0.0,-6.226532452682392,-1.6890183969013364,162.4598221629305
1517.0,1451.0,1995.0,1476.0,20.0,270.0,-0.24339883107531723,2.801250012147665,180.67649087710532
739.0,1164.0,352.0,1659.0,1970.0,1743.0,0.3295280797742743,-4.8470533351802265,185.29554332400866
210.0,417.0,1112.0,1435.0,760.0,1069.0,2.7568204399134246,3.8522116031817815,171.7252298207889
1481.0,1523.0,463.0,544.0,470.0,1646.0,-2.2758809764379677,-4.228065907026535,177.50107759084705
1404.0,563.0,101.0,714.0,1838.0,1319.0,-5.674740197936889,-2.914459838878606,176.45843210684615
327.0,486.0,1039.0,1580.0,1003.0,738.0,1.8642355545742038,2.618571709808859,172.6601133498283
1289.0,1546.0,989.0,317.0,1744.0,1136.0,1.0298439165957949,-3.3988040438531213,182.17072681187867
1296.0,1418.0,1599.0,744.0,1639.0,576.0,1.6181587902357022,-0.03249325303729811,183.53312556784476
764.0,770.0,1887.0,1596.0,1602.0,1928.0,3.8532577776048154,6.595578465221151,189.8848693818462
1387.0,125.0,488.0,1399.0,1296.0,1578.0,-6.714529450925832,2.21732043576837,178.16606491198138
112.0,725.0,1179.0,1400.0,784.0,232.0,3.846909046659507,1.7381766429983678,168.77711742166477
1087.0,376.0,793.0,1014.0,1176.0,1759.0,-2.6265093779828783,2.7453729397605935,177.97592905704497
1128.0,1863.0,860.0,373.0,1099.0,1721.0,2.4501959302120637,-4.583313275486117,182.22005784005717
170.0,1064.0,257.0,1799.0,115.0,85.0,0.9717498175277124,-3.899555360538562,163.8699513331589
812.0,449.0,1102.0,518.0,850.0,753.0,0.08900001550427794,3.0723859587552345,169.11371226979864
862.0,474.0,1234.0,717.0,905.0,1317.0,0.3601976653592834,4.212556742743271,174.3628981624076
1462.0,1239.0,1609.0,409.0,1132.0,1639.0,0.7820169058169146,2.3492148478789714,184.63722950773345
1323.0,1296.0,1033.0,570.0,921.0,1151.0,-0.4304507153513814,-1.104466306899448,178.50496511088295
839.0,511.0,810.0,1582.0,855.0,1570.0,-1.484393905314318,2.2392232087809556,177.8137628412271
1389.0,776.0,139.0,1980.0,1036.0,1906.0,-6.536637611926933,-2.782777623484078,183.07514030067344
621.0,114.0,1227.0,1690.0,1554.0,1972.0,0.39957819753998736,6.686234681131347,182.87472339415993
1952.0,45.0,643.0,1404.0,1817.0,119.0,-9.99530385834231,1.5617117025602414,176.31342865992448
981.0,1423.0,832.0,1566.0,1039.0,952.0,0.2952631734204754,-3.167668213020399,181.037612858209
664.0,1432.0,724.0,333.0,1418.0,1595.0,3.6786579971793305,-3.4989176265752695,177.6901809660855
736.0,879.0,816.0,1058.0,17.0,1713.0,0.44753118296851413,1.1954406313031436,172.89997534612496
1295.0,1761.0,1947.0,295.0,1563.0,353.0,3.8195447035571815,-0.17598199389483282,183.1539287929133
1450.0,1572.0,1251.0,1176.0,942.0,1204.0,-0.3361140630108224,-1.4240920284459524,185.22831552604086
466.0,271.0,1839.0,1805.0,711.0,1447.0,2.8674786471172635,8.995023512830768,179.3202654514211
1355.0,166.0,1630.0,234.0,1856.0,1393.0,-1.3095915871955222,7.19144569801478,179.95122572903495
1890.0,1785.0,90.0,1717.0,129.0,1865.0,-6.507912143766217,-7.343036548634815,184.0722523959506
944.0,706.0,1941.0,554.0,1511.0,87.0,2.3729852716833015,4.705697701139722,175.4810454237855
1760.0,1519.0,1695.0,202.0,1953.0,1543.0,0.6598117616778266,0.5616114514816594,190.7364195661867
1721.0,1442.0,591.0,1318.0,811.0,372.0,-4.7610431034417715,-4.588603268545538,178.06720287785947
201.0,963.0,649.0,440.0,1082.0,1233.0,4.238506358997609,-1.4371823140266475,169.48240749424383
795.0,1774.0,1694.0,1372.0,741.0,1736.0,5.610384072239674,0.46505676581457683,187.73496370404212
314.0,1050.0,798.0,1944.0,1779.0,1907.0,3.9745523542079093,-1.344763087174218,186.17808014008943
1268.0,1454.0,886.0,516.0,99.0,578.0,-0.7023613438928483,-2.176650579563693,170.77001162969594
753.0,1972.0,1719.0,1857.0,471.0,889.0,5.2575663107454,-0.9246377454589677,185.39671274789887
310.0,207.0,214.0,873.0,288.0,1149.0,-0.7214259533098475,0.8039161480792314,161.69069816157028
340.0,742.0,1960.0,1907.0,359.0,1940.0,5.5018772920289445,7.961823656196508,182.9271279406177
992.0,741.0,949.0,966.0,323.0,1474.0,-0.9204659830482608,2.0707494453246067,174.07985629592656
503.0,1069.0,652.0,507.0,546.0,791.0,2.1330953898878047,-1.766993099912546,166.97380004484958
1399.0,1129.0,384.0,1592.0,414.0,1046.0,-4.660681002133062,-3.2229566016093747,176.62098983780996
513.0,385.0,1036.0,1536.0,810.0,1629.0,0.8909780324134328,4.208041394447598,176.42293471077215
595.0,1725.0,44.0,1710.0,758.0,1571.0,1.2233263413839048,-8.255603290694834,178.71907180353364
1828.0,232.0,629.0,1943.0,1337.0,1652.0,-9.46949169397802,2.497467267570303,184.91661102324304
327.0,315.0,1238.0,302.0,969.0,1282.0,3.4176642923043237,4.846170185081542,168.69766190231545
497.0,371.0,1045.0,1494.0,838.0,558.0,0.4079828664684316,3.150892088517242,170.74501213922073
1653.0,601.0,1521.0,1652.0,176.0,782.0,-4.597888411266725,5.102367381045066,178.69685284047864
1201.0,638.0,1563.0,1552.0,1190.0,1857.0,-0.6683901606163327,5.689586260850618,187.17296591896405
939.0,1893.0,1808.0,911.0,632.0,1728.0,5.690963925638709,0.5418536489700232,186.68121562315565
847.0,734.0,967.0,1789.0,1523.0,1570.0,-0.2279589866614233,1.344793119891694,184.37798098585074
424.0,989.0,385.0,932.0,358.0,574.0,0.9667153646325236,-2.686761923655188,164.86891388292028
883.0,20.0,1389.0,865.0,1444.0,1836.0,-0.30807433943881946,7.7086309012265275,178.94808858199463
283.0,570.0,1974.0,402.0,181.0,1985.0,6.3264788547437005,8.52320709626239,173.20060075864188
132.0,1309.0,645.0,1658.0,15.0,818.0,3.5354317485428077,-2.5597968466462713,169.4946389995054
1428.0,415.0,32.0,526.0,129.0,97.0,-6.620937794022754,-1.7343769161640683,159.2921614132869
866.0,402.0,1619.0,1107.0,296.0,1418.0,0.5790459020602579,7.106402355736215,175.19911084460986
576.0,1135.0,533.0,124.0,456.0,979.0,2.0081776610652646,-2.3524253847140444,165.580954281039
1476.0,382.0,1072.0,1037.0,515.0,1074.0,-4.546831033069389,3.927660051034395,174.50739710280408
1400.0,1766.0,652.0,490.0,1717.0,1767.0,0.11369467440277026,-5.896969455536482,186.04628442099022
594.0,1208.0,1447.0,422.0,1249.0,292.0,4.417464240369251,0.28992296082168767,172.80045867823316
576.0,1398.0,1413.0,664.0,227.0,835.0,4.390450539442917,0.6147064552689403,172.3002980652937
1227.0,1891.0,934.0,948.0,455.0,109.0,0.31226775401525175,-4.776244228729762,174.60471623521212
345.0,72.0,1678.0,1345.0,1585.0,1249.0,3.3666453071384494,8.338975043434942,178.0184070296088
1100.0,1133.0,156.0,388.0,355.0,774.0,-2.273692456438368,-4.187295438544208,166.04900440627682
697.0,1456.0,1034.0,1228.0,1825.0,405.0,3.1717486051641868,-3.4600857019824076,180.1814820716648
1555.0,918.0,1719.0,1770.0,1287.0,567.0,-2.301212814910974,3.5568678703303345,186.2640631318475
1176.0,1154.0,1209.0,30.0,293.0,653.0,0.48628039135496254,0.571070410833319,169.31684112323782
1208.0,630.0,1107.0,495.0,1563.0,514.0,-1.3842815945018743,1.429498533170844,174.45475805355605
45.0,871.0,1049.0,1679.0,1464.0,282.0,4.650414852021115,-0.13112160271113527,173.69472124810565
1260.0,1587.0,1514.0,1592.0,1639.0,768.0,1.3935864140385634,-1.168944747552241,189.1582646458825
374.0,298.0,545.0,1202.0,1527.0,396.0,0.03235688378866933,0.25254246178807127,168.40705266792597
998.0,1765.0,1851.0,253.0,1600.0,1831.0,6.4173897701899385,0.6575613751586301,188.60832083517147
1105.0,1379.0,653.0,1141.0,20.0,1633.0,-0.8396068146487388,-2.206124797149612,176.56172107213175
781.0,1402.0,521.0,919.0,1564.0,281.0,1.0467972001681245,-5.555072725981003,174.05175960863394
1237.0,1984.0,1836.0,1206.0,706.0,1618.0,4.01023003022742,0.0428097507399553,190.26882742204785
1185.0,918.0,1207.0,189.0,854.0,551.0,-0.13405184019450161,1.0863414430172087,171.32217429909912
1582.0,444.0,1285.0,434.0,1308.0,1716.0,-3.1918870386520553,4.732372263557869,180.77485958384474
519.0,391.0,832.0,1601.0,619.0,1779.0,0.15660104601174218,3.3938401069364197,175.5745154698842
1870.0,1400.0,1934.0,1441.0,511.0,361.0,-2.182423991147135,2.476486664537326,184.75290788446114
1978.0,763.0,289.0,1307.0,483.0,19.0,-9.01640727230396,-2.6555230153441474,170.4788859325935
221.0,1526.0,206.0,102.0,1734.0,477.0,4.65819546588148,-7.545778749150708,167.5611751707555
1343.0,1317.0,455.0,1740.0,130.0,1137.0,-3.8155821607284466,-3.4740023791158747,177.44115853259294
265.0,584.0,304.0,483.0,1957.0,1414.0,2.3357653651593084,-1.970504849483183,171.77986256907553
408.0,1114.0,861.0,290.0,286.0,1735.0,4.010491497875796,0.055791104542032954,170.11226456704534
494.0,1469.0,582.0,136.0,219.0,1655.0,3.7708555787128004,-2.9785730696052393,169.35207141036824
964.0,635.0,220.0,1332.0,1129.0,920.0,-3.5257391958604978,-2.3360658172438677,172.77248846489456
1812.0,1399.0,576.0,137.0,1574.0,1217.0,-3.5105704950623378,-4.473911078011351,180.4825696852196
1914.0,478.0,1107.0,1746.0,760.0,964.0,-7.630382525938568,3.4454576349213126,181.63054321655983
1019.0,607.0,873.0,636.0,156.0,1307.0,-1.4579546475396457,2.3132427213940714,169.69001941193596
640.0,95.0,632.0,475.0,1872.0,1189.0,-0.5795843004170521,2.194781248678596,171.26827383794972
884.0,1620.0,539.0,1604.0,82.0,1649.0,0.40572550566463805,-4.184998384318474,178.8015022124579
1917.0,362.0,327.0,30.0,1512.0,1056.0,-7.699111428762925,-0.5800884913683134,172.52703799462049
1976.0,130.0,1379.0,49.0,629.0,905.0,-5.849407474915944,6.082818521999299,171.76991570010944
633.0,1447.0,1773.0,142.0,1758.0,585.0,6.615345115304734,0.5597286192703085,178.45760544086403
601.0,513.0,1875.0,63.0,883.0,1059.0,4.216736722626643,6.681316067684968,171.43841581767475
1575.0,827.0,1435.0,854.0,620.0,520.0,-2.755140350231222,2.829902065518429,176.03911351767053
1776.0,1734.0,1323.0,1528.0,181.0,1629.0,-2.1183183644938177,-0.8327898138823748,188.13979948019323
1629.0,1660.0,913.0,623.0,281.0,903.0,-1.9110832878623798,-2.9928955882931456,176.96926842080558
1070.0,1753.0,423.0,1035.0,336.0,1992.0,0.2402082994532187,-5.3970288714409955,179.94465655587356
73.0,1261.0,684.0,1798.0,1722.0,257.0,4.649446058778731,-4.350650827019661,175.68011514251242
1144.0,1529.0,1654.0,991.0,1092.0,516.0,2.3743941748650768,0.10591304524865092,181.747113849456
302.0,44.0,306.0,1555.0,1429.0,1447.0,-0.9228015156853078,1.4487933424555313,172.24759979974132
1699.0,1709.0,346.0,401.0,1274.0,1624.0,-2.908916829534788,-6.700366309973059,182.1372386598234
32.0,1104.0,792.0,417.0,109.0,879.0,4.984969755467976,-0.7585112044045331,163.06491514285682
1624.0,1390.0,1844.0,1052.0,37.0,1894.0,-0.12991783640843127,3.9545254164556454,186.36395138426346
1498.0,1168.0,320.0,1636.0,1722.0,1589.0,-4.853434212315607,-4.865846550561572,186.76495123717083
1313.0,1379.0,1814.0,1692.0,1482.0,1122.0,1.3748772212875215,2.0402228839124943,191.44113704851307
9.0,1753.0,49.0,1888.0,1234.0,86.0,3.9930703575920856,-9.718375157303239,171.29949283920735
997.0,846.0,11.0,85.0,1783.0,300.0,-2.193807467332631,-5.362714508875763,166.53273695074026
1231.0,1332.0,815.0,1945.0,1960.0,1435.0,-1.2945547122177488,-3.423021263767885,190.97422343433712
88.0,628.0,1172.0,219.0,1125.0,1415.0,5.772756978425115,2.979524037388696,169.75770391902773
114.0,969.0,766.0,749.0,1955.0,746.0,5.137259720190825,-2.132999262210546,173.18370763879042
750.0,1803.0,577.0,798.0,335.0,1063.0,2.362426164331219,-5.296356956090665,173.32498867502665
300.0,921.0,1774.0,1692.0,628.0,963.0,5.2948026679946905,4.68554804120771,178.15785275333582
291.0,1684.0,1951.0,382.0,685.0,1313.0,9.24754083195635,1.8656240035121507,178.08548962487185
617.0,892.0,152.0,460.0,1386.0,973.0,0.19136058889878843,-4.087735530901732,169.04235634986165
1105.0,1409.0,1867.0,1767.0,1770.0,807.0,2.8552963437206063,1.6318202534056054,191.00269372009285
1687.0,1592.0,1996.0,682.0,1801.0,772.0,1.2592212478512979,1.1604361454216878,190.02668297233586
1703.0,1127.0,102.0,1922.0,1926.0,506.0,-7.537933670091318,-6.820544471569546,183.09145387958924
1902.0,26.0,819.0,128.0,1648.0,404.0,-7.338262169960403,2.7262244822945916,171.07354383202258
1124.0,395.0,1349.0,1090.0,1867.0,1374.0,-1.0338408553791776,4.744365239711944,183.06858814363886
1656.0,1560.0,1138.0,1131.0,931.0,3.0,-2.3934444363911926,-2.862871603876325,179.06112983197147
1533.0,1579.0,1232.0,1378.0,955.0,1996.0,-0.7002734584767836,-0.9574383814364773,190.78217021096467
1322.0,1977.0,447.0,32.0,1134.0,97.0,0.019070998332108124,-7.943961048043998,171.48964152412418
1830.0,1189.0,826.0,1857.0,503.0,950.0,-6.057961656176705,-1.4711224602114725,182.73227811193902
1282.0,849.0,1315.0,1994.0,1866.0,1244.0,-1.7579455732672955,2.0765801398124144,190.1277723329603
1501.0,1250.0,361.0,1328.0,250.0,1756.0,-4.478696406429648,-3.2440133630791324,179.10182298972978
1261.0,1715.0,1544.0,1411.0,681.0,1859.0,2.1250273310701893,0.13969412334391607,189.7168199317553
445.0,1959.0,933.0,1824.0,764.0,824.0,4.9211214553225195,-5.257583056256053,180.5790473708569
1732.0,1819.0,860.0,417.0,1215.0,1077.0,-1.5102163250212366,-4.9113002163749275,182.63353519545097
647.0,1992.0,1870.0,1014.0,1857.0,730.0,8.033674748705582,-1.6439685850116672,187.5367040062053
576.0,1789.0,1434.0,228.0,40.0,649.0,5.50483646018583,-1.0539622208203014,170.1752502200135
1220.0,939.0,1178.0,1051.0,206.0,703.0,-1.5099338393399504,1.5902898063453141,173.3276400692738
966.0,892.0,811.0,1840.0,1109.0,1981.0,-1.045326065105143,0.32551391447389466,185.238553007883
1601.0,1061.0,1491.0,1486.0,1707.0,969.0,-2.176817284427866,1.6592355726875057,188.91302128847346
1481.0,905.0,1632.0,1295.0,622.0,1984.0,-1.2961179775631089,5.080329646013889,186.74264796588733
187.0,575.0,7.0,665.0,1.0,995.0,0.39373365253493986,-1.7890850943714385,158.51675554609812
37.0,1858.0,1436.0,1406.0,435.0,1328.0,8.944664816872681,-1.3553690865769397,179.13960196092668
914.0,891.0,356.0,1423.0,123.0,1706.0,-2.248767188578089,-1.3407827061052293,173.87695751450136
1081.0,1786.0,1114.0,662.0,1795.0,847.0,2.8755312612103445,-4.309980083326808,183.4735275716454
1150.0,689.0,673.0,740.0,1862.0,938.0,-2.148317568041886,-0.9088235122868359,177.2133377569888
27.0,1415.0,1800.0,1331.0,1397.0,1853.0,10.30672042451671,2.5181183446823923,185.87333189448015
466.0,1883.0,1949.0,662.0,1542.0,248.0,8.458856913980556,-0.8312270074789652,180.45487785691444
973.0,1186.0,1693.0,1604.0,1290.0,525.0,2.077390916183255,1.9480872531290683,183.5017882922064
252.0,1305.0,1723.0,85.0,293.0,662.0,7.006540768524024,2.2235677138592305,168.00018107398756
586.0,1175.0,1865.0,849.0,789.0,96.0,4.677685651899704,2.641624260136933,173.51945234140968
1990.0,1317.0,1674.0,494.0,338.0,1220.0,-2.4566859316611644,2.5081977979279264,182.25287769053773
1740.0,1965.0,272.0,631.0,1927.0,1600.0,-2.6852938091088054,-9.380589357233626,187.5295534623335
531.0,1642.0,1344.0,1658.0,1027.0,350.0,4.64409038061236,-2.118405902162376,179.68405551094847
976.0,95.0,1292.0,305.0,1768.0,1199.0,-0.46351006855224086,5.64844171056435,174.9078268204737
1650.0,1335.0,1619.0,31.0,825.0,46.0,-0.48307192863371584,0.5840110151355571,174.42876788398132
1521.0,1953.0,952.0,1928.0,1814.0,366.0,-1.2867750929729151,-6.661971862424744,189.8076965662178
444.0,1119.0,901.0,96.0,142.0,112.0,2.879042642708833,-0.9764880113547476,160.48313430033414
969.0,1224.0,1426.0,461.0,960.0,652.0,2.3401090098200092,0.6992696582024899,175.37127551799293
1332.0,194.0,1472.0,705.0,1039.0,1196.0,-2.483486815166212,6.593907284549058,176.41636275981776
877.0,1390.0,1848.0,537.0,1430.0,1031.0,5.060104567738772,1.9655886446462831,182.58215903690746
65.0,1379.0,739.0,1603.0,1463.0,1667.0,6.3174747171688725,-3.3619823967698377,181.48870223218725
1986.0,989.0,1703.0,208.0,530.0,24.0,-3.2286461316838055,2.7355980270975437,173.99624627970417
1062.0,1361.0,1187.0,335.0,1717.0,364.0,1.9299876852705278,-2.0620529186550565,177.04381635709197
499.0,1116.0,372.0,941.0,754.0,1407.0,1.5878843395654956,-3.213099115619531,172.21817349935046
15.0,1455.0,804.0,488.0,1209.0,1454.0,7.436591609751796,-3.1026363796040255,173.67529838235347
672.0,554.0,1058.0,689.0,746.0,640.0,0.7509389547933858,2.337705206994398,168.48841336876973
1331.0,1937.0,306.0,1502.0,53.0,1503.0,-1.9737739079025103,-6.990259291690576,179.93842799989574
1337.0,711.0,1225.0,1888.0,1336.0,233.0,-3.350386522350333,1.6882974987196584,180.64532822153933
1683.0,349.0,1890.0,1128.0,53.0,1257.0,-3.6761775228938864,8.626433812327306,178.35559934873925
899.0,757.0,527.0,1118.0,634.0,1576.0,-1.5469020915980118,-0.3465612703201735,174.4434467672328
1045.0,1084.0,156.0,134.0,632.0,571.0,-1.784680334492074,-4.342515827171371,164.5825945687683
170.0,411.0,411.0,614.0,1267.0,451.0,1.6155197639990728,-0.7294791480641583,163.14277460598328
219.0,749.0,680.0,158.0,938.0,165.0,3.0397766726600737,-1.0085885877256147,160.9559702080918
1767.0,723.0,625.0,14.0,1786.0,434.0,-5.006688645777189,-1.680487604571698,173.42019293489193
1296.0,842.0,1321.0,1401.0,514.0,1099.0,-1.8717266140892752,2.955991722055715,179.36467230182288
1766.0,1694.0,143.0,765.0,877.0,286.0,-4.850503798101295,-7.915812791443608,174.0943179374088
137.0,92.0,1590.0,768.0,870.0,1081.0,4.264308056080788,7.651846529176288,169.0398428057615
10.0,758.0,931.0,267.0,788.0,1661.0,5.795565280687185,1.6424664422834288,168.58149603592503
837.0,869.0,1731.0,1926.0,468.0,1362.0,1.778517876242573,5.344615378879039,182.96352226125737
57.0,1052.0,57.0,193.0,1941.0,1293.0,4.440155289291869,-5.730256922670687,169.40338467603928
1894.0,415.0,1996.0,1065.0,1161.0,1069.0,-4.033323492150919,8.041288987715166,184.85275857876667
939.0,1976.0,912.0,756.0,943.0,6.0,2.4588267643841624,-5.853929432750861,174.3385154104509
1360.0,779.0,1860.0,1997.0,95.0,683.0,-1.886956474015462,5.93286871467078,180.72250970816833
1014.0,1155.0,816.0,246.0,1823.0,946.0,1.005243151475946,-2.504032440903832,176.9140531556414
372.0,1641.0,782.0,1773.0,1418.0,743.0,4.443170194642561,-5.173564420472935,180.5152790411661
397.0,739.0,301.0,480.0,1904.0,1045.0,1.762019968010748,-3.0402413614686328,171.0384925779346
899.0,900.0,14.0,1780.0,287.0,647.0,-3.8993709137437413,-4.100682583470361,169.17405014599015
545.0,1052.0,635.0,1037.0,1655.0,1607.0,2.4849005961311006,-2.307115720626778,179.67849234128482
63.0,413.0,524.0,440.0,1726.0,515.0,3.036849516882241,-0.5268961227251903,164.92826710553615
217.0,1344.0,215.0,1960.0,1108.0,1648.0,2.9944465720693154,-5.766515842882902,179.3268343431936
1793.0,591.0,378.0,846.0,1263.0,709.0,-7.431308198511,-1.5635419861168227,174.5213142306013
1993.0,1985.0,1657.0,1716.0,104.0,1230.0,-2.090668681101191,-0.6654514767421907,190.79479148689595
1139.0,62.0,1127.0,854.0,582.0,20.0,-3.494255691941261,4.449449459132512,165.35591821677767
297.0,949.0,1530.0,1908.0,49.0,762.0,3.88795269452575,3.5354429421261027,174.17788192421054
757.0,689.0,1276.0,1796.0,1717.0,169.0,0.49254338123783037,1.7093519306917186,179.00619468203152
1429.0,1450.0,357.0,1467.0,1912.0,319.0,-3.5476043483971647,-7.158636272752906,181.45382042588824
1180.0,973.0,582.0,727.0,124.0,263.0,-2.671935637192089,-1.6600007341939889,165.82190496623898
243.0,1674.0,416.0,542.0,1499.0,32.0,4.678750799560467,-7.351788219612235,168.30702650337406
272.0,452.0,347.0,1073.0,909.0,1055.0,0.6552988125262795,-0.40377021620376136,167.22097494111839
985.0,811.0,1405.0,275.0,1975.0,995.0,1.975509670561598,2.1803768922372666,179.20368477812627
176.0,1244.0,1004.0,1204.0,1446.0,1418.0,6.1031196453516525,-1.3114952895523488,179.34946096971638
1040.0,1214.0,1030.0,748.0,1708.0,1324.0,1.2934728686419892,-1.3165778014455807,182.4621444164525
1331.0,1163.0,1329.0,1864.0,556.0,1957.0,-1.1605695974966383,2.154251206519046,188.28965882498227
334.0,1194.0,330.0,1300.0,1028.0,1700.0,2.711540533967832,-4.023886664835395,176.28635434208536
431.0,1252.0,294.0,1068.0,954.0,951.0,1.8808842134611718,-4.855013703036215,171.43388772646585
289.0,125.0,1846.0,1134.0,1733.0,595.0,4.199208604998012,7.903025459961124,175.13274817485762
821.0,322.0,813.0,32.0,1391.0,1283.0,-0.11815964756846453,2.3566994285712197,170.0137451330597
568.0,1397.0,1190.0,1213.0,1970.0,1437.0,5.1244893275591945,-1.6176785197848607,186.02114115480776
898.0,299.0,240.0,1017.0,618.0,963.0,-3.8381059640263944,0.01565215457830088,166.765840827915
1321.0,1334.0,337.0,1514.0,6.0,1643.0,-3.5760432295579143,-3.6401415111289275,177.60297982905817
1334.0,342.0,1930.0,1220.0,1906.0,324.0,-1.2939859104514169,6.8257839833388605,182.16285526581424
70.0,200.0,1425.0,1990.0,1993.0,1684.0,4.8062881542237434,6.814371163815655,183.71877293674626
82.0,999.0,577.0,785.0,224.0,1635.0,4.205303178112847,-0.840629248697786,168.09092299640344
5.0,160.0,598.0,676.0,127.0,804.0,1.8112454294167655,2.66286647392936,158.17705053800208
916.0,1047.0,247.0,1263.0,1069.0,564.0,-2.0279031434322383,-4.48708565911918,172.24450419006715
1910.0,1421.0,351.0,1931.0,933.0,845.0,-7.280678373198759,-5.694672454415278,183.7310504611732
1443.0,1307.0,289.0,1754.0,199.0,1612.0,-4.7610590288907915,-4.0547347123943975,179.866305333964
1320.0,531.0,1220.0,1680.0,42.0,504.0,-3.9416334284635233,3.758981217896423,173.15277004150553
1826.0,353.0,1298.0,1222.0,523.0,1782.0,-6.081425421094888,6.040099629448227,181.785435824091
1271.0,1949.0,1413.0,1523.0,514.0,390.0,1.2248653030769505,-2.747786023398664,182.39859244289005
1467.0,1247.0,719.0,1135.0,55.0,1445.0,-3.1771017518754148,-1.3865836123748858,177.24681589347824
99.0,315.0,267.0,355.0,330.0,196.0,0.9033076030726556,-0.3360643292075628,154.06435239104022
111.0,222.0,1399.0,49.0,1901.0,142.0,4.889512757034789,4.104674300397455,165.45210029788316
265.0,1654.0,1290.0,553.0,1069.0,736.0,7.175152078683212,-2.077541384333011,174.4576843980485
1117.0,264.0,1404.0,426.0,1033.0,1269.0,-0.8839520646174839,5.905508604607857,174.28152895033801
1395.0,140.0,618.0,578.0,814.0,228.0,-5.565934354177658,1.7196487434351178,165.29712447579664
1411.0,1870.0,530.0,1165.0,1622.0,1085.0,-1.0969319672814284,-7.5841139746786626,185.39782494347722
1313.0,1100.0,472.0,1374.0,379.0,1624.0,-3.533750267186628,-2.1390729561859967,178.23325876142349
971.0,1746.0,1624.0,868.0,169.0,946.0,3.635773404168029,0.10918926045192517,178.58745289086988
1282.0,1682.0,466.0,1494.0,1122.0,280.0,-2.0271884957729216,-6.875500965954151,178.38633905268077
1356.0,11.0,110.0,420.0,493.0,1201.0,-6.7763933831252485,1.1105671526858765,164.28237328198026
600.0,986.0,1673.0,1870.0,1704.0,539.0,3.756386905137248,2.6530474558901656,183.9441292732005
489.0,1681.0,894.0,1505.0,758.0,1739.0,4.661523657630393,-3.328144625064464,182.32568298803034
1877.0,1602.0,773.0,1888.0,149.0,604.0,-5.509145014329264,-3.711967211037543,181.3178533898493
1745.0,1090.0,1533.0,1976.0,36.0,1304.0,-3.9225288150232887,3.412153339774238,185.48781905055236
43.0,1338.0,1781.0,391.0,1417.0,882.0,9.483208480001526,1.7230236475540517,175.72425356637063
1339.0,1549.0,443.0,827.0,669.0,922.0,-1.9782955832371583,-5.207095959143178,175.5358269166383
795.0,717.0,1020.0,1255.0,1458.0,437.0,0.11724251580406944,0.6389445248490171,175.33217580363433
1128.0,1642.0,1399.0,1482.0,1647.0,145.0,1.7303507251683814,-2.5903052443537105,184.35336711832707
528.0,1154.0,1751.0,1089.0,1214.0,201.0,4.875582059214892,2.041708442629741,176.50220747892033
1380.0,74.0,84.0,1512.0,851.0,422.0,-8.415298377425243,-0.33326724942683744,167.93973067848447
957.0,1238.0,871.0,1048.0,942.0,1912.0,0.9903496387250228,-1.087010690940956,181.96850670075702
1567.0,631.0,428.0,1553.0,1044.0,1844.0,-6.65339571209258,-0.39307714602791133,182.28600136261187
931.0,1472.0,1919.0,830.0,1862.0,777.0,5.093807103609243,1.3547595812893496,186.08382666728292
1952.0,997.0,1078.0,1657.0,317.0,615.0,-6.458930654052665,0.6672478800203051,179.92096090848025
257.0,43.0,259.0,1304.0,580.0,470.0,-1.4041082109394476,0.9606107936002519,161.01917513753216
1178.0,1200.0,1883.0,1703.0,1390.0,329.0,1.3093884077790896,2.5981595740706998,185.61237404617
142.0,282.0,161.0,770.0,236.0,1678.0,0.6508786479758608,0.6826813650219921,162.84421319358083
1355.0,1568.0,166.0,1680.0,1949.0,195.0,-3.59813411758309,-8.958784483990275,181.1842873032388
808.0,1594.0,925.0,192.0,273.0,744.0,2.7188407008252784,-2.6480979355605334,169.3466693293325
1097.0,1472.0,1197.0,1035.0,1389.0,985.0,1.5801596803193707,-1.7885115860691023,183.03816977868158
942.0,1997.0,823.0,661.0,208.0,996.0,2.512328576943466,-4.88571310971948,174.89424900770885
1928.0,152.0,1930.0,1066.0,226.0,1487.0,-5.319274845945699,9.984986856295684,180.37129274496573
1667.0,1681.0,1103.0,171.0,455.0,930.0,-0.9491474716045216,-2.2830291216512433,176.99064200132221
1623.0,1560.0,964.0,634.0,585.0,1581.0,-1.6303308808089239,-2.103471235153883,181.83140888513555
976.0,1991.0,1885.0,1492.0,1216.0,48.0,4.673167604298915,-1.5723141013692645,185.1350067647519
881.0,1504.0,963.0,620.0,1340.0,1956.0,3.2262773519058587,-2.329852725350266,183.41746117785087
435.0,150.0,465.0,27.0,902.0,287.0,-0.09052430803142375,0.8972318687629262,157.68771807390192
1528.0,1282.0,805.0,165.0,42.0,747.0,-2.29203037192364,-1.5258649923023742,169.55167379419765
1971.0,124.0,1643.0,857.0,1094.0,440.0,-6.232921811315115,6.8423079476460265,177.1980954659111
701.0,1018.0,1250.0,1406.0,1478.0,328.0,2.0486784808328364,0.16447158313684906,177.8813525068416
1727.0,1013.0,1099.0,120.0,1200.0,634.0,-2.890431153954578,-0.0936024120202929,175.86229136235627
205.0,916.0,100.0,1099.0,1663.0,1147.0,2.177158050479531,-4.802163703625736,172.35989328613795
1636.0,1464.0,782.0,1603.0,1861.0,1030.0,-3.4071962613447697,-4.478509649558703,189.10972865074308
421.0,686.0,59.0,834.0,687.0,708.0,-0.41363655462600996,-3.0330969241377232,163.48968932798698
1486.0,1471.0,678.0,327.0,1650.0,1366.0,-1.2374100783221258,-4.3498354393891585,181.9112032396197
441.0,500.0,317.0,1514.0,389.0,495.0,-1.2897793388133831,-0.8045855850225487,164.84730945396146
540.0,1552.0,883.0,1082.0,1757.0,91.0,3.78609874899304,-4.861928623941681,176.2572511940456
1228.0,1199.0,436.0,1159.0,1679.0,764.0,-2.416920307282474,-4.812202774438475,179.2404032204813
208.0,570.0,735.0,1888.0,1618.0,525.0,1.9083444371888973,-0.09137740379714776,174.58537738225846
1756.0,818.0,1502.0,1821.0,555.0,454.0,-4.812029514109831,3.344800830272561,181.4564721880221
1708.0,1079.0,1136.0,261.0,610.0,857.0,-2.792570692976873,0.49060527440312607,175.14528166455113
460.0,1847.0,743.0,991.0,1801.0,534.0,5.144807462734343,-6.813811796445743,178.53878224653482
1316.0,211.0,1479.0,1778.0,875.0,1113.0,-3.6759906214458136,6.896658354417332,180.6670790446053
268.0,1914.0,1175.0,1640.0,1709.0,777.0,7.497582558542156,-4.797193938346027,184.25304763474904
214.0,1046.0,1935.0,398.0,1440.0,591.0,7.8627219817884875,3.599582709552851,174.63306809164908
1964.0,1169.0,210.0,482.0,1078.0,1310.0,-6.661116693297845,-4.612214362915274,177.74332237157086
648.0,1850.0,1584.0,1735.0,1151.0,1546.0,6.338577660117657,-1.0986364638262454,189.7826678420353
1359.0,1890.0,1593.0,799.0,1060.0,1756.0,2.9443927192686123,-0.935338823034692,189.62751591831568
383.0,1310.0,1111.0,1000.0,1402.0,103.0,4.46181479128317,-2.1419992464446187,173.2653086334612
1106.0,1977.0,195.0,78.0,21.0,1924.0,0.8076584450284078,-6.853862116774953,173.03900479498182
1670.0,11.0,1774.0,476.0,1674.0,326.0,-3.872955032259645,7.462858142557254,176.22423371971325
183.0,876.0,1858.0,1714.0,331.0,1877.0,6.624832138179045,6.587407175406042,180.84647384925745
1591.0,493.0,1531.0,847.0,221.0,58.0,-3.778225039532426,4.586243154151335,170.27842807876826
355.0,941.0,701.0,1539.0,1836.0,476.0,2.460453090680154,-2.487058102402127,176.11407825379627
245.0,316.0,208.0,798.0,1559.0,398.0,0.2845250950067357,-1.5781696883828402,164.1669799866791
479.0,1105.0,218.0,743.0,423.0,1779.0,1.4350763837925233,-3.2775100442190395,170.42084109084385
924.0,1026.0,1812.0,1461.0,1463.0,1766.0,3.3201227292334194,4.618667621605473,189.5123902869695
1887.0,1890.0,1155.0,666.0,1922.0,1144.0,-1.3247281814016176,-4.569105473934641,190.61971711357612
189.0,1262.0,40.0,1479.0,348.0,1068.0,1.893757464895522,-5.516459000511148,168.45829045387185
1963.0,1611.0,1157.0,518.0,1132.0,1127.0,-2.7215675969997597,-2.2813688177549603,184.71554030743545
908.0,744.0,1573.0,1284.0,1743.0,688.0,1.4535446988219527,3.425769221402859,181.76571992850495
1799.0,1324.0,1400.0,137.0,258.0,1076.0,-1.805395160308004,1.0852493230630602,176.92412857744188
1308.0,276.0,85.0,1802.0,1239.0,1063.0,-7.655681073934806,-1.1818970868710723,175.52151390311317
1155.0,235.0,1864.0,308.0,1827.0,947.0,0.49201232275110873,7.497522771317311,178.39934058468438
16.0,51.0,1308.0,1283.0,638.0,1704.0,3.8911194909655586,7.526119400367367,171.4503130986059
1456.0,465.0,1247.0,1815.0,288.0,871.0,-4.7772339513883075,4.475866428395392,177.46519634793808
722.0,1994.0,811.0,846.0,1707.0,1847.0,5.236877131959851,-6.313141959862291,186.60822242391174
1530.0,1895.0,365.0,1104.0,710.0,981.0,-2.579632044237231,-7.418053752286057,179.6956562846334
201.0,430.0,972.0,24.0,1223.0,311.0,3.469048140417484,1.7230714968239798,162.21773790064702
1911.0,1046.0,1201.0,1948.0,276.0,1457.0,-5.888771004255762,1.8666318468690422,186.25310449864816
705.0,466.0,1352.0,1104.0,563.0,593.0,0.6045597346797686,4.344071274100853,170.6012113297275
1213.0,1291.0,1474.0,291.0,159.0,1043.0,1.2335203405994655,1.6442977529119285,174.22572626862328
1374.0,852.0,262.0,1405.0,766.0,1162.0,-5.3237386711666055,-2.6904809506364105,175.88576181245514
833.0,650.0,1021.0,480.0,323.0,1027.0,0.21508687119181502,2.395261125636755,168.34992020718724
424.0,1460.0,543.0,970.0,351.0,1075.0,3.007639706042153,-3.8534642750795562,170.77904142295154
1429.0,591.0,1007.0,180.0,393.0,1723.0,-2.64669233146502,3.215961101708716,173.3551444420906
1553.0,682.0,1333.0,1105.0,902.0,1296.0,-3.253621210458961,3.7087726025971968,181.37295924197068
1938.0,744.0,900.0,1221.0,516.0,396.0,-7.012534155539306,0.6460578671891002,175.24242222073673
1575.0,1067.0,1696.0,196.0,666.0,721.0,-0.5343669489568916,3.0000655789787873,176.53340654430772
442.0,1660.0,1138.0,547.0,1859.0,854.0,6.507382542261862,-3.5768662716494593,179.26464903018788
925.0,202.0,606.0,89.0,221.0,1370.0,-2.1084941471152367,2.930277760445226,163.52335573354907
512.0,881.0,1352.0,1924.0,540.0,461.0,2.06234871665844,2.310029902375146,175.19292388481452
586.0,365.0,993.0,512.0,1762.0,49.0,0.9301577585434633,1.5456093647987115,167.96863076646812
975.0,1582.0,234.0,1036.0,1468.0,210.0,-0.5886374451612414,-7.840652334796956,174.08517888847422
1958.0,1379.0,530.0,1037.0,1919.0,1644.0,-5.604828369459298,-4.915464522291188,189.46453536527707
451.0,582.0,1389.0,426.0,1098.0,1195.0,3.8259918451961497,4.116829790184688,172.38197191739346
580.0,771.0,1025.0,1890.0,1103.0,244.0,0.6355174349103797,0.5400581129358176,174.94450182777135
188.0,469.0,799.0,510.0,970.0,1896.0,3.616172329378867,2.534092476938568,170.8275583973624
1179.0,1310.0,1888.0,93.0,1931.0,962.0,3.8496578116362556,2.065828091256816,183.8779057555112
1832.0,1142.0,1194.0,345.0,1146.0,1920.0,-2.753433754602016,0.9599955343551961,185.06695699347645
624.0,1237.0,661.0,963.0,735.0,791.0,1.646412619931449,-2.7940888479999506,171.83303272654558
1688.0,1064.0,392.0,1696.0,1575.0,1196.0,-6.377828611405103,-4.01095827023665,185.04509211310437
1315.0,749.0,1846.0,1984.0,590.0,811.0,-1.426698506462891,5.871371099434725,183.46167340227038
458.0,370.0,1708.0,1181.0,562.0,1606.0,3.357746213558923,7.8291153872166745,176.01460945294812
1271.0,1353.0,1730.0,1781.0,1570.0,1054.0,1.221264969280176,1.5971470544011952,191.22434929600806
1200.0,1908.0,1148.0,1549.0,1583.0,1199.0,1.8954750618919565,-4.474633180734835,190.24832759048047
525.0,749.0,1714.0,1949.0,253.0,25.0,2.1042701421372345,4.48533863245404,172.72722619890376
12.0,1725.0,917.0,109.0,1766.0,233.0,8.181195164425581,-5.249270525302302,170.02316599365057
1235.0,1146.0,931.0,1708.0,813.0,1905.0,-1.6000984483457237,-0.1997128744264689,185.9405291385723
603.0,1454.0,1680.0,1171.0,750.0,634.0,5.016537084826563,1.0151991839563919,178.36337080514747
1107.0,1329.0,642.0,1116.0,1476.0,1907.0,-0.1752137191636653,-3.3821303336093615,185.08045651200143
874.0,996.0,1485.0,378.0,385.0,1308.0,2.5237047565524953,3.18228481127772,173.9224346499543
859.0,529.0,1683.0,1511.0,1321.0,350.0,0.7639607075475437,5.042229149168805,178.14360470736145
1729.0,307.0,747.0,663.0,130.0,62.0,-6.804392055341459,1.9106453047136296,164.49528674567742
1854.0,216.0,1076.0,906.0,560.0,513.0,-7.053123231540297,4.071146296575664,172.11141010780696
948.0,4.0,347.0,1419.0,1163.0,313.0,-5.200095734731306,0.9702341418063006,167.49713421195065
1756.0,1248.0,995.0,1477.0,1987.0,918.0,-4.017554675477326,-2.333735141607486,189.1751525700442
1267.0,128.0,196.0,263.0,766.0,1028.0,-5.487808451991053,0.5616185886649073,164.670228006765
1479.0,911.0,295.0,216.0,126.0,1902.0,-4.100806669039327,-1.416136937090879,171.28855996905355
1169.0,516.0,951.0,620.0,1006.0,1155.0,-2.0474220300277612,2.3158178396751947,173.93182557132386
1194.0,1609.0,619.0,435.0,478.0,249.0,-0.4963153160225815,-4.732209284430086,169.55267064516727
424.0,785.0,843.0,743.0,853.0,1918.0,3.0108965897442515,1.2533193904612467,174.6712409524289
466.0,40.0,1020.0,1451.0,1511.0,260.0,-0.20333812148618746,3.9149173085975235,170.4140788781457
243.0,696.0,873.0,453.0,1007.0,917.0,3.59341909080735,0.7878987650540639,167.56379365056236
967.0,65.0,999.0,1809.0,272.0,1681.0,-3.504340115435143,6.178852851023973,175.62241895997258
1788.0,681.0,1639.0,1094.0,1963.0,61.0,-3.783745542504576,3.1937135606679288,183.13812673528966
683.0,1075.0,1388.0,624.0,891.0,1844.0,4.0408413271326244,2.4690410883666756,179.46315282587375
1825.0,732.0,1856.0,1253.0,43.0,812.0,-3.8071521681166436,6.105408211983667,179.38102002637837
932.0,253.0,1756.0,1979.0,1559.0,535.0,-0.5117487496909858,7.1367410242885825,181.9447494708443
1104.0,1209.0,238.0,344.0,1951.0,678.0,-1.2239298732265047,-6.047129203773487,174.2873798402117
475.0,344.0,1128.0,250.0,1832.0,1154.0,2.827885727657308,3.422102330405499,172.62911100126556
1465.0,615.0,729.0,1392.0,232.0,261.0,-5.544766898312713,0.5691906864906511,170.0476003623767
1108.0,888.0,915.0,526.0,803.0,1705.0,-0.46234106076117665,0.9428538835436892,176.68070708504115
361.0,1970.0,323.0,1383.0,676.0,1782.0,4.635708930540383,-7.718128917853817,179.13039556002113
744.0,1809.0,530.0,1235.0,1970.0,1342.0,3.1285845667201104,-7.574245178604639,185.08742001976452
1876.0,1369.0,1412.0,1269.0,843.0,280.0,-3.4826864432639884,-0.29200803702433137,182.33546358814212
1531.0,14.0,1362.0,1914.0,535.0,1346.0,-6.1314019027430495,7.825337534431876,180.09723624004513
719.0,1891.0,634.0,496.0,1567.0,466.0,3.631899622246647,-7.182649149964616,175.45198158611186
1119.0,1898.0,692.0,555.0,30.0,1457.0,1.171930455066359,-4.528583202036163,175.55421011046232
995.0,315.0,733.0,572.0,45.0,1012.0,-2.6019555866713144,2.829534291956518,164.87147533442334
1041.0,988.0,792.0,1324.0,1545.0,605.0,-1.1647566908849685,-1.8605453334513604,178.48100144448802
1017.0,471.0,449.0,1624.0,1311.0,729.0,-4.003430416448288,-0.6358491528747889,174.84014578733652
1566.0,636.0,1332.0,321.0,821.0,1553.0,-2.4597623147881467,4.125959099537898,178.03190803170406
27.0,180.0,1072.0,1213.0,1178.0,560.0,3.1439073668676736,3.959961087883477,167.71166273350346
480.0,1877.0,265.0,1715.0,1107.0,1320.0,3.146037146082303,-8.464376647138844,180.54092476199398
1999.0,503.0,1915.0,364.0,125.0,865.0,-4.071136081360892,7.172710943616485,175.41863967392618
1571.0,1154.0,291.0,970.0,1747.0,1478.0,-4.620104384207642,-4.894312862575617,183.0237587794352
1229.0,1366.0,825.0,651.0,255.0,830.0,-0.841863046057558,-2.0469247553014993,172.60549642161627
1417.0,336.0,1939.0,517.0,574.0,723.0,-1.3936549971511454,7.7302986310913475,174.10478834790433
1646.0,569.0,77.0,1177.0,1637.0,1915.0,-7.83354005229315,-2.4734662021887877,181.94373299518543
168.0,582.0,1369.0,1243.0,498.0,631.0,3.868078427365901,3.974982405361346,169.02626836725946
1866.0,794.0,1518.0,786.0,1861.0,1806.0,-3.401577929759987,3.9087729306057595,190.4355646091314
985.0,1754.0,657.0,194.0,1667.0,1525.0,2.7600796055684764,-5.799289036893425,180.77941518844185
1870.0,1784.0,1927.0,521.0,1410.0,55.0,0.137576636689059,-0.5227133434896788,185.05836977174368
1265.0,333.0,929.0,565.0,1637.0,740.0,-3.0603452269640896,2.2137951016038278,174.1567742113192
719.0,886.0,307.0,1709.0,1512.0,1119.0,-1.1759677229601238,-3.5015296875857165,178.22892067300998
1034.0,1038.0,826.0,314.0,1588.0,1647.0,0.7271740199341896,-1.055361642166244,179.25713120871887
1545.0,1817.0,1281.0,1264.0,988.0,545.0,-0.4905162033355012,-3.0876140533764778,184.37860777395466
493.0,165.0,1634.0,1865.0,430.0,1254.0,1.3904094252800818,8.385599798867357,175.77370383176827
321.0,1471.0,1375.0,726.0,1856.0,1720.0,7.986833936551408,-0.6413851298935525,184.2485768348053
1178.0,546.0,1726.0,1756.0,1846.0,450.0,-0.8859388438888214,5.0756960009273975,184.58242143199655
1530.0,1407.0,848.0,566.0,735.0,520.0,-2.1466128208536124,-2.8506635031574112,174.8928990601987
1265.0,400.0,1761.0,1720.0,401.0,214.0,-2.494362353489581,6.4784884794969715,175.45412876207286
450.0,1678.0,287.0,249.0,1937.0,1291.0,4.59291058182625,-7.787875391631052,175.97179705318382
238.0,955.0,910.0,1264.0,938.0,405.0,3.373123811895278,-0.7000815068826496,170.2576630351619
1751.0,1235.0,417.0,1316.0,578.0,51.0,-6.132582521394385,-4.376380299774375,173.2882911410433
1261.0,1427.0,1379.0,1732.0,1420.0,426.0,0.024514978179748903,-1.1385090074875286,185.45644319179303
1517.0,669.0,794.0,1891.0,910.0,1560.0,-5.611605213210378,1.2609488995531288,183.7490457057736
1744.0,324.0,1825.0,979.0,317.0,775.0,-4.161768568828263,7.621920521688913,176.39308298881966
1897.0,381.0,1404.0,972.0,865.0,316.0,-5.999715302696341,4.45318934565674,175.83445923809205
775.0,1137.0,1843.0,1700.0,868.0,1881.0,4.174141618395228,4.76163176689376,188.17137420228303
370.0,912.0,1923.0,1357.0,1446.0,192.0,5.570280483575175,4.000159920365954,177.75155090618114
1282.0,905.0,381.0,1286.0,1762.0,450.0,-4.026163949347861,-3.898725400035679,177.1480256277788
1965.0,1835.0,749.0,1555.0,252.0,1179.0,-4.799028890365507,-4.669757938485253,184.6631999964701
1521.0,810.0,345.0,1872.0,1950.0,248.0,-6.625048845062609,-4.003874011934792,180.48823806772782
1437.0,1505.0,1585.0,1006.0,1196.0,355.0,0.3804337410932654,-0.3551163128892649,182.5842319884829
1977.0,100.0,980.0,305.0,517.0,641.0,-7.416191158430692,4.194205103203957,168.9403344679365
1286.0,851.0,470.0,442.0,554.0,1376.0,-3.0031045020005367,-1.1342863712540694,171.64958509358715
1926.0,455.0,724.0,110.0,565.0,1488.0,-6.519878520395667,2.1248319827412034,172.92483199907815
1779.0,1568.0,261.0,920.0,1948.0,585.0,-4.811605918743784,-7.983712661304482,182.0020282032267
111.0,414.0,783.0,663.0,1641.0,1729.0,4.067865408429182,2.0542144657608112,173.46574854036697
1628.0,1218.0,1913.0,792.0,237.0,497.0,-0.7763581658522589,3.4816006764131195,178.3950193881455
1140.0,1606.0,1849.0,1235.0,980.0,1245.0,3.401835401775326,1.5010009532009216,187.54580166018937
1323.0,795.0,1612.0,1798.0,94.0,1270.0,-1.8538272847694974,5.224883964742656,181.391812773843
1508.0,421.0,1808.0,89.0,1067.0,308.0,-1.4954922000288688,5.771932103708262,172.65093280818397
1846.0,323.0,1799.0,1364.0,1384.0,1688.0,-4.759650709104579,8.311726470366109,188.97572538928503
1173.0,1077.0,1967.0,865.0,1606.0,62.0,1.961574441970832,3.025447401980089,180.7601376924421
619.0,193.0,1548.0,884.0,347.0,694.0,1.0108093191261716,6.778554570271195,167.8748790247028
231.0,517.0,1526.0,1869.0,921.0,286.0,3.342261810921739,4.5687414507531185,173.4272337876858
1306.0,135.0,1922.0,1875.0,353.0,1707.0,-2.568070672434514,10.677913234493428,183.05520955238242
1286.0,1432.0,407.0,1794.0,1456.0,1864.0,-2.52772827816108,-5.421944705207198,188.39769362734384
1202.0,1272.0,1929.0,1502.0,1000.0,140.0,1.330211587007709,2.503153871206572,182.32021902447065
1795.0,1577.0,114.0,636.0,985.0,1209.0,-5.019252717391856,-7.132596823592474,178.2276491178454
1360.0,272.0,239.0,1187.0,739.0,1975.0,-6.5990826683057415,0.9284093210722745,175.57158969616845
780.0,1019.0,1933.0,1886.0,522.0,858.0,2.899353154182932,4.998837405668212,181.94639017634344
495.0,1717.0,159.0,1434.0,856.0,1701.0,2.5670191409012344,-7.551990730239735,178.54225713232728
321.0,1954.0,1648.0,513.0,630.0,1562.0,9.103568185515647,-0.6898617544594202,179.77927456216244
1273.0,146.0,1355.0,674.0,455.0,1524.0,-2.6723169915445766,6.962095994571423,173.72084005784987
1578.0,1338.0,881.0,887.0,1305.0,1728.0,-2.23189993114255,-2.056237148715088,185.81184839083997
1321.0,1655.0,1022.0,662.0,1844.0,1384.0,1.0892340035489874,-3.77613031960693,186.6504886495914
1434.0,671.0,405.0,1946.0,574.0,13.0,-6.804081403292264,-1.8120096876479652,171.7159342442941
632.0,177.0,303.0,1450.0,1303.0,728.0,-2.805965032219537,0.14205384698130136,169.6792682231891
780.0,600.0,1922.0,796.0,1794.0,312.0,3.0642574823245186,5.34141235087643,177.81228272175576
388.0,504.0,83.0,1081.0,418.0,759.0,-1.0407164238042614,-1.7479940413277368,162.6730492936015
931.0,1765.0,1007.0,1386.0,1353.0,36.0,1.9191350843505515,-4.971076866668448,179.2748853339654
546.0,528.0,1666.0,1505.0,1657.0,1285.0,3.439680972972013,5.882320303641394,182.90655468354714
1920.0,1355.0,835.0,1509.0,521.0,348.0,-5.773508643202568,-2.7012343841862885,179.27318852456773
1103.0,1164.0,419.0,929.0,1197.0,1973.0,-1.2563089600074235,-3.31053916768983,180.97145028553572
1217.0,960.0,974.0,62.0,774.0,1162.0,-0.45276888130321247,0.41390448228599386,172.57730323798094
1922.0,1818.0,423.0,1601.0,882.0,1198.0,-5.43228151349916,-7.032368570112224,186.12162018036182
323.0,504.0,214.0,1453.0,431.0,804.0,-0.6545003024498385,-1.1147922224344613,165.23705164851916
1235.0,1981.0,1945.0,375.0,183.0,1405.0,4.458569765756364,0.9185094266220151,182.66056075379822
1491.0,1252.0,1240.0,132.0,863.0,506.0,-0.7510509000336751,-0.3752972410234457,174.31986324360457
10.0,1590.0,1631.0,1640.0,256.0,687.0,7.937835721806084,0.5874544058840973,175.6642407787899
484.0,30.0,887.0,725.0,176.0,1163.0,-0.19911002674823083,5.010280698576314,163.7465293167907
1288.0,265.0,838.0,1204.0,1683.0,667.0,-4.471752708147445,2.08486346739538,176.57311755261819
1722.0,61.0,1314.0,539.0,554.0,1917.0,-5.3231534628328125,7.55154257656053,177.06120461634734
1355.0,1463.0,807.0,1210.0,877.0,186.0,-1.9386799685190352,-3.815964742615894,176.3532329618629
1690.0,1110.0,91.0,1053.0,1484.0,632.0,-6.416250540749212,-5.962939862988907,176.901115170278
795.0,1766.0,1722.0,1164.0,612.0,761.0,4.927540176050129,-0.08437929713524943,181.10125559105555
465.0,1141.0,308.0,354.0,1847.0,187.0,2.1502114013344342,-5.560393352901456,167.97246818759146
996.0,441.0,289.0,1452.0,973.0,1762.0,-4.020212783101944,-0.11502276770616571,176.45925270310258
1604.0,487.0,1632.0,154.0,389.0,1576.0,-2.1797001497970525,6.582425424889514,175.8773300812477
7.0,1341.0,643.0,1360.0,667.0,1780.0,5.872627804069147,-2.696109632532765,175.72404694347574
320.0,390.0,359.0,289.0,312.0,569.0,0.444876956231756,0.0879160408789989,157.56515380390726
227.0,44.0,151.0,1856.0,868.0,23.0,-2.1993706636333807,-0.2170113454303827,162.28278485918784
1268.0,109.0,1128.0,729.0,637.0,1851.0,-3.311532178833173,6.304298861013612,175.2681088258782
429.0,685.0,1497.0,1024.0,138.0,549.0,2.9062270200206166,4.200701917435597,168.16998766178682
984.0,1617.0,483.0,1219.0,101.0,1923.0,0.1786378473301602,-4.203238764850813,178.5338307935865
833.0,772.0,103.0,1062.0,1016.0,613.0,-2.534501314387375,-3.698806917623698,168.61747106034554
942.0,72.0,494.0,240.0,1042.0,499.0,-3.0624205951705976,1.516580068974618,162.91563298987623
1948.0,841.0,1583.0,1868.0,1701.0,1261.0,-5.1309555690727,3.7372671087245855,193.3455645582447
1599.0,244.0,474.0,384.0,1256.0,1753.0,-6.252903510484366,1.6335139187511338,175.25226928786117
156.0,1686.0,1320.0,1520.0,1213.0,610.0,7.391521358135727,-2.4260812864185946,179.28407684542884
675.0,311.0,1265.0,322.0,927.0,1567.0,1.6087490508956126,5.360183747288481,171.98551544100778
1752.0,1803.0,229.0,1985.0,1383.0,1163.0,-5.38251558219584,-8.804208708741774,188.4353699520586
46.0,968.0,1250.0,1785.0,860.0,1383.0,5.88029593585165,1.9757730210871909,178.30265365908969
355.0,24.0,1825.0,1639.0,529.0,1377.0,2.7103461226891095,10.118186457334406,175.1229133050075
182.0,802.0,419.0,382.0,429.0,313.0,2.2483436084912833,-1.8529727143509067,159.00700181250775
64.0,1300.0,159.0,213.0,436.0,1326.0,4.368182142245648,-4.668006464783487,163.8220946244134
446.0,1926.0,1665.0,131.0,1383.0,1869.0,9.572391395112955,-0.9127001844160072,183.8038515166967
1669.0,1101.0,876.0,103.0,70.0,289.0,-3.3671414424999373,-0.7908211066747272,167.15185800317255
661.0,440.0,406.0,1368.0,834.0,1500.0,-1.6557097544905721,0.4164259139315222,172.8888913747673
1815.0,1401.0,873.0,1861.0,576.0,382.0,-5.351433666057044,-2.822439612616848,181.4498378485676
1444.0,477.0,1822.0,652.0,1542.0,473.0,-1.3262254009788284,5.740881528774269,178.90981489940023
175.0,1523.0,497.0,706.0,1814.0,63.0,5.006045020010448,-6.632702344405942,170.2594269155607
56.0,1389.0,907.0,1471.0,1030.0,1551.0,6.563762033176359,-2.1142713993338815,178.84763865709178
631.0,132.0,1266.0,459.0,1052.0,362.0,0.6302923747698179,4.787621619113051,166.02100778821244
1337.0,1826.0,1805.0,1541.0,1861.0,616.0,2.645682127516951,-1.2239781720225733,192.35319680580085
1257.0,1175.0,1171.0,1826.0,1787.0,1913.0,-0.5345465522352506,0.0896868679741096,193.16482794897945
1564.0,1966.0,1582.0,1998.0,720.0,872.0,0.031269446421418934,-1.8754933357588537,190.90473066084127
74.0,1649.0,1909.0,1103.0,1478.0,384.0,9.7509896552348,0.333830279581395,179.56504980769608
437.0,816.0,1785.0,1025.0,366.0,1909.0,5.241597857202738,6.357628442047526,178.3530118439888
239.0,1783.0,125.0,1894.0,526.0,1416.0,3.4125821757517745,-7.969136933259316,176.50131067821377
1640.0,263.0,863.0,1834.0,1262.0,1366.0,-7.327929165234577,3.36938145745339,183.02431173054387
1851.0,142.0,1667.0,1707.0,1576.0,1535.0,-6.2189300566697225,8.422398527985756,189.28352878772142
912.0,1551.0,766.0,296.0,1789.0,95.0,2.043193361750371,-5.311452975327857,173.70543704934653
1896.0,591.0,1704.0,407.0,795.0,1841.0,-3.4471238387002914,6.58084823695229,183.04728011041243
55.0,1503.0,1233.0,730.0,87.0,774.0,6.789675675338048,-0.6499261721532235,168.3679638236843
834.0,1282.0,577.0,1677.0,49.0,962.0,-0.6558288103887846,-2.704002775693582,173.709815904026
1962.0,1419.0,1825.0,1153.0,1883.0,1534.0,-1.5875497671158174,1.922829079038581,196.4691093581198
672.0,147.0,323.0,355.0,837.0,1032.0,-1.8574958254861542,1.03097945228234,163.35727091203066
1086.0,1357.0,274.0,1808.0,1230.0,639.0,-2.540947424828298,-6.214372706659767,178.7833770099925
764.0,1233.0,829.0,825.0,1227.0,1625.0,2.242524145507998,-1.7696548395418483,179.54552015191342
271.0,1176.0,866.0,1534.0,15.0,1234.0,3.40658635292338,-0.4676386508518515,172.21753195084452
673.0,1791.0,267.0,1586.0,1384.0,771.0,1.637581317067145,-8.565236551798685,179.0448651763413
550.0,1520.0,91.0,300.0,346.0,1737.0,2.208619708333651,-5.759849695809627,169.2221266778518
311.0,1348.0,787.0,615.0,1661.0,1172.0,5.360509903432452,-3.3484793208714754,176.22869161518264
1461.0,539.0,1954.0,1620.0,1518.0,966.0,-1.7193586447983935,7.0990028847804405,187.3619433263175
1265.0,656.0,289.0,994.0,409.0,1083.0,-4.769988586349534,-1.2075897288363466,170.1232354202436
400.0,93.0,900.0,973.0,397.0,1412.0,0.4878705446195986,4.952225839744608,167.4209133404353
875.0,387.0,1065.0,283.0,796.0,1290.0,-0.05936225123655692,3.765815313948062,170.16706150718457
492.0,1835.0,1594.0,411.0,285.0,137.0,6.115127312308105,-1.2117191887602428,170.3328182972428
212.0,652.0,1651.0,1632.0,1750.0,1736.0,6.231667404327386,5.620419095909395,185.10861395429092
377.0,496.0,1842.0,1453.0,1644.0,891.0,4.684031749988564,6.502581419804981,180.30366193339916
996.0,389.0,145.0,1868.0,688.0,1745.0,-5.238205583218355,-0.37997115195230535,175.96009429382727
231.0,1078.0,186.0,443.0,1840.0,1522.0,3.7232757751394168,-4.999206601218769,173.14830745723492
1989.0,866.0,1270.0,788.0,1128.0,1969.0,-4.863530497011565,2.8965758010982663,187.19744766982438
1950.0,1325.0,1316.0,1826.0,20.0,200.0,-5.258746211299368,0.11692973055708591,180.0646082580041
1427.0,790.0,535.0,1887.0,121.0,27.0,-6.101012464049454,-1.3080648198423974,170.43635723375377
543.0,533.0,1819.0,1156.0,1991.0,281.0,3.767379599569285,5.140461721283444,178.4063273503222
509.0,1630.0,1775.0,316.0,1368.0,1951.0,8.590423696730326,1.2780788364133113,184.5711560799821
1441.0,55.0,1924.0,1649.0,937.0,1156.0,-3.3601151615377254,10.01136973517557,182.43596183898742
174.0,993.0,315.0,712.0,501.0,1968.0,3.3770285167106637,-2.1645600473000868,169.9608659795032
743.0,773.0,1415.0,545.0,841.0,333.0,1.9596797521661704,2.5809935933002306,169.96159094341292
1337.0,851.0,414.0,712.0,1878.0,589.0,-3.6275029099005143,-3.3876443256135795,175.7027365590609
1788.0,1937.0,1907.0,1045.0,1070.0,1615.0,1.123840826910258,0.3291087363765208,194.35538290839256
793.0,933.0,1699.0,1786.0,1478.0,996.0,2.704246094144935,3.718052506145864,185.59074745716805
408.0,261.0,515.0,216.0,273.0,1371.0,0.5146544629539255,2.191010627418646,161.66704079930153
1574.0,573.0,1896.0,1221.0,1245.0,1737.0,-1.83455124720269,7.572496074430077,188.3017223287885
101.0,1478.0,24.0,1358.0,703.0,1841.0,3.895362529100531,-6.701505236691241,174.1196695882404
1006.0,1398.0,96.0,1735.0,1122.0,217.0,-2.6169658749291695,-7.422389806553904,174.43368441408083
1870.0,1052.0,553.0,1915.0,318.0,689.0,-7.663454753165186,-2.1834108701683212,178.6663416380331
1161.0,693.0,360.0,230.0,1574.0,870.0,-2.630490245509063,-2.2887579728279452,171.1557075274999
815.0,1889.0,741.0,1806.0,70.0,980.0,1.5859361342533713,-4.963627685631872,178.3553031426745
833.0,813.0,281.0,1561.0,1569.0,1884.0,-1.686621518718725,-2.710631992796621,181.81146703182398
1554.0,141.0,903.0,1250.0,169.0,200.0,-6.682466362819531,3.598203211302902,167.43617012391144
1572.0,1701.0,78.0,1964.0,1981.0,838.0,-4.931282918662967,-9.998833479032372,187.40243356130057
1126.0,848.0,1640.0,93.0,73.0,756.0,0.94623265292141,4.181370794932896,169.31738779302103
1252.0,787.0,318.0,1943.0,1696.0,548.0,-5.199520617213901,-3.5522110366747803,179.5739427224441
1345.0,1236.0,1242.0,1296.0,174.0,532.0,-1.5609521017631953,0.34862812978009344,176.0567053078529
1916.0,1541.0,506.0,1110.0,1452.0,708.0,-5.323402776213072,-5.980466123568665,183.03174882496262
1043.0,376.0,1967.0,81.0,1625.0,581.0,1.7749668292167367,6.8160127904076795,174.99532030785358
182.0,1894.0,729.0,1005.0,1038.0,257.0,5.978674525663879,-6.368198414332588,171.9491460116025
549.0,1745.0,1090.0,177.0,1518.0,1570.0,6.557216463188768,-3.3169330008466686,180.02858683273575
649.0,1812.0,1032.0,1681.0,1171.0,473.0,3.7174191065680047,-4.645997580107923,181.01724931105787
550.0,719.0,1630.0,1151.0,555.0,1808.0,3.784889246353519,5.860705207615984,178.85751844247613
445.0,1519.0,1134.0,1195.0,1704.0,1255.0,5.77327934508704,-2.474179167371582,183.26988978112652
1578.0,132.0,218.0,1252.0,386.0,1460.0,-8.576686692976892,1.3966714554735826,171.55245859409425
1528.0,1424.0,37.0,642.0,829.0,640.0,-4.342215263654889,-6.853230523848911,171.99030415684518
1845.0,1697.0,1767.0,694.0,1147.0,1035.0,-0.24828109775281887,0.2530121642597878,188.28419834154585
683.0,1314.0,502.0,2.0,1737.0,1032.0,2.723280464590746,-4.693394022968447,173.01512410865482
98.0,1702.0,914.0,1532.0,1697.0,1477.0,7.774136079365781,-4.549346841734546,183.94972598466876
1542.0,1273.0,1658.0,286.0,756.0,658.0,0.017492169026982862,1.7315079920876708,177.8724396805124
362.0,963.0,1138.0,1068.0,1645.0,405.0,4.014966421798312,-0.21376220363311582,174.72204138257354
362.0,1874.0,1370.0,1192.0,1274.0,1799.0,8.219403389071072,-2.254505837894075,186.30517301998378
924.0,42.0,1529.0,1168.0,1889.0,219.0,-0.9396252593575087,6.156852050697946,175.56446652484456
1324.0,60.0,633.0,1333.0,678.0,1736.0,-6.076097351878326,3.9638735384271864,175.49581998649919
1035.0,1966.0,320.0,1781.0,1526.0,498.0,-0.13506614317140253,-9.596542966455008,182.32305674054484
1083.0,1086.0,638.0,1459.0,1127.0,1507.0,-1.5183973973738882,-2.0681248575881215,181.61441138354004
719.0,1465.0,80.0,182.0,1881.0,1893.0,2.0811390498322275,-7.3584427244260535,177.77238104878717
1179.0,1695.0,1815.0,1328.0,400.0,52.0,2.0199790252828485,0.2587326180317857,179.36705516031975
435.0,684.0,1224.0,1203.0,1544.0,116.0,2.6348681097591267,1.4464380810310824,172.80762013034771
1470.0,1615.0,1533.0,1680.0,206.0,639.0,-0.701081160716885,-0.019489226748986288,182.8587836200066
1949.0,244.0,918.0,498.0,503.0,117.0,-7.379909165509338,2.7206727432151094,167.48890706653654
1972.0,721.0,907.0,1772.0,1088.0,1025.0,-7.830337798415199,0.9301465804353569,184.35102326112897
871.0,299.0,750.0,1306.0,423.0,142.0,-2.9630321902858494,1.899276043425627,165.49032385247935
283.0,398.0,71.0,17.0,721.0,1132.0,0.6709929351696291,-1.192856788648505,159.5123894985526
1216.0,1610.0,120.0,1035.0,1162.0,1221.0,-1.9364476643493618,-7.660635167091312,178.56303545782498
477.0,597.0,532.0,944.0,1821.0,0.0,0.4718797824992586,-1.9479051267289829,168.49862363032645
993.0,515.0,331.0,368.0,656.0,917.0,-2.719912182711617,-0.6477514151743442,165.48127977998115
130.0,1699.0,997.0,85.0,1846.0,663.0,8.153513574802812,-4.523177738536799,173.47997098299348
1370.0,1784.0,470.0,1035.0,577.0,1157.0,-1.578095949393201,-6.0588366825231885,178.8174038882513
1785.0,934.0,1962.0,1604.0,1287.0,991.0,-2.5467873251811706,5.194551427948636,190.0690627495329
580.0,283.0,1950.0,97.0,486.0,1083.0,3.6158986943226026,8.354461186616469,168.65911121904676
391.0,788.0,1788.0,612.0,283.0,1740.0,5.547550699239901,6.258381180860994,174.52842129956653
470.0,325.0,1237.0,983.0,586.0,798.0,1.459292969494638,4.659184577587483,168.59719256230153
1470.0,1031.0,1424.0,115.0,76.0,1129.0,-0.79063784910319,2.7557435694174295,173.02534312986268
1263.0,617.0,787.0,1870.0,1457.0,1118.0,-4.143417564976037,0.626396203536917,182.64968029127132
1543.0,290.0,1116.0,413.0,1041.0,648.0,-4.235585346454934,3.6349911573765006,171.91940396160194
493.0,427.0,417.0,1570.0,586.0,1986.0,-0.7343412454553151,1.1953985215373455,174.25810364864273
833.0,1065.0,1408.0,290.0,297.0,663.0,2.3399661028886687,1.9055740845541513,169.4838016736714
1980.0,1660.0,799.0,1418.0,872.0,1139.0,-4.919392162028849,-4.2254301269337695,186.43227482360578
305.0,515.0,1824.0,41.0,312.0,1110.0,5.321413272070035,6.784610397588823,166.77533851032902
894.0,1379.0,1677.0,388.0,119.0,1959.0,4.2729176778445925,3.1046580745172276,178.92477232653198
149.0,1928.0,222.0,781.0,885.0,1653.0,5.997921563486409,-8.079755350943099,174.49142563310014
1013.0,485.0,178.0,1578.0,1896.0,350.0,-4.633838304610116,-3.003449356329029,174.21326845103454
1393.0,475.0,898.0,903.0,661.0,812.0,-4.17250719277026,2.209410197988214,172.44628236713817
136.0,1494.0,1408.0,955.0,1707.0,844.0,8.22383001504809,-1.2183938775100318,179.44416879987543
1019.0,898.0,309.0,1168.0,906.0,1050.0,-2.6476632784592398,-2.880548204775318,173.56150424347356
210.0,1099.0,1267.0,1339.0,517.0,538.0,4.676447591626422,0.8432733818489513,171.54047688734477
1105.0,329.0,743.0,18.0,1219.0,1888.0,-1.7767944083407285,2.7101657357154405,173.2703085367385
1429.0,978.0,1689.0,1642.0,866.0,1689.0,-0.9715631792841455,4.574245267781196,188.72386995753897
1230.0,1752.0,789.0,743.0,424.0,1686.0,0.5570618567829022,-3.721269817655739,180.1168286608327
1022.0,1296.0,1956.0,706.0,1926.0,561.0,4.127487716208707,2.164206417793822,184.42447892109078
399.0,1245.0,828.0,624.0,663.0,1118.0,3.891592490316855,-1.6415782053598613,171.09649562129772
122.0,814.0,1446.0,672.0,359.0,285.0,5.006150393573657,2.8483873794846253,164.91400727378777
1045.0,874.0,1907.0,1758.0,920.0,1444.0,1.5494615170079402,6.020109590485847,186.86153520091707
258.0,1354.0,622.0,1836.0,732.0,1964.0,4.1231600436605245,-2.9176192113823647,180.79942475611202
889.0,250.0,1786.0,743.0,1039.0,698.0,0.8630095476744826,7.257024688503488,173.63810193237734
1692.0,1747.0,526.0,1162.0,1739.0,675.0,-3.3007357654983775,-7.322140472835985,184.61496348321316
570.0,815.0,1349.0,317.0,1955.0,792.0,4.096106182764724,1.6808474503910222,175.80014152502955
487.0,1400.0,1805.0,1460.0,1604.0,271.0,6.106230434329035,0.8998325012421199,182.0705520986993
1159.0,1124.0,1273.0,456.0,908.0,1642.0,1.0762878787848962,1.412343745519196,179.85959768158517
1925.0,92.0,1550.0,83.0,1976.0,284.0,-5.14596264089215,5.610388816033521,176.14123557040648
1479.0,101.0,638.0,1434.0,766.0,83.0,-7.275581932170557,2.0037973969149268,168.91276438830891
219.0,195.0,1337.0,1943.0,1516.0,917.0,2.6882548117922256,5.680575008794697,177.44455688826764
440.0,1755.0,556.0,1164.0,1671.0,737.0,4.3508188044890135,-7.089006793366787,178.3033752302064
97.0,470.0,18.0,120.0,1367.0,929.0,1.894441130317563,-2.6133299631734728,161.41866357217373
955.0,1738.0,467.0,1540.0,297.0,1872.0,0.42739003235885803,-5.28445977144702,181.29595222224614
323.0,188.0,745.0,449.0,1867.0,1958.0,2.4043188323562723,3.099748234733819,174.44094311784067
616.0,1763.0,1477.0,1907.0,1504.0,283.0,5.051579541171931,-2.5919147015652086,184.79150823305437
343.0,1580.0,1111.0,1829.0,660.0,548.0,4.6186325638114765,-2.482639916887589,177.1856938602672
1250.0,1765.0,424.0,594.0,836.0,30.0,-1.0003594098439073,-6.95038676092825,171.0196377156879
1987.0,1161.0,1553.0,285.0,1083.0,775.0,-2.8582284159699882,1.6230779667511217,181.28956671706635
509.0,613.0,93.0,1971.0,886.0,86.0,-2.437704124383591,-3.3415194054341057,167.32506736031436
814.0,868.0,1010.0,354.0,657.0,1847.0,1.6517850698350203,1.7765294589644673,174.59623509897446
659.0,1650.0,1112.0,1547.0,1085.0,985.0,3.8407030737353614,-2.909178726426062,182.23947991244654
978.0,1495.0,7.0,225.0,1555.0,536.0,-0.431680305371937,-8.160342088481585,170.38230748960433
1608.0,1668.0,1124.0,1868.0,434.0,415.0,-2.7088976159541684,-2.734731037275525,182.63970045787198
413.0,333.0,588.0,381.0,942.0,1475.0,1.1291427497983488,1.756919665525253,167.30269345969435
1876.0,124.0,583.0,414.0,401.0,818.0,-8.037728205011994,2.524331862914,167.3806781167343
1136.0,732.0,638.0,1795.0,1983.0,707.0,-3.316708336885205,-1.653851497945852,182.01692936435242
969.0,1315.0,1980.0,1422.0,1628.0,770.0,3.919072679446756,2.7548925546222964,187.63769292467907
620.0,1807.0,1263.0,535.0,777.0,585.0,5.1903252124726915,-2.7665417986626823,174.67422946147127
1504.0,112.0,10.0,1810.0,1627.0,1680.0,-9.547810004607097,-0.5271519331611999,180.4117443558165
1356.0,1960.0,825.0,828.0,1221.0,1859.0,0.9587542662636646,-5.465454764741956,187.4130622465772
1537.0,660.0,803.0,1311.0,809.0,1334.0,-5.079924796208021,1.2125724030205025,179.20073176538313
1553.0,514.0,799.0,748.0,1538.0,1878.0,-4.588215608417626,1.8394940595810145,182.17610066897876
926.0,1135.0,324.0,824.0,320.0,1486.0,-1.047345314269247,-2.9932618697731495,171.8313365725001
1596.0,1005.0,1147.0,878.0,409.0,1769.0,-2.8387464279423646,1.9366148402703551,181.05602736561136
1859.0,33.0,130.0,670.0,1306.0,824.0,-9.85071372804563,0.053744892501040475,170.395557186107
129.0,1482.0,43.0,1125.0,1734.0,1973.0,4.8165489537641335,-7.7820844045778195,179.09988416234245
109.0,603.0,134.0,135.0,400.0,1584.0,2.331696404516274,-1.2119376810080142,161.23609063944298
1422.0,191.0,1317.0,1200.0,1715.0,1651.0,-3.7376588435182883,6.12724373891354,184.4765689780089
1592.0,1894.0,1121.0,1830.0,1052.0,1646.0,-1.032346055799786,-3.7134490222142955,193.11330240999314
51.0,869.0,672.0,1194.0,1415.0,1536.0,4.7647738181582895,-0.9525911694630284,175.5234719577968
973.0,1892.0,216.0,1501.0,291.0,1067.0,-0.3777925561927738,-7.726359499739227,176.34805620711677
680.0,1409.0,1631.0,692.0,704.0,1162.0,5.051688775225848,1.508943667776124,178.28316121578428
446.0,321.0,1891.0,806.0,1922.0,411.0,4.256619862135688,6.656565308058538,175.58211604987892
876.0,951.0,478.0,1444.0,1858.0,1433.0,-0.826659922708699,-3.004904285195957,182.32263859399194
1498.0,1793.0,968.0,30.0,1525.0,542.0,0.3789929375136373,-4.857591704651776,178.66583233527444
380.0,1300.0,76.0,596.0,141.0,329.0,1.2432406422806757,-5.394018224913323,160.39909492734483
1476.0,482.0,1285.0,1103.0,1512.0,1144.0,-3.379281118665402,3.9098497229953724,182.03997791128756
1378.0,1570.0,109.0,726.0,1876.0,668.0,-2.626926753411822,-8.572772481196877,178.24196771265042
1685.0,1540.0,1391.0,1458.0,750.0,1344.0,-1.7495701207786607,-0.2479118924123911,188.17434324273205
1555.0,384.0,1065.0,22.0,477.0,1196.0,-3.681717774377142,3.853206773014419,170.0930871228521
1867.0,1389.0,1731.0,1451.0,1770.0,828.0,-2.0579577491804377,0.992173149670234,192.6424030188014
1513.0,290.0,540.0,157.0,1534.0,977.0,-5.181799576346101,0.7478539703137406,171.708612202193
832.0,512.0,1900.0,1667.0,1758.0,1509.0,2.379607375127751,7.536544359602245,187.95807197732066
1146.0,635.0,1115.0,88.0,502.0,565.0,-0.9717435961638697,2.252811035857944,166.89046409353355
732.0,1509.0,1471.0,483.0,1870.0,1053.0,5.542124697513394,-0.9260026281417619,182.57833813970353
1273.0,601.0,1280.0,260.0,1593.0,1033.0,-0.8513479604118898,2.9252862512635316,177.12368117610657
1798.0,894.0,1195.0,873.0,1636.0,1756.0,-3.8649684568331306,1.7381738230433479,188.01348552849845
1029.0,244.0,1103.0,1726.0,586.0,488.0,-3.2843139958859724,4.220947121856692,172.5561556083748
1796.0,1305.0,1476.0,1727.0,405.0,1450.0,-3.273912816596977,1.8273979438598142,188.0463374144782
1309.0,1173.0,539.0,987.0,770.0,1796.0,-2.4282157654211596,-2.3965767239282596,179.88431697600487
717.0,478.0,1784.0,1763.0,1877.0,640.0,2.0690447074005425,5.968952738400568,183.2746149975498
1047.0,1397.0,1910.0,735.0,1171.0,929.0,3.8474569136459955,2.363446403731856,183.0328257873955
724.0,97.0,34.0,98.0,1511.0,999.0,-2.5861753346425917,-0.7699473100855299,163.81427930197265
1395.0,760.0,210.0,1538.0,676.0,249.0,-6.276732875779373,-3.0862674439982234,170.65020719417788
541.0,1831.0,1392.0,1941.0,1768.0,14.0,5.423884064182953,-3.86905862266821,184.372868446565
1756.0,164.0,1249.0,1549.0,1929.0,150.0,-6.862172167187773,4.090402986872245,180.72912766002193
1252.0,1830.0,288.0,1202.0,1941.0,314.0,-1.2304947694967296,-9.434045377330504,180.76257669236543
410.0,1524.0,107.0,872.0,1386.0,888.0,2.6622946629340483,-7.673998138868466,172.4530822591005
37.0,1904.0,378.0,1207.0,392.0,775.0,5.58463165406284,-7.113253337794998,169.79493820323273
1843.0,1255.0,1749.0,191.0,1302.0,1708.0,-0.6666124483657292,2.896115005950185,187.48828900885104
1804.0,1588.0,986.0,370.0,1365.0,414.0,-2.354381511808254,-3.764120233033253,179.591515302919
347.0,434.0,1512.0,315.0,780.0,976.0,4.060936647685545,5.3644456948974435,168.29133402089056
1640.0,182.0,308.0,776.0,1397.0,67.0,-7.863617136070762,-0.5757397198120222,168.2078776372541
1140.0,572.0,126.0,732.0,1433.0,96.0,-4.413032432711756,-3.3647719993585086,166.97754392721424
1597.0,1114.0,207.0,944.0,1841.0,1493.0,-5.107173546493565,-5.220607370103905,182.90425705892196
1511.0,467.0,1826.0,901.0,1687.0,1075.0,-1.712972336303135,6.583853338720146,184.3343736970961
643.0,1890.0,1654.0,612.0,1417.0,781.0,7.03784686228197,-1.751632682266183,181.86149808858573
497.0,19.0,658.0,229.0,921.0,1925.0,0.2968156575056434,4.1490258014775465,167.80761945888898
1896.0,6.0,1947.0,751.0,1128.0,1657.0,-4.847202027932135,10.54455854376343,183.4588722169306
77.0,817.0,330.0,1046.0,1131.0,647.0,2.720061096001674,-2.8812962274287974,166.82733362442605
1856.0,660.0,1399.0,1155.0,1926.0,1032.0,-4.793472273857223,3.171697035354244,187.29793979984794
446.0,1373.0,589.0,490.0,64.0,735.0,2.75382947767903,-3.0133763548400645,164.99732685676727
1065.0,974.0,1838.0,1627.0,1017.0,313.0,1.0015859807643994,3.7452978850928944,181.19751178541523
898.0,225.0,734.0,841.0,219.0,1515.0,-2.3687192615564614,3.6803021029635428,168.7646971240821
1391.0,269.0,1191.0,1298.0,1829.0,297.0,-4.199406770643309,3.4140343059134386,178.22536236833545
1071.0,414.0,1759.0,385.0,660.0,44.0,0.047358024972374464,5.56915168825745,168.2007652589116
745.0,1717.0,1816.0,1057.0,1726.0,1418.0,6.893972412367441,0.25853021350514943,189.56740115193557
1902.0,1517.0,148.0,35.0,1781.0,1095.0,-4.769188257817401,-7.498432934605507,178.99781301630134
966.0,1474.0,1492.0,862.0,1974.0,1792.0,4.346140423209992,-0.06325550565859725,190.10858031370418
74.0,923.0,395.0,1106.0,344.0,714.0,2.6793413573776586,-2.2291128579519213,164.29562133434254
874.0,1675.0,1710.0,1223.0,1155.0,379.0,4.262310398030968,-0.5183217382597237,182.13551211964335
201.0,849.0,1981.0,1363.0,1792.0,581.0,7.189581902213554,4.871304545657543,180.55678916342345
16.0,360.0,1992.0,564.0,1563.0,604.0,7.201420433278134,7.264675804200186,171.76835377393084
711.0,1684.0,1516.0,977.0,1453.0,1617.0,6.072753087464147,-0.7528760518483903,186.92378837613217
1767.0,1664.0,934.0,32.0,250.0,1313.0,-1.7636718653587433,-2.477154172315895,176.7058760772442
1199.0,940.0,1211.0,791.0,1191.0,1118.0,-0.3526700153285228,1.3185074034869826,179.31187413915242
63.0,419.0,1649.0,1047.0,1008.0,1248.0,5.848390158152073,6.5387721264177046,173.6812034485469
756.0,744.0,1996.0,1588.0,1418.0,668.0,3.160000402005273,5.9031521591328575,182.80190258669728
157.0,530.0,1258.0,1254.0,1878.0,1633.0,5.240187251044436,3.820522361185737,180.4612362245701
632.0,1125.0,1801.0,1828.0,1971.0,441.0,4.548598417184167,2.291662984364165,186.10778114051908
397.0,1027.0,428.0,766.0,105.0,352.0,1.1980210614266391,-2.5307367236644884,161.8341430623462
1494.0,1733.0,1535.0,1756.0,1470.0,1491.0,0.6119654606054006,-1.0793828445136897,194.96552024892952
1704.0,556.0,1228.0,348.0,381.0,99.0,-4.312958693650971,2.7588426038397746,168.14370853943726
1658.0,841.0,218.0,568.0,786.0,1430.0,-5.969271245816125,-2.544707939149614,174.1853637446374
598.0,127.0,1174.0,324.0,231.0,1180.0,0.6800422758654547,5.794747579010022,164.56541671977809
1366.0,1181.0,196.0,1059.0,441.0,1804.0,-3.9653174235682624,-3.858494599637158,177.05054216757742
1419.0,1703.0,1444.0,391.0,671.0,193.0,0.8637103486850133,-1.620055172047445,176.05152412613947
1051.0,476.0,224.0,46.0,1485.0,1592.0,-2.598750714938793,-1.1918658275961889,171.0827346423405
1410.0,1657.0,360.0,911.0,964.0,1060.0,-2.236560228063469,-6.463052409790231,178.6263884283876
756.0,1934.0,1543.0,1123.0,1216.0,455.0,5.390592123800818,-2.640508146282701,182.1038575223347
1216.0,1369.0,68.0,1987.0,1788.0,1931.0,-3.46349978379999,-7.41754124210844,188.88361720105956
1582.0,639.0,387.0,1650.0,208.0,1522.0,-7.1860284046678355,-0.13025919387657292,176.6258308930283
966.0,1583.0,1663.0,1696.0,578.0,1779.0,3.533308126920239,1.5009425134456238,188.59498240996538
830.0,1528.0,276.0,1046.0,700.0,1523.0,0.49524028911553364,-5.703829424346064,176.3180191875619
395.0,1970.0,307.0,430.0,1634.0,1599.0,5.712494474057797,-8.727871859112863,178.14819716418032
810.0,1217.0,1799.0,484.0,1776.0,467.0,4.6836877513515445,1.7401211643089947,179.68231472094925
1752.0,1183.0,1488.0,972.0,382.0,161.0,-2.9701513982407413,1.2274363449418713,176.60813396159523
762.0,1314.0,563.0,1913.0,1181.0,835.0,0.15194830995343533,-4.309254839120517,179.8191379354804
283.0,1058.0,1178.0,938.0,1176.0,99.0,4.374958479626887,-0.37901529271821804,170.31973092736638
949.0,534.0,1290.0,1979.0,1588.0,1147.0,-0.8680320412825204,3.7951005333140015,184.5972040035074
1723.0,1119.0,256.0,973.0,291.0,872.0,-6.178901360879565,-3.6483577358752526,172.7517558082682
278.0,125.0,1355.0,1873.0,1020.0,1795.0,2.465643965753502,7.485301602445733,178.99122114631265
1637.0,566.0,531.0,17.0,745.0,1463.0,-4.9882357575027285,0.47059300217521016,171.4457404853207
167.0,490.0,1939.0,1111.0,476.0,89.0,4.829433791054637,6.463787801259796,167.68798496283316
271.0,1308.0,1779.0,372.0,34.0,337.0,6.348275497455846,2.367794089704763,166.91490407708437
512.0,72.0,700.0,1968.0,1574.0,659.0,-1.6636724119770692,2.57579781477897,174.2580453843523
191.0,1317.0,748.0,687.0,565.0,433.0,4.386413076622523,-2.8004752927795944,166.2095168161656
841.0,1341.0,1684.0,409.0,943.0,151.0,3.7616378189402933,0.8928699543922178,173.64317567058757
1183.0,1038.0,616.0,491.0,1931.0,921.0,-1.161166190361493,-3.082005713076553,177.8323783913819
1526.0,1939.0,1800.0,74.0,1629.0,1717.0,3.7018317310879474,-0.6425864184157275,190.7347535895125
438.0,1769.0,388.0,888.0,973.0,1924.0,4.480070276839735,-6.436461756138788,178.6311983980452
1498.0,619.0,1156.0,1792.0,259.0,703.0,-4.87563151543415,3.0816169378793123,176.91674749075028
103.0,1605.0,193.0,1697.0,1182.0,188.0,3.621773043182981,-8.051722531791903,171.21905352858445
1762.0,926.0,1083.0,640.0,660.0,14.0,-4.349591168142133,0.14689500346716244,172.15430791725646
383.0,1793.0,1693.0,1744.0,753.0,1443.0,7.686434594714292,0.08469189413487949,186.03441691855747
205.0,29.0,1552.0,1624.0,1310.0,1873.0,3.7170023445147455,8.95252052599409,179.6127078799391
1414.0,1834.0,825.0,1931.0,932.0,588.0,-1.7133321619353101,-5.545262815443258,184.66556008181652
144.0,193.0,116.0,1213.0,43.0,1795.0,-0.24075433477540878,1.1690434328758406,164.03518687800144
855.0,578.0,956.0,1398.0,199.0,761.0,-1.4447847958139417,2.354739382936605,170.45755701069317
952.0,427.0,1555.0,566.0,1797.0,975.0,1.0779985189499028,5.089741919992757,178.23695296081124
733.0,1734.0,1645.0,1620.0,924.0,219.0,4.450217890588345,-1.074870256160403,181.37298020966426
1914.0,1616.0,1990.0,59.0,702.0,1154.0,0.2835328122298173,2.1923215736654154,184.36413761119778
1535.0,1852.0,218.0,420.0,757.0,1309.0,-2.208894476726021,-7.5488539325722215,177.12449470693912
797.0,1455.0,334.0,1589.0,1298.0,1351.0,0.3354748690640972,-6.01399572491792,181.07899300200117
1145.0,1535.0,39.0,1369.0,357.0,1391.0,-2.6171929824335214,-6.700354884062322,175.8588329335583
217.0,146.0,459.0,818.0,1352.0,880.0,0.8105577074490451,1.1717724018704674,165.9882224785166
1236.0,881.0,519.0,1123.0,1052.0,1181.0,-3.2084224594908055,-1.7572082083569298,176.89027902193487
1674.0,508.0,1489.0,1963.0,300.0,1423.0,-5.225845858500091,6.147627393979161,183.62935038459665
1530.0,90.0,102.0,1992.0,1333.0,1702.0,-9.774454934543343,0.3973020433624808,180.41296647495133
714.0,809.0,259.0,1010.0,1529.0,749.0,-0.9380402019014655,-3.532068647688268,172.1145672895516
1916.0,385.0,609.0,1086.0,355.0,822.0,-8.473226813245788,1.5057371547739902,172.31627395354474
1572.0,94.0,936.0,610.0,1696.0,225.0,-5.666703236993253,2.846175967233223,172.26188044486705
1282.0,1407.0,1752.0,541.0,1551.0,1550.0,2.8447071653575637,1.8103738260003022,187.6787078594781
1274.0,1025.0,1770.0,1452.0,1019.0,212.0,-0.15096216553915842,2.9965860439632865,180.80735366367136
758.0,950.0,801.0,1964.0,49.0,925.0,-0.8321202853233346,0.026164713721161803,174.06846651064262
225.0,1108.0,744.0,548.0,1948.0,377.0,4.706581905007271,-3.2322584993142653,171.34751091475727
223.0,1404.0,349.0,817.0,1610.0,528.0,4.071362867364661,-6.295328326248831,171.16019460189315
1309.0,1334.0,1161.0,1417.0,1542.0,1832.0,-0.11637913749590376,-0.7035731078927432,190.40151314473698
899.0,699.0,1677.0,1432.0,643.0,1701.0,1.4935217555614908,6.1083525748686505,182.20965018411022
863.0,1316.0,1539.0,1090.0,1972.0,1783.0,4.447073674638046,1.0744115326418053,190.1263904249267
1293.0,330.0,1187.0,1366.0,352.0,171.0,-4.080648202213469,3.9234534653758613,170.06975627271183
498.0,1272.0,947.0,420.0,1426.0,392.0,3.9394946505004915,-2.504666798351875,171.45641807481752
1386.0,355.0,53.0,1034.0,1666.0,109.0,-6.988239451148647,-2.9015354226317402,169.43458948565655
1321.0,1333.0,2.0,1586.0,764.0,1528.0,-4.454997936076367,-6.374037161701223,179.44278812291887
196.0,1622.0,1783.0,1165.0,571.0,1073.0,8.357030434769579,1.2552303765380008,178.7358254657222
943.0,1015.0,1171.0,1174.0,582.0,437.0,0.15563883252070965,0.6284494960742382,173.48302702364717
972.0,473.0,1976.0,626.0,764.0,1734.0,2.1268599854015315,8.518295402773214,179.390024596463
1869.0,1710.0,1098.0,999.0,1967.0,1410.0,-2.213736603797488,-3.8320533336035796,192.6607042286593
1454.0,1940.0,142.0,1700.0,249.0,996.0,-3.5137243173657184,-8.395404923948114,179.01294117955732
1948.0,1492.0,1676.0,147.0,1751.0,1646.0,-0.5996776200232561,0.8677066016979746,190.67528662780612
939.0,765.0,1680.0,1870.0,1844.0,1652.0,1.745229211955421,5.05864132475717,191.07543870752653
899.0,580.0,611.0,188.0,1803.0,450.0,-0.7599549780023143,-1.0531280220652908,169.34357747851408
1699.0,1591.0,355.0,1459.0,1092.0,945.0,-4.811591889409463,-6.554804712191666,182.55542496296633
504.0,1298.0,1522.0,1429.0,1292.0,1246.0,5.415764893935211,1.1538413043051323,183.5182951891326
1066.0,897.0,887.0,1564.0,1139.0,1458.0,-1.3582093907030812,0.23144436164319818,182.2103948483496
104.0,1149.0,1694.0,1656.0,754.0,1702.0,7.7158492142163775,3.7693479375014216,182.08777665104137
1285.0,880.0,1186.0,1745.0,464.0,1855.0,-2.163690158471783,2.8818946670380647,184.20041391534443
1240.0,628.0,214.0,1690.0,727.0,438.0,-5.896287229495778,-2.339429125015294,171.2643126321885
1850.0,512.0,1247.0,253.0,1863.0,633.0,-4.580201024928597,2.5793373510352424,178.65010262763744
770.0,1998.0,410.0,1572.0,254.0,395.0,1.1447235309013273,-7.574579533184682,173.5367900731778
1048.0,946.0,1264.0,1009.0,950.0,1075.0,0.338512604419433,1.72991269136958,178.4922915757113
1819.0,1713.0,1900.0,1187.0,983.0,327.0,-0.620451826820282,0.33777317519643774,186.94828740177675
558.0,957.0,1518.0,1225.0,525.0,278.0,2.9244134455857536,2.4778179500238924,172.04971317715683
1449.0,1714.0,1024.0,1428.0,534.0,136.0,-1.5727078001759913,-3.686722313208213,178.35147235485334
1414.0,17.0,729.0,111.0,366.0,1774.0,-4.855164923371503,4.714661684850982,168.4811348719814
297.0,459.0,1992.0,1875.0,1988.0,1240.0,5.7639061379958925,7.958032758360248,186.10009625708577
1978.0,1248.0,542.0,1260.0,227.0,1360.0,-6.761539557991804,-2.5340037713173458,179.87424924600344
1718.0,1710.0,1489.0,1128.0,303.0,383.0,-1.4609470934994615,-0.979463762758191,180.74390400265045
280.0,720.0,532.0,250.0,298.0,1539.0,2.6174185602312026,0.19974036452535415,164.61978473953104
968.0,1816.0,1083.0,454.0,315.0,1079.0,2.8979945237730167,-2.8068256308288855,175.4249159672367
1315.0,26.0,1976.0,1026.0,1121.0,1952.0,-1.4111832457764568,11.165227339570125,183.67398176093548
1895.0,476.0,1526.0,453.0,1269.0,1061.0,-4.434293747222818,5.071966995534141,180.26122660415137
1626.0,865.0,95.0,37.0,177.0,1677.0,-5.389823533434493,-2.332707894116384,168.87829200743482
1431.0,648.0,1983.0,1259.0,1419.0,1723.0,-0.4040404640515489,7.5425716460367624,189.44576787651505
951.0,1584.0,1086.0,725.0,1270.0,1456.0,2.963559178472635,-2.422286707531893,182.45326924957402
539.0,461.0,51.0,985.0,29.0,1839.0,-1.6980236485283837,-0.4521804380093284,166.09143515645752
1240.0,1040.0,1522.0,375.0,931.0,1133.0,0.9114631460088631,2.5542524246442344,178.19399956700963
1411.0,641.0,1626.0,1305.0,255.0,750.0,-2.3921996970878237,5.250687903836703,176.73750753106643
1264.0,893.0,23.0,1043.0,1844.0,569.0,-4.659707445765595,-5.651802134554606,174.81523989183478
1498.0,1248.0,1622.0,1327.0,1027.0,713.0,-0.8427563808700718,1.625338364733156,184.38954171020532
474.0,472.0,1402.0,316.0,1466.0,1601.0,4.019250317372022,4.929635330116324,175.365790800045
1547.0,128.0,742.0,776.0,1700.0,1373.0,-6.017993311097112,2.960752427874875,178.1340411312067
1192.0,1376.0,1456.0,10.0,378.0,1962.0,2.4579741059693885,1.8008227364648388,178.8002863738734
507.0,633.0,855.0,814.0,1291.0,1305.0,1.920144934427857,1.1646314359473473,173.8941711176622
848.0,1964.0,1352.0,236.0,1730.0,510.0,5.513403927698377,-4.099930078972873,180.00613945927788
855.0,457.0,711.0,477.0,1010.0,808.0,-1.0830831095938243,1.0606388827380888,168.29172354231594
1008.0,810.0,1737.0,904.0,1947.0,81.0,1.6627058010481797,3.0237034962462706,179.38697261452347
637.0,1609.0,519.0,682.0,1075.0,1158.0,2.936794037475641,-5.425901916697338,175.14331159778735
1847.0,1201.0,877.0,1507.0,834.0,1964.0,-5.174271668286391,-0.7487478532328611,188.36381155702188
266.0,1493.0,382.0,877.0,1555.0,422.0,4.009295279700658,-6.591998691952388,171.47101620879238
1380.0,1576.0,504.0,1622.0,706.0,1206.0,-2.7348763780125207,-5.1437660754929295,181.94814078718727
1382.0,1767.0,430.0,1667.0,664.0,908.0,-2.5883389660853346,-6.640807278797087,180.9447961714321
1866.0,355.0,200.0,1116.0,219.0,1786.0,-9.445611971870445,0.6092066143022775,174.12331168878416
810.0,1867.0,1943.0,1449.0,819.0,1891.0,6.70776240431158,1.3668030706896501,191.1064806118692
939.0,1376.0,1783.0,1475.0,539.0,497.0,2.6681800195548373,1.9740803989058548,180.0643543388483
1973.0,487.0,154.0,1143.0,600.0,637.0,-9.858446375881325,-1.592818344152649,171.25927893856192
1415.0,1286.0,1528.0,167.0,578.0,1046.0,0.6219135484493713,1.5677178216144183,177.07280248351202
1466.0,20.0,1714.0,484.0,844.0,1664.0,-2.699244898044355,9.287996189394297,177.47742303493314
194.0,1294.0,1174.0,1313.0,313.0,1834.0,5.989300825423062,0.7335131599102304,177.3995777065003
1694.0,343.0,1085.0,930.0,1242.0,241.0,-5.7480593721056294,2.747006690116598,174.35991878199172
1798.0,101.0,598.0,1780.0,745.0,574.0,-9.648812278210691,2.371181644185074,174.36958760426398
1759.0,145.0,730.0,713.0,48.0,1944.0,-7.300849624556917,4.598558369582665,173.12074638023108
1256.0,1514.0,1259.0,1795.0,1578.0,1129.0,0.37090381730948824,-1.8007381092526396,190.05153087201933
521.0,64.0,1558.0,703.0,1097.0,1986.0,2.6292274390581754,8.667525034939032,176.19073869469068
1403.0,64.0,1610.0,1633.0,261.0,286.0,-4.558268360056132,7.493076229847628,172.69606143998635
479.0,850.0,1691.0,895.0,1521.0,587.0,4.79800894477436,3.429280279017151,176.92091872506953
594.0,1656.0,627.0,122.0,1078.0,372.0,3.5796245116918404,-5.444508954526961,168.729304167338
330.0,865.0,1828.0,484.0,377.0,1679.0,6.348913500161323,5.910867234006698,174.301459959903
1637.0,1102.0,912.0,1581.0,1315.0,622.0,-4.424915587085712,-1.6099477427320097,182.90889341557605
1744.0,1956.0,917.0,196.0,1026.0,1430.0,-0.7031165279041002,-4.810362588455469,183.40113240093828
1180.0,226.0,1337.0,450.0,523.0,1986.0,-1.4967494083000306,6.9165069014306635,175.14194910914034
70.0,196.0,1881.0,1271.0,1233.0,1005.0,5.647373727941268,8.541594096578223,174.69078216658824
787.0,744.0,70.0,1924.0,987.0,665.0,-3.425802403558132,-3.811003002757856,172.58243873428188
943.0,44.0,1551.0,1909.0,1178.0,1377.0,-1.5691775995875168,8.404497712176926,181.81391493341184
1070.0,1446.0,655.0,790.0,244.0,1473.0,-0.0406420096404752,-2.811598005839811,175.26511016148896
141.0,1275.0,1799.0,976.0,897.0,1405.0,8.45531333646042,3.1442251034385302,179.12499471756797
1922.0,1855.0,273.0,1281.0,1594.0,276.0,-5.3974257864265,-9.225577264725217,182.579569083631
1330.0,1373.0,94.0,144.0,1456.0,1463.0,-2.145266683403924,-6.493490779696246,175.99020423757537
1164.0,514.0,205.0,832.0,122.0,130.0,-4.955614742268022,-1.3987968447492376,161.16372023607653
100.0,885.0,70.0,1877.0,1628.0,1137.0,1.8950662531670974,-4.936882119411312,175.2900371382573
1995.0,1127.0,851.0,810.0,1486.0,207.0,-5.691700971990798,-2.503254897531892,179.2217573766859
148.0,737.0,1099.0,910.0,386.0,1382.0,4.404401851414333,2.6942412552142354,169.92717017965663
1018.0,808.0,381.0,612.0,1948.0,291.0,-1.9383089598633716,-3.624994736068478,171.98518153020973
1177.0,168.0,910.0,950.0,56.0,1666.0,-3.7580063908918597,5.12836988456662,171.19265748079795
768.0,1359.0,500.0,1162.0,925.0,1639.0,1.107137240293091,-3.8905459967738816,178.73186841891714
1501.0,1269.0,1648.0,1232.0,361.0,1432.0,-0.5955067736436892,2.883150915173087,184.38552709290641
439.0,983.0,971.0,1286.0,708.0,46.0,2.054441988361617,-0.648950280170028,168.84904288857985
388.0,1845.0,190.0,1913.0,292.0,1353.0,2.665346209569706,-7.678756323028235,176.51643516943332
89.0,1465.0,123.0,332.0,51.0,1151.0,4.076393102305088,-5.279993111856537,162.31481328670958
1234.0,1410.0,954.0,1772.0,991.0,558.0,-1.3386096718031388,-2.7410492946272886,181.67134610781557
1132.0,1759.0,1292.0,1926.0,962.0,756.0,1.2857832328544683,-2.636222707019801,186.36599904207642
1434.0,321.0,333.0,571.0,1073.0,1741.0,-5.751676476453666,0.6587438044029117,174.0801206789158
763.0,885.0,1698.0,882.0,1476.0,1006.0,3.526578621794764,3.783869308015661,180.52460938424696
455.0,1149.0,1953.0,50.0,1403.0,731.0,7.171320417255348,3.290112806114306,175.28879544340327
697.0,489.0,733.0,683.0,1952.0,1180.0,0.3840921183998894,0.6038248670431965,175.59120994088852
814.0,238.0,1741.0,198.0,1619.0,1967.0,2.708125811309867,8.230382955173226,179.53866557995332
1110.0,414.0,107.0,1176.0,1758.0,525.0,-5.1306218965697035,-2.6956918989906944,172.098684775779
658.0,295.0,735.0,523.0,1530.0,281.0,-0.41423949001118315,1.039476351745046,166.7399532063411
1682.0,357.0,1034.0,429.0,1750.0,793.0,-4.897785331748514,2.5727264369104943,177.03765654428744
393.0,1132.0,1401.0,1982.0,1285.0,1861.0,5.276642439180451,2.034962540940047,187.45246102676234
193.0,346.0,1973.0,1986.0,224.0,791.0,4.116430786057288,8.723718032262608,173.93787357712856
203.0,1287.0,183.0,939.0,1605.0,5.0,2.8960332077819397,-6.879360012514642,167.46776075766317
35.0,1387.0,1561.0,1234.0,908.0,161.0,7.376419605556379,0.18063319680360557,172.994310524764
241.0,555.0,1426.0,452.0,1444.0,759.0,4.975117796960124,3.720414397986685,170.97394423649015
1793.0,1099.0,83.0,1919.0,250.0,1460.0,-8.346587116495938,-4.229906774966623,179.62280423762996
543.0,1096.0,1428.0,1926.0,364.0,20.0,2.2749000186031036,1.3160744865285157,173.6653407420151
1865.0,1050.0,1560.0,129.0,1049.0,1677.0,-1.9843792532353128,3.127537744689808,183.75323566603618
95.0,1717.0,1253.0,1867.0,851.0,1086.0,7.5493416302502965,-2.240458941775919,181.1593123436603
850.0,1469.0,1505.0,34.0,1288.0,280.0,4.224593526796897,-0.7309270240653454,173.897747967293
1999.0,1153.0,1288.0,1625.0,528.0,132.0,-5.7148609600440885,0.3047333281151263,180.5233881812628
1093.0,1924.0,1703.0,510.0,135.0,274.0,3.4363987234542033,-0.872310571647086,175.05879645418892
1534.0,666.0,288.0,1825.0,1838.0,1499.0,-7.062529817039324,-2.4405295775295595,185.26247107806807
840.0,1072.0,1555.0,4.0,84.0,278.0,2.566507535057726,2.279288663171372,165.73124725955844
1335.0,508.0,1966.0,1923.0,113.0,365.0,-2.285003515910913,7.363068200512174,177.69254292162387
1886.0,515.0,1535.0,799.0,136.0,454.0,-5.119560304266816,5.002841171284191,173.21313595450752
1312.0,1224.0,478.0,593.0,339.0,1345.0,-2.3399453460488027,-2.740386175690974,173.24583102618803
943.0,1217.0,303.0,301.0,1911.0,87.0,-0.3127355613613172,-6.078824773486543,170.32802692171768
1747.0,825.0,828.0,1215.0,340.0,1391.0,-5.7330676332946915,0.9540496034981296,178.58742901382408
1029.0,1723.0,1257.0,1631.0,97.0,1577.0,1.9288497539167468,-1.084886987288486,183.7054229140437
1586.0,892.0,639.0,1827.0,442.0,1725.0,-5.824026084508044,-0.2063715293419789,182.52636485080112
1828.0,1370.0,439.0,917.0,1273.0,133.0,-5.4216370425519,-5.558973208289883,176.4424810304881
788.0,1166.0,312.0,1209.0,224.0,1807.0,-0.49007296046060733,-2.977970640455154,174.351653271271
1930.0,1361.0,1011.0,195.0,1328.0,345.0,-3.432210955904494,-2.545633848904944,177.74862665595987
1552.0,1953.0,1246.0,379.0,36.0,59.0,-0.10171431901173356,-3.0829193985266476,172.93604548634076
100.0,1244.0,1613.0,1112.0,1399.0,1873.0,8.877024514224452,2.4290129344696716,183.50750017187443
1592.0,1996.0,507.0,549.0,1819.0,213.0,-1.4619256371224618,-8.788362458797081,180.01592744013408
1090.0,1873.0,830.0,1718.0,205.0,1497.0,0.673438710416956,-4.257440009546722,183.12125910701212
1408.0,1948.0,335.0,1160.0,805.0,945.0,-1.8443867691338778,-7.998970195964423,179.75119942828155
842.0,1635.0,1444.0,1045.0,1977.0,1021.0,4.781669365875665,-1.877005896131307,186.9944760661692
415.0,580.0,1438.0,1073.0,841.0,748.0,3.1281350034178756,4.1897917279628265,172.1776260398588
1083.0,1031.0,453.0,399.0,458.0,1212.0,-1.4494058306324056,-2.114235591308563,169.90109767309067
1691.0,1508.0,756.0,548.0,1375.0,1094.0,-2.568671506449499,-4.069438759207392,181.88832163168945
266.0,622.0,926.0,1600.0,752.0,280.0,1.8019014787577918,1.0915691066730273,168.91311664210957
122.0,384.0,1286.0,749.0,1636.0,697.0,4.622476832087745,3.753395777051564,170.9776355351972
1018.0,1447.0,533.0,331.0,367.0,144.0,-0.22308653037783466,-4.300778935559437,165.73020129643135
1699.0,125.0,1339.0,276.0,1650.0,1714.0,-4.398033334496647,6.412632060789019,180.79414764219908
1282.0,16.0,302.0,1411.0,914.0,1897.0,-7.004262670422805,2.422077941566506,175.79386437843516
1148.0,269.0,976.0,1539.0,1242.0,1534.0,-3.4509304291084177,4.100305468211615,180.51660573840581
211.0,1117.0,1557.0,1529.0,1780.0,238.0,6.245500532979504,0.9199732430637078,178.9780172861844
1313.0,386.0,75.0,1927.0,110.0,1456.0,-7.669396394268605,-0.41687499228668956,172.84554141284838
1517.0,412.0,1060.0,1066.0,1554.0,1835.0,-4.2810315191559685,3.7936416741873584,184.29134594133487
1243.0,164.0,1742.0,223.0,1647.0,1323.0,-0.41230451731554796,7.780261725370965,178.4119648533236
155.0,501.0,225.0,481.0,1880.0,1464.0,2.5000376676950253,-1.8339004788025628,170.22635465220642
1065.0,46.0,1262.0,1226.0,415.0,1523.0,-2.6888237633512118,7.199981523376472,174.27848981521316
1155.0,312.0,919.0,1003.0,1459.0,661.0,-3.1235120895111783,2.387332578140899,174.37113875244484
708.0,779.0,1816.0,232.0,1647.0,485.0,4.191085153871047,4.039490300043493,175.0538389812101
1267.0,1653.0,183.0,722.0,349.0,858.0,-2.0465098063630247,-6.563293227096112,171.7331935777432
970.0,688.0,888.0,592.0,865.0,325.0,-0.994702650840734,0.46653684332491857,168.34907165430548
1465.0,1070.0,1348.0,1284.0,1709.0,342.0,-1.794094123497339,0.21670957756453535,183.23838803077007
862.0,1858.0,286.0,114.0,1426.0,1803.0,2.7930139922735586,-7.762473234645521,178.39520564826614
1649.0,1423.0,524.0,1132.0,1118.0,594.0,-4.204792380254804,-4.986431386794087,179.04350899220685
1571.0,370.0,1189.0,1242.0,1833.0,1856.0,-4.490706637692541,4.602289848176481,187.44458249200952
1862.0,946.0,944.0,276.0,1963.0,1763.0,-4.02700097652372,-0.18883371040915342,185.91631868848268
1715.0,1931.0,75.0,930.0,190.0,200.0,-4.535845419597896,-8.517882283270756,171.49961081750817
1387.0,89.0,709.0,1607.0,1829.0,1042.0,-6.416204337980847,2.687071596802229,180.1799217594873
1615.0,1604.0,1794.0,1354.0,307.0,1857.0,0.2258905165336404,2.3734661756128057,189.99958777391745
1860.0,157.0,896.0,147.0,1590.0,91.0,-6.5912402134250545,2.169796236286265,170.17376833113659
1870.0,1591.0,1064.0,1139.0,1732.0,903.0,-3.1256252686039634,-3.5256671216153785,188.75338732938442
1980.0,128.0,324.0,1634.0,1888.0,569.0,-11.237052433794746,-0.13016472925178635,179.04353132442802
1503.0,1505.0,276.0,57.0,767.0,1339.0,-2.3965517314316864,-5.438175188123869,173.91952228321213
373.0,559.0,581.0,701.0,549.0,1642.0,1.5551695163106016,1.0872803202395032,168.71329602636615
905.0,1112.0,651.0,806.0,1800.0,1621.0,0.7863848375890828,-2.6541444783643278,181.56486865548317
1339.0,1011.0,1750.0,228.0,1870.0,849.0,1.4072604935760271,2.829036098411571,182.3045738432485
933.0,1091.0,567.0,371.0,922.0,1097.0,0.06941914574457714,-2.417247030946558,171.6927872820637
1081.0,1906.0,1438.0,1079.0,1441.0,1942.0,4.365640162617984,-2.1124272228080168,191.78828717266754
649.0,1754.0,9.0,912.0,580.0,23.0,0.619025164296733,-8.617328120940257,165.8529622641531
1419.0,1792.0,1410.0,1651.0,388.0,1285.0,0.24594244364370932,-1.1725046186199761,187.00908262318933
91.0,155.0,1625.0,1397.0,690.0,1358.0,4.391305746898167,8.207572688428035,173.0141770931559
1422.0,1492.0,850.0,570.0,145.0,141.0,-1.7432800811600802,-2.888061811563607,169.79877736815814
1987.0,51.0,1264.0,417.0,558.0,1601.0,-6.894791373735553,6.918721634489327,175.83011319721126
1037.0,1309.0,1525.0,145.0,1522.0,278.0,2.878672477662,-0.07545723867062959,175.9597584568877
1499.0,495.0,850.0,1253.0,824.0,993.0,-5.213818033973228,1.9582349901455762,176.39179418197517
1951.0,1337.0,1349.0,1510.0,829.0,1169.0,-4.1874020985880085,0.3666224170399432,187.98429560439868
1631.0,1115.0,1537.0,1980.0,1190.0,1798.0,-2.4777444012036116,2.911322679341716,193.71477029959206
732.0,1871.0,1904.0,1486.0,1133.0,58.0,5.727821311176413,-0.7947260026985521,182.89829032640387
239.0,36.0,270.0,1813.0,221.0,128.0,-2.1660552221322003,1.0513032900383157,159.88624795234477
1271.0,202.0,1472.0,897.0,783.0,843.0,-2.560947358238864,6.323734742671756,174.0032532742091
1291.0,276.0,821.0,359.0,1683.0,1496.0,-3.2070339234082668,2.677716651484824,176.48984670056007
625.0,276.0,1113.0,910.0,627.0,400.0,-0.025462070964215433,3.8030435115674113,166.32899967247988
1227.0,621.0,306.0,1825.0,1158.0,369.0,-5.645803560375373,-2.3304777138493598,174.21655457369786
1509.0,1474.0,1190.0,1538.0,1095.0,44.0,-2.016773414593455,-2.3537676428807717,181.2956674734448
418.0,1086.0,708.0,94.0,932.0,340.0,3.120471766482031,-2.2794548172934777,164.38741821907686
1680.0,658.0,498.0,502.0,878.0,1059.0,-5.775494342483648,-0.6248850944978729,173.0675185881571
1168.0,110.0,97.0,990.0,1237.0,1000.0,-6.174377644130398,-0.278772114688488,169.57972757276318
1465.0,483.0,1001.0,1494.0,1288.0,660.0,-4.871087267487395,2.1279146081363915,178.86232693382016
1200.0,846.0,1869.0,30.0,811.0,15.0,1.2120330082418669,3.8825612156705867,170.53767133484988
1287.0,22.0,866.0,733.0,1944.0,109.0,-4.575421284126593,2.59455328785226,171.41985716971467
961.0,294.0,93.0,1122.0,1584.0,1805.0,-4.270223258421254,-0.9049424140293439,176.17056888463705
1748.0,1355.0,486.0,1782.0,1830.0,1663.0,-5.468749110670642,-5.089675303137244,191.53865679185066
967.0,85.0,1872.0,1553.0,1031.0,847.0,-0.5652849355208431,9.082080745997583,178.40342588751406
362.0,418.0,1413.0,118.0,129.0,1394.0,3.663175206135376,5.799425230985014,165.5048336686893
336.0,1250.0,687.0,986.0,1465.0,24.0,3.349678361674367,-4.059659583223859,170.34212293945387
309.0,800.0,630.0,1623.0,210.0,778.0,1.1673360229845886,-0.3382859265531213,168.42830190685874
1413.0,1095.0,869.0,1605.0,459.0,1189.0,-3.365651286329404,-0.5105205300686917,180.16960319792986
1046.0,772.0,645.0,1805.0,996.0,317.0,-3.173216703423657,-1.2542995642565713,174.7322524571921
603.0,188.0,762.0,1928.0,1470.0,372.0,-1.8179814394100018,2.0542666590448073,173.41490774066094
1060.0,499.0,1998.0,1098.0,1810.0,1174.0,1.5731182239635064,7.463661123610255,185.17083559156234
863.0,66.0,836.0,497.0,1514.0,772.0,-1.7198038003514409,3.1993605034807535,169.40746099819674
872.0,506.0,1122.0,1377.0,519.0,1415.0,-0.768574853392435,3.97860642645104,175.91982445832758
125.0,376.0,1251.0,287.0,236.0,1603.0,4.487717170686325,5.441554189322881,165.71963341145874
174.0,73.0,1014.0,20.0,142.0,162.0,1.990396106877478,4.106883761518508,154.06266243149284
1780.0,1878.0,1293.0,25.0,772.0,818.0,-0.260812883206743,-2.708478555129875,179.86779084490507
292.0,1048.0,1783.0,822.0,1951.0,615.0,7.179007882947769,2.6060436285475186,179.30338429498713
67.0,882.0,405.0,885.0,1190.0,1924.0,4.251225290134129,-1.89363089943427,173.52823709891396
288.0,1185.0,459.0,1414.0,448.0,653.0,2.156479796571014,-3.404936578402332,168.86977839710585
1740.0,1436.0,741.0,475.0,538.0,624.0,-3.4282121122722544,-3.191381226658683,174.5725423326617
837.0,1675.0,1471.0,566.0,1575.0,690.0,4.8551498092153125,-1.8158043894653133,181.04166638294126
244.0,551.0,954.0,1583.0,1979.0,862.0,3.0401184891960678,1.203801564505562,177.81714625354536
899.0,206.0,1958.0,266.0,348.0,1686.0,1.8001304081128677,9.706510124678355,173.1341066026873
760.0,456.0,576.0,987.0,44.0,160.0,-2.2050220262587645,0.6538768241775248,161.36179939199215
1320.0,1069.0,1073.0,1067.0,21.0,260.0,-2.2863655273641172,0.23203526675573358,170.79885940880453
1193.0,1595.0,1100.0,442.0,1063.0,1036.0,1.5107902998729816,-2.475456470131648,179.16230909423763
1661.0,1426.0,746.0,984.0,1026.0,1620.0,-3.1327995750439896,-3.035837561841781,184.45353603400292
322.0,1645.0,1722.0,354.0,295.0,1085.0,7.762122349841494,1.0693975584852518,173.66214187795535
1780.0,1370.0,466.0,249.0,615.0,343.0,-4.321674554264264,-4.384210834070734,170.69859960418947
70.0,1929.0,1053.0,665.0,1493.0,539.0,8.514861860636906,-5.204999249692656,175.15643794200005
1212.0,448.0,1412.0,737.0,47.0,1249.0,-1.6564791100282366,5.705720187574668,172.15493120961253
835.0,1446.0,149.0,943.0,596.0,1618.0,-0.05216660306050652,-5.717798765740907,174.6771272020768
193.0,1131.0,429.0,948.0,1819.0,1915.0,4.694394235683163,-3.7941769571704045,179.0517975923825
202.0,43.0,1771.0,1614.0,1415.0,1342.0,4.173878204220037,9.31100108420647,178.4941428236581
197.0,1361.0,410.0,1094.0,5.0,1936.0,3.9107051051272412,-3.1107376761547156,171.64746996975975
501.0,1075.0,344.0,1761.0,1872.0,1220.0,1.120817622482712,-4.660301038811625,180.8758642543776
576.0,1263.0,165.0,1059.0,1522.0,784.0,0.9205033931860539,-6.333910307209245,173.52060770569477
1171.0,1143.0,421.0,1306.0,1344.0,846.0,-2.5572524564715744,-4.205627395960905,178.0651548843646
1280.0,529.0,981.0,1022.0,1607.0,785.0,-2.965834916713246,1.6103996302334946,177.98231512636903
235.0,96.0,368.0,1352.0,1599.0,1283.0,0.07319457839930188,1.1901303509278407,171.47808605268668
1134.0,503.0,1542.0,723.0,1942.0,909.0,0.050988790635745795,4.510491475323574,180.754631485516
290.0,536.0,1121.0,527.0,1202.0,752.0,3.5320440449360153,2.483345835321494,168.76948053781894
356.0,897.0,1700.0,1628.0,727.0,484.0,4.414469358773934,3.8182032803997785,175.71912498234983
1737.0,1086.0,1018.0,425.0,475.0,619.0,-3.5703055685149954,-0.18892066718999195,173.62059538551642
1928.0,336.0,273.0,1936.0,1236.0,1615.0,-10.904633080730136,-0.009811637360424952,183.2671577305295
93.0,1406.0,703.0,894.0,388.0,446.0,4.751908378858637,-3.268966379986121,166.11400084877403
996.0,1748.0,1546.0,1499.0,1535.0,1702.0,4.293285909299526,-0.9710767375103909,192.5415129083645
100.0,384.0,119.0,873.0,174.0,1557.0,0.8617052588040792,-0.08267529008966357,162.5287333954174
1258.0,215.0,185.0,320.0,1175.0,178.0,-5.384965733005888,-1.0320417134413211,163.02014322792303
1755.0,830.0,1528.0,434.0,1266.0,1478.0,-2.438753886715214,3.764249222601463,183.5432278519048
164.0,290.0,1546.0,822.0,479.0,261.0,3.603427738772181,5.676838011972768,164.1434261487033
1768.0,205.0,1902.0,1047.0,517.0,994.0,-4.37034573071352,8.796688955765681,178.71719780932207
954.0,1294.0,1544.0,144.0,1516.0,673.0,3.6066782905172596,0.47078539781767326,177.5379676835556
1490.0,717.0,1973.0,107.0,258.0,152.0,-0.6346142322454511,5.425382646146963,170.08888975351078
1457.0,459.0,1246.0,1862.0,520.0,946.0,-4.762409986527371,4.4378121513961615,179.27916385475817
370.0,189.0,1583.0,1260.0,1362.0,1631.0,3.4629454714419676,7.770977439549044,178.68589967849803
655.0,1100.0,1533.0,713.0,1911.0,921.0,4.711997292824651,1.376316645209017,181.15051198073138
949.0,1693.0,1230.0,685.0,374.0,797.0,2.7172869251758045,-1.827932252478906,175.53177819868432
136.0,905.0,173.0,1484.0,729.0,430.0,1.3827782984192645,-3.910120080833609,165.8141566448534
917.0,66.0,1570.0,567.0,271.0,559.0,-0.6860966760897754,7.218242585213815,166.10769246270635
739.0,505.0,1536.0,1758.0,866.0,1540.0,1.1777096034663481,6.154814224741926,181.6686405379825
622.0,608.0,1438.0,1115.0,1473.0,600.0,2.2922546655391938,3.473753548342785,176.15216628693656
89.0,1034.0,309.0,336.0,1510.0,385.0,3.8984012657241705,-4.526896437625582,164.69864975466274
1130.0,943.0,479.0,1741.0,1339.0,326.0,-3.4431821722469484,-3.3083152307350137,176.62603011460104
1924.0,169.0,1219.0,62.0,1032.0,1658.0,-5.767903997397153,5.799003884875433,176.92886618744518
760.0,1053.0,527.0,681.0,1687.0,693.0,0.7013719577143636,-3.5660000481221017,173.81110088511042
1718.0,1581.0,1266.0,1056.0,122.0,954.0,-2.180771968540046,-0.781496006440138,180.5518744220584
1592.0,428.0,1508.0,874.0,856.0,1037.0,-3.5309273398903303,5.566724488558694,178.29511853279146
216.0,195.0,126.0,812.0,1958.0,1303.0,0.5000967559289694,-0.9556140742022075,169.78674327017825
485.0,453.0,761.0,1387.0,128.0,974.0,-0.166307115792648,2.276176190282299,167.57856536468591
111.0,678.0,672.0,1578.0,350.0,1981.0,3.0408601324459514,1.4218403463329212,173.63302709729544
297.0,91.0,1830.0,194.0,1393.0,1138.0,4.917865491578248,8.427285476528688,171.0059284135772
706.0,526.0,1713.0,1771.0,614.0,194.0,0.9579548203730075,5.505816044606665,174.32371406697567
1281.0,736.0,260.0,1824.0,571.0,1475.0,-5.622847924934058,-1.718405064708507,177.5555059675596
1472.0,580.0,282.0,541.0,1814.0,736.0,-5.365714113873641,-2.479958163499075,173.81240173212305
989.0,277.0,962.0,1973.0,1541.0,930.0,-3.0932370955744615,3.198545506089319,180.3551175932967
1779.0,838.0,1361.0,1362.0,1156.0,783.0,-4.449730656217914,2.3621823272196534,183.47195299672072
1153.0,1701.0,1281.0,1884.0,806.0,377.0,0.6568916672264667,-2.52201040316465,183.12864594917028
671.0,1908.0,290.0,396.0,334.0,1688.0,3.056971446274553,-6.726539260949357,172.97895094900036
1364.0,260.0,1713.0,693.0,236.0,1221.0,-2.06814839978402,7.896242798318766,173.96850559546246
1703.0,1991.0,1322.0,1600.0,104.0,289.0,-1.702683101147541,-3.04609625937031,182.09567871593703
887.0,1156.0,1215.0,1881.0,340.0,448.0,0.1885224495983453,0.39047366185610405,176.56497797939198
1542.0,650.0,1167.0,1667.0,223.0,1634.0,-4.571303083153522,3.9514799903396014,181.32521441095085
32.0,1345.0,1041.0,430.0,699.0,1646.0,7.470464998116016,-0.674875685118194,172.5034272681047
1678.0,1.0,710.0,586.0,589.0,1668.0,-7.100542087941577,4.519871473733801,172.630912879192
1169.0,357.0,986.0,563.0,632.0,1326.0,-2.410307852706071,3.729785267474406,171.8851643630195
1551.0,1081.0,921.0,461.0,784.0,1673.0,-2.4185692566307324,-0.014862095588440094,179.3726164639185
1591.0,1370.0,139.0,800.0,201.0,1050.0,-4.822864470828536,-5.15796967930935,172.32630891295113
98.0,1735.0,97.0,586.0,1600.0,675.0,5.3015534730016185,-9.033564971593272,170.15477952864495
1286.0,241.0,1727.0,1577.0,1268.0,419.0,-2.5473634918291683,6.873382395284563,179.37348167066475
721.0,487.0,265.0,1495.0,723.0,1762.0,-2.389265306174565,-0.2579985248682578,174.12260692562052
519.0,904.0,531.0,1382.0,74.0,914.0,0.20920446462213016,-1.0801889271680463,168.30046652235816
360.0,1601.0,1421.0,1388.0,1962.0,1720.0,7.945955646692502,-1.2292501130011304,189.36012388601353
1271.0,1736.0,186.0,1218.0,683.0,441.0,-2.424610157879453,-7.782559750672771,174.22777256863998
185.0,760.0,1660.0,1896.0,14.0,380.0,4.020107705167993,4.710402577430907,171.00805551028373
1314.0,1343.0,64.0,1150.0,246.0,1387.0,-3.8737151348485614,-5.385154126569465,174.17838338652433
1944.0,1416.0,426.0,607.0,344.0,892.0,-5.60026880909498,-4.212848704196773,174.80574782281832
1294.0,1633.0,1885.0,431.0,109.0,1908.0,3.2358713881838304,2.841803205889601,183.3404315278459
1114.0,731.0,814.0,1473.0,695.0,1799.0,-2.338668578365114,1.4293886278145491,180.17213983770125
10.0,494.0,154.0,1025.0,1560.0,1027.0,2.178395224075715,-2.259445821252075,168.00481353971898
174.0,916.0,858.0,1175.0,483.0,1800.0,4.24467333309819,0.8742875712240245,173.80219504559273
1841.0,1556.0,1053.0,643.0,1723.0,1182.0,-2.4008605963710163,-3.110821025796578,187.22251143977556
1663.0,1794.0,1813.0,81.0,985.0,1004.0,1.72526991000143,0.10865018877860583,183.8857260265549
143.0,202.0,480.0,1444.0,1271.0,310.0,0.48868741402402327,0.5554004490373008,165.8599514894056
797.0,893.0,1932.0,1034.0,510.0,1116.0,3.307455698480747,5.710805539089822,178.2185166209185
513.0,119.0,641.0,988.0,1891.0,392.0,-0.6328883518648335,1.3513895259509812,169.4218418619015
1617.0,1795.0,1011.0,445.0,1100.0,1488.0,-0.38034062453643736,-3.639193147179128,184.43186373860846
623.0,117.0,897.0,264.0,845.0,859.0,-0.03500458459717137,3.7523246169099504,164.53973779848968
1291.0,21.0,640.0,1760.0,21.0,1279.0,-6.771052775803028,4.262498241016861,171.50194993972207
74.0,1914.0,323.0,1346.0,1379.0,1638.0,6.706094845689302,-8.393088607332906,179.9214663911541
889.0,1685.0,924.0,629.0,1849.0,584.0,3.0451658652762967,-4.99872453010667,179.67641205884726
118.0,687.0,11.0,1592.0,1836.0,239.0,0.8301172880637613,-4.973345044815861,168.97734065923953
1533.0,1485.0,987.0,1583.0,369.0,1197.0,-2.5794564528330257,-1.8084219306198743,182.88147038294622
1925.0,1524.0,131.0,1117.0,1404.0,1614.0,-6.392864989843867,-7.284279567520366,185.39613037255538
1740.0,1942.0,1796.0,1981.0,1920.0,522.0,0.03136128616855527,-2.043960395613003,197.0816554525695
686.0,433.0,553.0,1506.0,1496.0,1424.0,-1.265930975576147,0.5916287976596082,177.49677571240966
355.0,1453.0,1056.0,1522.0,672.0,740.0,4.407830951823213,-1.9459049999008853,175.81830192514923
1959.0,1383.0,1633.0,1179.0,1739.0,438.0,-2.7871518252991967,0.13169009151591182,188.97082071037147
113.0,1615.0,464.0,568.0,417.0,1236.0,5.457641640052564,-4.852493215740006,168.49707686002142
1968.0,772.0,512.0,674.0,1219.0,1832.0,-7.178435684508193,-0.8205411529511577,181.7610095681952
374.0,840.0,268.0,1770.0,443.0,350.0,-0.3842597258154361,-2.917771258938268,166.8047006423124
1354.0,1501.0,233.0,1707.0,564.0,600.0,-3.9870014322691505,-6.342841239844066,176.46218971932421
236.0,1716.0,621.0,1215.0,1413.0,1499.0,6.029285579699782,-5.801255537774813,180.2723355043541
1579.0,1068.0,292.0,403.0,1915.0,729.0,-4.325169781319146,-4.9982705526775595,176.65255896338664
1439.0,207.0,1014.0,1953.0,1951.0,80.0,-6.062859255974494,2.638772218853153,180.020927110337
1847.0,1159.0,1912.0,533.0,184.0,1966.0,-1.2345324971321605,5.338082650204614,185.04494502495118
1991.0,425.0,1744.0,207.0,1133.0,948.0,-4.2364119179878035,6.2568730303207944,178.98817458137435
1482.0,4.0,1020.0,618.0,623.0,1160.0,-5.206344377823323,5.459168852939706,171.0402077367692
1645.0,1657.0,1013.0,1553.0,595.0,572.0,-2.788916842588524,-3.2388367464989876,182.22715233325363
1071.0,1808.0,1384.0,1491.0,1907.0,1373.0,3.522097097129829,-2.833444748963685,192.57270174945126
428.0,1642.0,927.0,1512.0,1096.0,809.0,4.54825936805813,-3.9625145453572834,178.94466365811013
1493.0,1715.0,738.0,1682.0,1046.0,1606.0,-2.040182485193234,-4.8093839110427385,188.63843924717796
17.0,717.0,1646.0,1203.0,1109.0,552.0,6.374051469160959,4.1713843844823275,172.78109386999319
1614.0,1402.0,476.0,1168.0,1670.0,601.0,-4.074672817811893,-5.756245240738771,181.53579482840541
1573.0,825.0,1253.0,1952.0,1640.0,1987.0,-3.70460468099329,2.7825771977029876,193.587653018458
647.0,1039.0,1966.0,2.0,1199.0,846.0,5.798427839475837,4.138538058011803,175.1383357210044
1341.0,544.0,471.0,1815.0,1113.0,521.0,-6.024287007259643,-0.9074462947809522,175.77191147808537
695.0,1934.0,1964.0,1322.0,1519.0,583.0,7.221103395892247,-0.6810893264725083,187.1352824192124
1840.0,610.0,300.0,205.0,1944.0,1585.0,-6.812585301867009,-1.9512636755384007,179.184719163236
1247.0,642.0,1758.0,1462.0,782.0,1774.0,-0.4798569794104429,6.849750890146257,185.35043629981627
129.0,914.0,1338.0,1112.0,1360.0,1623.0,6.567962302374545,2.509873714838359,179.2119612185138
204.0,1323.0,1388.0,324.0,1124.0,1460.0,7.695855605039322,0.627529506512664,175.7482561386648
499.0,989.0,661.0,1878.0,779.0,1168.0,1.0628494801939905,-1.3915848048767596,176.82620007143814
484.0,223.0,1840.0,259.0,363.0,1376.0,3.6516861486324195,8.634518059608446,168.9709872755158
447.0,467.0,454.0,43.0,464.0,450.0,0.4981847851342729,-0.07133495704330668,158.0067066521186
798.0,141.0,1553.0,1188.0,1195.0,636.0,0.005578542667026037,6.662370346781592,174.23551012428473
1157.0,893.0,1998.0,181.0,1175.0,373.0,2.18609975625803,4.5052845073786925,175.68710107597002
568.0,1716.0,611.0,264.0,1103.0,53.0,3.5105349157797963,-6.058883397394335,167.99280503716528
1743.0,1987.0,1344.0,659.0,125.0,1211.0,-0.42061853888449363,-2.1186781077129377,182.47507622636957
961.0,265.0,1986.0,1249.0,36.0,1846.0,0.6486705745634349,10.359634090720977,178.15064365152335
1161.0,395.0,416.0,1990.0,273.0,692.0,-5.960366274750179,0.4794547689552742,171.20850010760512
1712.0,543.0,398.0,626.0,740.0,818.0,-6.786925618873449,-0.6326678517148555,170.73837035944112
755.0,419.0,1486.0,1171.0,112.0,13.0,-0.09203424791974468,4.8280614268382225,166.27504760069635
1330.0,1475.0,1263.0,991.0,303.0,1374.0,0.06731459940519272,-0.10065748545837228,180.77987409206096
692.0,236.0,460.0,1030.0,271.0,1532.0,-2.130539952804548,2.252696898453091,167.72709130481553
5.0,1248.0,1455.0,637.0,1284.0,338.0,7.736403851300846,0.16061108084006537,171.32118627697463
370.0,95.0,957.0,372.0,1935.0,772.0,1.9282351969594131,3.3545376511652023,169.12693505989236
104.0,1673.0,883.0,221.0,654.0,1189.0,7.238109640631241,-3.318650993558659,170.0427752594349
1056.0,477.0,577.0,870.0,1441.0,1002.0,-2.790408602346701,0.12358659462016564,173.97211440058854
239.0,1885.0,1143.0,975.0,1418.0,765.0,7.630804791287837,-4.369242286551324,178.7891169943131
676.0,1608.0,346.0,364.0,1818.0,1230.0,2.9934371468197973,-7.054239855790815,176.87726500198045
65.0,86.0,1313.0,487.0,98.0,1218.0,3.6459252579612125,6.8110229765853,162.52384396296102
855.0,1407.0,98.0,784.0,1405.0,1617.0,0.12477172843267215,-6.730393927603496,177.6176621412969
1275.0,141.0,837.0,431.0,780.0,759.0,-3.999252150392006,3.3162653161112114,167.66776471851333
1349.0,1624.0,1781.0,1361.0,1749.0,604.0,1.9615086048975088,-0.19508940952977605,189.70548222414268
96.0,1325.0,212.0,1331.0,1899.0,1888.0,4.960348694878855,-6.286834133030183,180.57294811151203
1119.0,360.0,1556.0,1415.0,1883.0,1472.0,-0.7608181831847659,6.2713400350642425,186.13163925415623
1079.0,1251.0,225.0,853.0,1614.0,1783.0,-1.258068377484149,-5.400575856681792,180.99045201922058
709.0,1385.0,791.0,637.0,1873.0,1151.0,3.20050645565919,-3.764185159006632,179.66871291199902
142.0,1278.0,959.0,401.0,1.0,26.0,4.53055435473612,-1.3726259623303663,160.3643119030734
1809.0,1962.0,182.0,187.0,1993.0,1960.0,-2.723100231262996,-9.570132733098575,187.24579600877016
538.0,1614.0,1681.0,593.0,930.0,674.0,6.428837568469698,0.09586407042075981,176.92853374551322
607.0,593.0,1603.0,457.0,356.0,1351.0,3.152476538295014,5.776207689146018,171.40468890958635
1821.0,1576.0,887.0,1465.0,1735.0,1345.0,-3.661026997421631,-4.133048328697807,191.46736277788918
198.0,1169.0,1376.0,1409.0,1483.0,1268.0,6.645089625250891,0.9220381215384055,181.44476284107742
1606.0,345.0,411.0,1899.0,504.0,1816.0,-8.40412100612233,1.5258913048240117,179.59836281396713
1544.0,523.0,505.0,1301.0,1406.0,781.0,-6.400150334576165,-0.652580917593579,177.09204758317645
705.0,862.0,1390.0,288.0,1835.0,1080.0,3.697265780133474,2.0340619252837753,177.68897545695913
822.0,689.0,1823.0,120.0,383.0,928.0,2.8781702305859023,5.749130199068691,170.37214027384
755.0,860.0,1429.0,706.0,1753.0,507.0,2.715463650212342,1.7702125269984683,176.96246172513654
752.0,539.0,725.0,430.0,756.0,1899.0,0.21777051170031858,1.9680059017936777,172.28891408344592
1226.0,1367.0,1530.0,1742.0,117.0,1429.0,0.3269747791817439,2.009397620608319,184.21145944940167
1459.0,1889.0,193.0,603.0,1586.0,1396.0,-1.6011656659334186,-9.015430373102575,182.3742692034187
1610.0,284.0,1043.0,839.0,209.0,1671.0,-5.345389311521845,5.088918739107555,174.89419105666457
558.0,1798.0,1422.0,470.0,1720.0,334.0,6.566352109092748,-3.091236933911607,178.23497477485705
273.0,1722.0,836.0,1846.0,1901.0,1044.0,6.060167002843591,-5.682168981585581,185.03532354523065
555.0,1394.0,1982.0,141.0,1943.0,27.0,7.17025609426917,1.1294133704713345,176.84173208226701
1431.0,1719.0,188.0,364.0,1427.0,35.0,-2.233106823735879,-8.492751591878076,172.21297612497358
62.0,71.0,431.0,1163.0,504.0,1778.0,1.111384916244662,3.0082640979364244,166.62953523712176
334.0,842.0,444.0,191.0,573.0,173.0,1.7993775868059096,-2.155273241266645,159.1613842136915
188.0,1885.0,1063.0,1845.0,1407.0,1726.0,8.023657771112239,-4.315411973194055,187.5286979548255
1466.0,1941.0,940.0,31.0,1486.0,1231.0,1.2199343138048466,-5.233292643378694,182.4591490765932
241.0,107.0,1541.0,1696.0,890.0,837.0,2.6263265122611874,7.37723501950989,173.11608590298405
671.0,333.0,1523.0,1521.0,845.0,1277.0,1.0806810877700501,6.624726486477428,177.6432358035416
1857.0,64.0,920.0,258.0,1254.0,999.0,-6.871278590522178,3.9905400207835218,173.2949405322708
1263.0,1108.0,137.0,1467.0,614.0,1303.0,-4.350858012953021,-4.407266871287894,176.23111229395218
574.0,1506.0,1327.0,1813.0,898.0,838.0,4.106417972107525,-0.9885574937020376,181.82627429452523
1113.0,733.0,856.0,256.0,276.0,1779.0,-1.003809145733744,1.9405969618863337,171.81640278351574
1060.0,82.0,699.0,80.0,174.0,1150.0,-2.9849154637844344,3.733080512261837,162.60963854792496
1836.0,802.0,643.0,557.0,1186.0,950.0,-5.883105725795977,-1.0038572882239638,176.67005383853717
1056.0,1076.0,1511.0,1902.0,562.0,520.0,-0.01071038198442964,2.16872576474321,180.1673873901849
1139.0,1780.0,1142.0,559.0,1121.0,260.0,1.9150458303192706,-3.822824663926472,176.89007351977514
195.0,473.0,271.0,1859.0,1356.0,551.0,0.146834800503007,-1.7863358381170529,170.2592145225774
467.0,1674.0,1969.0,1368.0,1881.0,1830.0,9.298201009963243,1.613177764381813,193.05415543910559
1343.0,21.0,1877.0,454.0,808.0,1549.0,-1.5270392404145046,9.940504297374687,176.71355916642273
594.0,1959.0,160.0,450.0,677.0,89.0,2.3869244456556036,-8.746333528995219,165.8210481101959
30.0,1956.0,854.0,1741.0,1320.0,1492.0,8.347777406010898,-5.880349867644337,183.69369904638924
1816.0,1115.0,1436.0,1115.0,149.0,696.0,-3.704718230150771,2.0267440433312083,178.57365635898313
744.0,1537.0,1956.0,542.0,521.0,801.0,5.633155874776254,2.2450089882155266,177.31687429870703
60.0,2.0,1345.0,6.0,1107.0,1375.0,4.757077731122048,6.84525065115704,165.71274607520445
819.0,169.0,154.0,1807.0,1658.0,931.0,-4.668892000020823,-0.7315910181402079,174.48799123087628
1757.0,559.0,848.0,903.0,757.0,801.0,-6.115747835343825,1.4618602430505323,174.85087509766242
725.0,977.0,1244.0,484.0,876.0,907.0,2.5922603666033646,1.330115994641208,172.88376576269826
1040.0,1964.0,847.0,1451.0,1493.0,164.0,1.5084176036733195,-6.874934256900508,181.655092113703
550.0,1455.0,1547.0,14.0,107.0,1010.0,5.569614937535144,1.2262979557441125,169.98514036914088
1570.0,1286.0,573.0,903.0,566.0,805.0,-3.8302428700948394,-3.2620794305737184,175.32663056751505
1987.0,981.0,1662.0,1907.0,395.0,144.0,-5.4600795112271765,3.123179453422853,182.2781112699723
56.0,1159.0,1572.0,1384.0,222.0,396.0,6.1414241496619155,2.135556305439123,170.48152107077357
1882.0,643.0,322.0,694.0,860.0,1770.0,-7.6827820532135025,-0.8404759597039595,177.55277370645396
1356.0,1709.0,1255.0,527.0,1402.0,1051.0,1.4598547260971682,-2.6160733323583147,183.65507606019492
1426.0,1854.0,1072.0,919.0,1316.0,719.0,0.3179741351060258,-4.491991550955821,183.635122648967
823.0,735.0,1793.0,874.0,707.0,420.0,2.1234679835741614,4.821545890647725,173.49589498879212
988.0,987.0,1669.0,410.0,61.0,941.0,1.916134358477037,3.95208243923462,171.99844828031507
690.0,1620.0,520.0,768.0,514.0,1588.0,2.501525282440779,-4.579835817117033,175.28346812189378
944.0,449.0,849.0,572.0,1296.0,1473.0,-0.9225965610234012,2.2262318931152807,174.7982196560912
1224.0,1726.0,647.0,1075.0,1327.0,1302.0,0.019576315787513177,-5.700798025554342,183.55791706504502
1740.0,1739.0,1441.0,745.0,996.0,388.0,-0.8932599318797282,-1.9864932408805067,182.38688187517886
1055.0,1804.0,388.0,364.0,1162.0,113.0,0.5042568875603008,-7.580303636952966,170.89839609923413
1553.0,1914.0,580.0,1305.0,912.0,1824.0,-1.8256531040306117,-6.3228978126867545,187.55886122663836
452.0,1099.0,976.0,386.0,28.0,103.0,2.6450418843999337,-0.4743546796226147,161.6814963640734
840.0,1872.0,27.0,1390.0,220.0,1308.0,-0.008502684370633506,-8.321521107416682,174.83391873583705
1787.0,934.0,1735.0,1927.0,1039.0,211.0,-4.013877637963963,3.3612004038496455,185.2393555005507
49.0,1059.0,60.0,494.0,1509.0,1921.0,4.392500207719346,-4.944622306518286,172.05028192822218
1879.0,1224.0,308.0,798.0,1582.0,1861.0,-5.988919524062847,-4.698302576595626,185.22968284379573
833.0,1404.0,1988.0,156.0,132.0,625.0,4.716265382113117,3.070264053349758,172.35557082878782
1491.0,1042.0,815.0,1498.0,1189.0,894.0,-3.8703829555473352,-1.4517411112044032,181.70681343677958
1491.0,1237.0,1267.0,283.0,945.0,278.0,-0.9503345531150664,-0.45622987689834593,174.40437514932077
1491.0,176.0,990.0,136.0,1039.0,1395.0,-4.076786010379695,4.348157727530073,172.78513387124863
952.0,1931.0,599.0,666.0,950.0,1211.0,2.2423358942664766,-6.452655557985206,178.34637527238337
781.0,44.0,627.0,1177.0,936.0,1050.0,-2.8236208074308933,3.086603555015355,169.7531067817634
72.0,294.0,407.0,754.0,1109.0,969.0,1.912964329598052,0.443460462652717,164.60319363949634
1839.0,1148.0,769.0,674.0,1622.0,1113.0,-4.55395042329468,-2.419308957266381,182.86672420681592
1194.0,1393.0,1065.0,932.0,1782.0,1447.0,0.9225112840509327,-2.068560899277213,186.32775007194803
727.0,913.0,1035.0,366.0,221.0,1762.0,2.040616249206086,1.9710347752802153,171.85864317970612
1875.0,1511.0,547.0,38.0,174.0,869.0,-3.943842023152142,-3.76307785767805,171.71893134234742
382.0,1349.0,1792.0,964.0,478.0,854.0,6.382123630168163,2.495881660343078,175.80663181583824
943.0,1760.0,591.0,1494.0,1892.0,600.0,1.1757384762176544,-7.386161437699353,183.3034492132574
1205.0,1066.0,481.0,436.0,253.0,1465.0,-1.978476885048968,-1.7528676813400883,171.27708683363653
650.0,805.0,745.0,1145.0,826.0,280.0,0.09258498149637251,-0.780604584586841,168.97880022445813
1256.0,429.0,1303.0,462.0,662.0,1404.0,-1.6366574576698762,4.9830751097637815,174.33398771943945
332.0,522.0,1730.0,299.0,931.0,1094.0,5.208175631367901,6.03742953598445,171.00203199375878
22.0,1056.0,550.0,418.0,117.0,1009.0,4.367150400688115,-1.5690417181138514,162.25189084429948
1922.0,500.0,722.0,1719.0,1349.0,1821.0,-8.5770221959336,1.6597631369810035,187.13921461013572
754.0,42.0,565.0,1273.0,649.0,1613.0,-2.861303680684636,3.5909526656726456,171.1711210302932
621.0,750.0,1141.0,1713.0,659.0,928.0,0.9843434932446311,2.257328601147598,175.9744312887104
1210.0,624.0,1016.0,1126.0,1784.0,1031.0,-2.1111905653570426,1.417461818764594,181.0417684121087
654.0,634.0,1283.0,126.0,517.0,1620.0,2.6830341428953663,4.14446006098753,170.79812326539644
880.0,1528.0,1041.0,614.0,1066.0,299.0,2.3114618409425813,-3.022136266418994,173.95390695254372
914.0,992.0,1903.0,1966.0,355.0,58.0,1.2117247284927517,4.20083932252463,177.78832243002603
1402.0,751.0,1863.0,1443.0,175.0,1820.0,-1.0268882597547426,7.2281531965331745,184.1845658130412
984.0,1572.0,1793.0,432.0,80.0,1922.0,4.548404837230174,2.7257533114039165,180.8218997499886
1395.0,1030.0,1308.0,922.0,1155.0,1124.0,-1.1149386054203274,1.3993935878523873,181.80800920601388
1675.0,462.0,270.0,79.0,481.0,1482.0,-6.3338244465008,-0.029463935477159753,168.72731658553766
589.0,574.0,1595.0,503.0,736.0,53.0,2.524367475746705,4.093825991379846,166.78385367142775
1063.0,891.0,463.0,1371.0,788.0,1634.0,-2.524094956321583,-1.5088856859085575,178.0273510666626
1202.0,102.0,81.0,1478.0,166.0,854.0,-7.315074495771852,0.5107709841003438,165.74231356009852
757.0,47.0,522.0,947.0,701.0,990.0,-2.8203830398810235,2.622736081146871,166.40038034194097
1191.0,1561.0,1170.0,961.0,1341.0,904.0,1.2012449860272092,-2.3982181769685527,182.7867347349575
943.0,1130.0,71.0,536.0,654.0,737.0,-1.7255685159377203,-4.987635332032051,166.87947122707493
1333.0,1088.0,1106.0,1281.0,177.0,1458.0,-1.8548475721761297,1.2342748592734125,179.2257630739362
718.0,189.0,1376.0,41.0,155.0,541.0,0.6488454694460981,5.6323019187689525,161.40844222798137
510.0,829.0,813.0,1548.0,395.0,933.0,0.8997486780949828,0.39985517337262033,171.947219223051
887.0,1035.0,1349.0,1469.0,1817.0,23.0,1.2527097320139973,0.022718951868275994,179.91869850037668
1592.0,403.0,1725.0,573.0,692.0,1133.0,-2.6370696525254447,6.872856481155196,177.31236675450668
543.0,1936.0,302.0,351.0,237.0,1292.0,3.5901227240986238,-6.829859285551267,169.72749507506873
1777.0,1861.0,1903.0,313.0,1182.0,243.0,0.9862918348902754,-0.6401590343629269,183.57961732390262
1832.0,815.0,928.0,858.0,1712.0,1475.0,-5.181383085955684,0.3933962533684997,185.2222199484951
322.0,1283.0,1247.0,1691.0,1244.0,472.0,4.784340312967578,-0.8759841351942385,178.18858768549242
1111.0,1487.0,1788.0,204.0,528.0,630.0,3.202450782408758,1.4850074373513373,175.62344219456418
1695.0,37.0,1910.0,558.0,491.0,1466.0,-3.6604883606247025,10.075831679430703,177.17496332501867
1970.0,921.0,1067.0,960.0,763.0,1354.0,-5.636132691066428,1.2719504863690139,182.16804123792915
1507.0,473.0,537.0,1753.0,1630.0,371.0,-6.872453072516371,-0.7857622184111346,178.11594917709152
1133.0,1070.0,1899.0,910.0,1177.0,1488.0,2.5585143156052963,4.612617248428256,185.51801993386482
560.0,1229.0,931.0,837.0,635.0,1704.0,3.4191280407147397,-0.5717592177228149,176.3759256506026
107.0,1242.0,1005.0,1169.0,379.0,1174.0,5.45784817277836,-0.47321105132102886,172.05184643537112
1479.0,1424.0,1928.0,585.0,1273.0,1165.0,1.8108928767229617,2.46524677236995,186.5199448201341
999.0,547.0,1358.0,512.0,629.0,5.0,-0.4468689427936603,3.1498861275232066,166.85843440347992
169.0,942.0,1848.0,1140.0,1419.0,1778.0,8.145194213303528,5.230828069992263,183.23389515264265
946.0,1939.0,408.0,869.0,198.0,558.0,0.7253479055529821,-6.860539668026295,171.1344800977867
610.0,1967.0,1263.0,1250.0,1890.0,1959.0,7.233907311781871,-3.9042770250774876,191.85752374286446
1841.0,373.0,1759.0,410.0,1586.0,1161.0,-3.575181384813954,6.696605497811066,182.51434229639258
956.0,512.0,473.0,1891.0,1201.0,1607.0,-3.4670767319753786,0.14708666564448783,180.2399656988615
1422.0,888.0,693.0,363.0,1271.0,236.0,-3.0736053011801205,-1.8542405675963343,171.08172799827724
522.0,309.0,1367.0,1658.0,43.0,1432.0,0.9140005427421938,6.6343496870150345,173.25331401513424
1555.0,996.0,136.0,1215.0,285.0,891.0,-6.241171408576594,-3.6710646738783064,171.93791173486508
1499.0,202.0,55.0,1068.0,458.0,1323.0,-8.127076013128653,0.03533126766046657,169.4315185931564
317.0,1015.0,1871.0,1498.0,498.0,309.0,5.212472011916867,4.0058767191778,174.19390119405935
125.0,985.0,1144.0,1839.0,241.0,1972.0,5.055249089674931,2.3924520134793696,178.3550549113946
1020.0,1158.0,765.0,1286.0,933.0,1102.0,-0.6263624641722942,-1.8790107823787785,178.3415869612453
1455.0,48.0,738.0,1426.0,642.0,602.0,-6.927732658938181,3.3953754542821493,171.0423744996473
473.0,248.0,1724.0,1480.0,102.0,744.0,1.799317643382363,7.770812631982237,170.27093710277506
1599.0,1131.0,1369.0,1952.0,618.0,1904.0,-2.9180273500226557,2.450175515623768,190.17914347176549
1863.0,1274.0,276.0,1674.0,865.0,247.0,-7.428336200607459,-5.537314190620362,177.53775477642316
1850.0,1051.0,1718.0,1288.0,1125.0,1150.0,-2.965270353823901,3.5090029172329693,188.16685086370404
1039.0,1012.0,393.0,1548.0,1973.0,650.0,-2.338009173112444,-4.5172472472026275,180.01555335304238
1838.0,48.0,1169.0,48.0,827.0,785.0,-5.8850246804092565,5.227090937381934,169.99973560925633
1757.0,346.0,488.0,1538.0,46.0,714.0,-8.719903361931419,1.286728481768052,170.79786542421033
1378.0,1168.0,1305.0,1949.0,1082.0,1974.0,-1.3531582563239564,1.5674590948884597,191.71553436236167
325.0,1460.0,1973.0,378.0,1193.0,274.0,7.991444804389971,1.6130916477554975,174.56158714034302
938.0,1036.0,640.0,598.0,1600.0,76.0,-0.31595098977895547,-3.2905424742960125,171.1497884206831
654.0,1319.0,1061.0,1658.0,512.0,141.0,1.6543997497887255,-1.5920756843180328,173.5395857636706
1380.0,1146.0,659.0,1137.0,518.0,179.0,-3.4362140287588825,-2.6193037189616706,171.81025484826907
749.0,88.0,9.0,219.0,714.0,234.0,-3.4389773202571043,-0.7909600703937376,156.32292147541736
1339.0,974.0,884.0,973.0,112.0,41.0,-3.086730354341477,-0.47439358903683865,168.25896168791138
28.0,705.0,919.0,230.0,1637.0,1460.0,6.026049403877009,0.9455833113541127,171.48964850226022
577.0,425.0,1019.0,401.0,1933.0,234.0,1.5319035103853909,1.431706288893293,169.61928070043663
1097.0,702.0,570.0,327.0,1575.0,1692.0,-1.4427005718938912,-0.5870972334408889,176.75216026474436
1340.0,1041.0,726.0,610.0,1722.0,1002.0,-1.9479183764633503,-2.2707865919643218,179.20819714441606
1844.0,226.0,472.0,596.0,1693.0,818.0,-8.105930869494989,0.4704722414838105,174.82021720475996
719.0,1660.0,716.0,1852.0,1838.0,64.0,1.927462233963178,-6.55163476526845,181.07176450354197
1180.0,1536.0,1641.0,983.0,825.0,913.0,2.241827732700963,0.6040033422618856,182.54082335303644
1364.0,33.0,1831.0,283.0,484.0,512.0,-2.0673739125050536,8.277473913150521,168.86855408246623
1862.0,1875.0,1475.0,1135.0,619.0,1667.0,-1.112964520880745,-1.1405891294934976,190.56960284300055
323.0,290.0,1430.0,1862.0,965.0,581.0,2.0891170988164633,5.561926166699724,173.9507839545567
305.0,1593.0,1751.0,369.0,113.0,547.0,7.106695721995813,1.1036698256892992,169.86591884016144
840.0,1337.0,444.0,1157.0,1926.0,1779.0,1.0433338183039327,-5.113298322330962,184.52058867480153
253.0,1229.0,393.0,184.0,329.0,312.0,3.0282906017858062,-3.7613735294552053,159.81267099993752
339.0,449.0,1060.0,326.0,1073.0,485.0,2.7571132150896633,2.3898356249820143,165.196758094722
1799.0,430.0,505.0,642.0,403.0,1122.0,-7.312619998058883,1.005736956639256,171.0155451480319
1846.0,475.0,404.0,926.0,1849.0,1146.0,-8.037813536780602,-1.0054755318625825,179.99494689774903
328.0,887.0,960.0,344.0,907.0,1076.0,4.03206933789345,0.5081952590573697,169.16022454328683
1837.0,1639.0,1885.0,1267.0,818.0,1951.0,-0.3428897133582932,2.330360928593607,194.49843910548248
696.0,282.0,580.0,1068.0,200.0,1604.0,-1.7133033544439327,2.7548961449486633,168.79464603221092
1974.0,1572.0,1869.0,1264.0,968.0,1664.0,-1.503897707520144,2.202812360089485,194.06209931518327
536.0,1819.0,1180.0,148.0,1301.0,340.0,5.9604607033275485,-3.883311372617775,173.19743201720627
1180.0,1921.0,1368.0,603.0,990.0,1982.0,3.7147331076847516,-2.0066182494335467,187.4316267143707
280.0,1507.0,1999.0,361.0,860.0,1795.0,9.591823673311653,3.3208029745504,180.56790357637618
1303.0,332.0,1256.0,1977.0,1283.0,1653.0,-3.8102461653224404,5.494711591701723,186.100794709589
761.0,981.0,1957.0,522.0,1101.0,1081.0,4.664078128197902,4.848768805081193,178.83520574146203
987.0,33.0,1125.0,1284.0,947.0,1153.0,-2.678915335839707,5.833376883258952,174.35483419012502
688.0,1147.0,89.0,746.0,1311.0,1615.0,0.3153942738840147,-5.287411277578743,174.75705171417374
1976.0,1487.0,316.0,110.0,224.0,1988.0,-5.030474111288441,-4.144213305557896,177.20897002207815
1190.0,181.0,729.0,604.0,113.0,1297.0,-3.9711236032488824,3.688852932191107,167.06773178782177
652.0,1228.0,662.0,1655.0,1764.0,411.0,1.2079531227038354,-4.205827975958059,178.78288124640713
1538.0,511.0,812.0,1090.0,1116.0,345.0,-5.379606190850728,0.8003167520052938,173.79002514831797
1907.0,853.0,1887.0,1750.0,1618.0,442.0,-4.021236096668774,4.419093336093546,189.47657925744704
1729.0,914.0,1840.0,1614.0,397.0,1008.0,-3.0021212445639502,5.243755736762223,184.542505078475
1621.0,1578.0,1202.0,1872.0,364.0,507.0,-2.8134849945477627,-1.754055009546554,182.79954114172398
1762.0,1754.0,1100.0,1537.0,1139.0,1636.0,-2.255895803513078,-3.1083423199911997,192.05111850287528
203.0,161.0,791.0,890.0,1729.0,1720.0,2.5755697639322888,3.41813957878192,174.27881556953048
275.0,1879.0,1854.0,1604.0,1666.0,1520.0,10.171038454647938,-0.2691710754901629,190.9652930666582
801.0,1334.0,1518.0,1389.0,1213.0,27.0,2.7978233415236184,-0.14282039779729883,178.37329628161189
9.0,1972.0,681.0,1040.0,1992.0,1862.0,9.371961102107617,-7.292604331536855,184.3528521004102
1759.0,717.0,1881.0,748.0,41.0,819.0,-2.8178170638908835,6.151173083962899,176.5484398830703
628.0,1771.0,226.0,1058.0,669.0,1669.0,2.327027572074038,-7.096449274915668,176.80539543684088
765.0,992.0,1386.0,1537.0,1557.0,1350.0,2.591713898463511,1.9698838544202504,185.1474921961284
1803.0,588.0,1535.0,1122.0,700.0,1315.0,-4.48781392160612,5.382953521810536,182.2315216494517
412.0,549.0,1127.0,61.0,211.0,546.0,2.532467608083542,2.890035512246325,160.92301727238288
106.0,331.0,1769.0,1407.0,539.0,348.0,4.312432812762911,6.829563038006362,168.87358887633923
1166.0,1052.0,30.0,1509.0,1834.0,1180.0,-3.956912810999358,-6.1854716394896165,180.71645535668404
1779.0,1932.0,1253.0,1.0,1036.0,1302.0,0.1495440596984241,-3.0865876067513263,183.64460401414004
1451.0,1297.0,1795.0,542.0,358.0,1962.0,1.1881625181549742,3.9365165172926915,184.1115051145312
1273.0,512.0,623.0,991.0,986.0,1425.0,-4.001837030026251,0.9681858997728681,175.92735897794785
1693.0,599.0,1090.0,1791.0,1682.0,196.0,-6.018908265016607,1.2530502795467606,182.17910610898784
881.0,1074.0,328.0,1408.0,1030.0,245.0,-1.8309223217134312,-4.420556649841408,171.5097780844228
493.0,75.0,1475.0,571.0,7.0,1163.0,1.550831252428036,7.638182204098239,165.18710492944714
1973.0,676.0,745.0,1104.0,754.0,202.0,-7.653064244435233,-0.16177036663217714,173.8429020926074
1792.0,196.0,1128.0,622.0,767.0,1276.0,-6.073377771429416,5.087965238913563,175.527585170227
1825.0,1259.0,1106.0,102.0,1538.0,1522.0,-2.3280452611311686,-0.7975469046694634,183.90170457703474
796.0,1149.0,1801.0,22.0,1242.0,521.0,4.602611740501601,2.446561403778868,174.3974130252166
1671.0,1611.0,1985.0,1744.0,1880.0,1508.0,0.7781620578664725,1.7834867861592527,199.70774807512976
922.0,1529.0,420.0,1609.0,98.0,1329.0,-0.6140243740368496,-4.537451613123649,176.36115252056163
1234.0,1437.0,220.0,47.0,1050.0,660.0,-1.3806423203164724,-6.104046985578254,169.7774571205929
1954.0,1141.0,1858.0,89.0,121.0,1327.0,-1.7981728754387838,4.426943189779511,179.365376679397
1264.0,1137.0,516.0,1380.0,1062.0,846.0,-3.0428634291139502,-3.392788859627835,177.94751295940688
1235.0,1503.0,512.0,245.0,804.0,902.0,-0.6298552655626769,-4.656909256417862,172.74089571684462
1996.0,72.0,622.0,829.0,1731.0,922.0,-9.360064833108614,2.1289594677691523,177.40301881767982
510.0,1949.0,1958.0,1488.0,913.0,1100.0,8.166737520869852,0.2140476477101066,186.56562900974592
753.0,805.0,1558.0,1642.0,68.0,1710.0,1.7895923872708461,5.364487832472218,179.54022084277068
1332.0,1657.0,1091.0,974.0,1022.0,1377.0,0.4841316174629572,-2.6138210088346194,184.4674884497928
1852.0,76.0,1255.0,1371.0,1249.0,440.0,-7.4925603613448875,5.257268158327937,177.80190544990995
656.0,1815.0,41.0,13.0,1860.0,1580.0,3.378784609859424,-9.424727864844158,176.23374153558862
775.0,997.0,56.0,1694.0,1510.0,793.0,-2.092331899793705,-5.666345248934124,175.89847046472096
1471.0,1308.0,1736.0,1777.0,1450.0,642.0,-0.44099639767253657,1.552724286722906,189.27776445563052
56.0,203.0,991.0,50.0,342.0,968.0,3.5129455134028875,4.203181064606785,159.2977081168735
1277.0,536.0,1385.0,1912.0,1759.0,1588.0,-2.324976568505002,4.675667331976741,189.56630071216114
862.0,629.0,1883.0,1425.0,1110.0,907.0,1.9301175719089647,6.324288967255258,180.9891388773134
851.0,1944.0,1397.0,998.0,211.0,1688.0,4.722024785560016,-1.4406941945600193,182.45725336305702
1967.0,639.0,1769.0,1899.0,1119.0,821.0,-5.618973293451722,5.711435435985033,188.0959156249649
1521.0,753.0,430.0,1832.0,436.0,1731.0,-6.500119866993537,-0.5691620988703731,180.3751477369362
1620.0,1652.0,1614.0,1934.0,446.0,1961.0,-0.6700493027717849,1.1433914601809616,193.60550852610373
598.0,97.0,480.0,402.0,1901.0,387.0,-1.0205292131367139,0.5627416619142902,165.90388369900046
39.0,888.0,309.0,1823.0,725.0,1796.0,2.9347626272145626,-2.193596576333146,174.7343447625252
1865.0,122.0,1098.0,1191.0,1497.0,537.0,-7.598948897980377,4.138991771389964,178.19884452407362
1878.0,1600.0,1727.0,1143.0,1196.0,424.0,-1.5856106436047037,-0.05337825866226342,187.1404149872964
1259.0,1482.0,929.0,633.0,1669.0,1094.0,0.45209037146914066,-3.380175948205677,182.4276733369622
1321.0,1554.0,1175.0,225.0,1199.0,280.0,0.768053287316862,-2.611433433175687,175.664921160161
1074.0,547.0,1776.0,1254.0,1895.0,669.0,0.5636618184183277,5.410267402555135,183.10123351561586
866.0,945.0,1159.0,1887.0,1258.0,1657.0,0.7524625679894179,1.548580400718905,186.1333202981216
804.0,1998.0,26.0,1024.0,1407.0,82.0,0.8916902777456873,-10.869343712456184,172.92461193063346
1409.0,1299.0,1549.0,271.0,1404.0,1900.0,1.512171110907567,1.7501498059508789,186.3842616016985
143.0,1527.0,1255.0,1232.0,858.0,1757.0,7.706546099059561,-0.6362939140651267,180.67585054102287
1388.0,40.0,1500.0,491.0,1114.0,1720.0,-2.718239471950739,8.056172727978117,177.9088758866446
1452.0,478.0,1309.0,654.0,1266.0,1620.0,-2.5510281434403455,4.6527402814473975,180.86431039700835
832.0,219.0,1973.0,541.0,274.0,1124.0,1.6158601791024316,9.118806276076073,171.15540173651806
1094.0,1007.0,423.0,1186.0,1176.0,1886.0,-2.0139969687957655,-2.528096194159386,180.9249086827722
227.0,423.0,1509.0,1360.0,1095.0,1622.0,4.569585436561358,6.288976797192443,177.91740566806703
948.0,1619.0,1447.0,1659.0,1122.0,1119.0,3.0385820147067006,-0.9179970976733265,186.8316170494966
979.0,948.0,1588.0,581.0,1428.0,1817.0,2.8415256600414,3.7374794711810906,183.78787088648556
363.0,1378.0,1950.0,1101.0,697.0,1980.0,8.158256964842344,4.158525969943067,184.13823754283928
620.0,1122.0,1403.0,1720.0,676.0,1855.0,3.5476375572386183,2.573830279612599,184.08666413689267
1658.0,1786.0,374.0,1969.0,1437.0,1917.0,-4.101275323868833,-7.609343118324524,192.87677451601246
1458.0,405.0,1683.0,1402.0,778.0,861.0,-3.028230458801964,6.561716339648084,179.75352176470827
280.0,1957.0,710.0,1842.0,1403.0,640.0,5.597529352434024,-7.286733641606458,180.85110960122674
576.0,215.0,1832.0,283.0,895.0,685.0,2.978738548573324,7.494984652334749,168.81064548384037
1199.0,1529.0,187.0,1673.0,536.0,433.0,-3.1798982454134426,-6.754985413485173,174.37969514429648
1754.0,488.0,58.0,1235.0,1691.0,752.0,-8.97416005597223,-3.0922896896517766,176.4175582781536
1398.0,1286.0,811.0,232.0,1645.0,1429.0,-0.737682025932713,-2.6430489171059337,181.05518618345695
951.0,1054.0,20.0,1799.0,853.0,1598.0,-3.178022255391165,-4.928139065854971,178.2341856158899
1185.0,266.0,771.0,60.0,1905.0,1544.0,-2.2998936779577575,2.310473185985147,175.48258202719796
1764.0,792.0,1399.0,1414.0,778.0,451.0,-4.664293234296267,2.7267568211858744,179.91682948260132
290.0,1911.0,1630.0,1207.0,49.0,545.0,7.159792262180227,-0.8881046737594032,174.7843760626819
273.0,1325.0,1958.0,909.0,347.0,1266.0,7.681545734807655,3.9408838375473487,176.98921677620385
78.0,843.0,1357.0,1001.0,996.0,1127.0,6.082771662473767,2.739379498099488,173.68056303583765
270.0,368.0,1055.0,1692.0,493.0,923.0,1.5867389332076693,3.889720583823591,170.68559747709742
1633.0,1512.0,1600.0,214.0,623.0,987.0,0.1870434151828319,0.7442823006220514,179.92514875834243
846.0,1121.0,1974.0,637.0,978.0,131.0,3.746883547063884,3.2781517030585974,175.23121544990104
1236.0,993.0,1783.0,547.0,850.0,384.0,0.9050551606347296,3.3313347382359773,175.86014844233216
129.0,823.0,463.0,1987.0,489.0,734.0,1.630154111378407,-1.6293699743361374,169.8186738246988
519.0,181.0,1814.0,1780.0,1175.0,1201.0,2.3570493989270322,8.796398186671523,180.04699315930674
1441.0,842.0,734.0,1961.0,1801.0,1894.0,-4.488551906182504,-0.5428857322506926,190.71721684824058
1773.0,121.0,1433.0,611.0,691.0,861.0,-5.386436963299618,6.491390178767382,173.97697237875383
268.0,1942.0,1359.0,1196.0,1528.0,90.0,7.593028982928401,-4.20141511547334,178.5400152160746
1361.0,279.0,805.0,464.0,1902.0,1902.0,-3.6419866507890655,2.84902736122588,180.52618626340032
293.0,63.0,1281.0,954.0,256.0,684.0,1.586258453030226,6.188566645081307,164.00893942892753
1386.0,978.0,536.0,1876.0,1592.0,236.0,-4.809365346313278,-3.532737152444586,179.88297756170604
1469.0,452.0,905.0,833.0,1190.0,1714.0,-4.173983260343453,2.8569726917511553,179.76587105594376
707.0,435.0,928.0,1665.0,32.0,1421.0,-1.1159461907463655,3.7542708504514692,172.66569183293961
1963.0,28.0,1844.0,1462.0,1262.0,1280.0,-6.5033360905156075,9.67280856208537,185.8303177264391
1770.0,626.0,1798.0,4.0,1513.0,1159.0,-1.8369058971959782,5.5206027086464875,181.2684367363717
517.0,913.0,614.0,1878.0,1677.0,1192.0,1.1226179334086854,-2.094086834789932,181.0502580410996
905.0,70.0,1046.0,20.0,1702.0,767.0,-0.7266341670857679,3.981533308104087,169.15993973228578
296.0,1651.0,1135.0,9.0,1518.0,1826.0,8.235950268256854,-2.384374088428076,178.79979668666266
824.0,1138.0,517.0,351.0,1363.0,857.0,0.8032291114484014,-3.531374160731835,172.00234357476884
2.0,922.0,1625.0,578.0,1672.0,1721.0,8.960480361425489,3.7820397218657855,179.18709024166643
1752.0,508.0,270.0,603.0,1687.0,762.0,-7.349054072426685,-2.0344743263663947,174.51283937838429
695.0,1696.0,1297.0,1555.0,482.0,920.0,3.804043565152768,-1.6285121818062172,180.2210482883046
1713.0,1508.0,447.0,207.0,1159.0,1722.0,-3.0543105843713683,-4.900754609613814,180.6886201825007
1937.0,1715.0,1461.0,1624.0,1106.0,1257.0,-2.6113879570277287,-1.2227644657407124,192.97017521756817
1089.0,1839.0,1896.0,1508.0,376.0,1880.0,4.3545202287552645,1.6422927397638574,190.21561918791517
904.0,1058.0,874.0,459.0,515.0,1183.0,0.7498361983713299,-0.2950960123695329,171.78119233599122
610.0,1520.0,1006.0,557.0,956.0,1442.0,4.478034403837047,-2.166406037598061,177.32632211723214
265.0,1665.0,1706.0,1776.0,683.0,281.0,6.85812734111049,-0.15382729770830095,178.64918257359847
1908.0,1788.0,363.0,1464.0,1089.0,477.0,-5.568855815475242,-7.760387725899879,182.13418737197225
638.0,309.0,179.0,403.0,413.0,1348.0,-1.7140953113857185,0.20480801852573427,162.95958954558708
1715.0,1791.0,816.0,1805.0,53.0,1626.0,-3.4638451656806986,-3.67040256436891,186.13024847960298
1142.0,1267.0,713.0,707.0,613.0,220.0,-1.1213997461013125,-2.9440289853006933,170.02611482577214
1667.0,661.0,1804.0,1545.0,181.0,998.0,-3.4873659899526563,6.430537982139295,181.1045063853495
159.0,1712.0,1001.0,1100.0,1751.0,307.0,6.9801591277831845,-4.915253105760676,176.7392066608193
1104.0,1165.0,1569.0,1371.0,759.0,1860.0,1.5596527225885146,3.1428577945170595,186.3602551080018
1364.0,223.0,1407.0,71.0,1493.0,1152.0,-1.8744484797939744,5.604726406765868,175.2752845656461
1093.0,254.0,669.0,623.0,192.0,1007.0,-3.490191178326228,2.7012041689147805,165.70917749490138
788.0,151.0,226.0,1053.0,562.0,1157.0,-3.6703720594918803,0.9081732592393523,166.25833156499706
1682.0,1861.0,1094.0,1928.0,1893.0,1119.0,-1.757852115340889,-4.986806975139596,195.33333049564868
869.0,1983.0,1567.0,366.0,961.0,1392.0,6.058045787666851,-1.6912727243379484,182.6508303345797
1813.0,1528.0,98.0,757.0,1851.0,1956.0,-5.147730189515378,-7.7449131567939595,186.89988598711034
891.0,1688.0,851.0,1196.0,111.0,681.0,1.2722706958106111,-3.5078301243789456,173.89418401240826
1814.0,1862.0,134.0,181.0,1176.0,1831.0,-3.4501686533737796,-8.24020506851083,181.69282005731202
867.0,1987.0,1911.0,265.0,1769.0,223.0,6.82479626552527,-1.7470010890979222,181.95273425167028
948.0,1426.0,1990.0,1421.0,144.0,1695.0,3.993165510056889,4.280865116043813,185.16223344866148
1450.0,1523.0,1066.0,980.0,1131.0,120.0,-1.2394809162043097,-3.12713171746519,178.31101438847634
291.0,974.0,1708.0,1994.0,931.0,643.0,5.08757676981083,3.5759375097605375,179.56124681685208
1404.0,1524.0,938.0,969.0,1769.0,819.0,-0.7086267570183002,-3.9113984059841256,184.2523017133559
263.0,230.0,1843.0,523.0,1357.0,1745.0,5.7215960219572874,8.765081363697037,176.2172793507538
1642.0,416.0,1973.0,63.0,1112.0,54.0,-1.8324976819538432,6.192584764532742,172.90973956520435
396.0,27.0,1864.0,1216.0,1570.0,1572.0,3.805799342709995,9.958382126178176,179.77875184753708
1503.0,881.0,961.0,387.0,947.0,888.0,-2.7220352146665228,0.33648583744608207,174.7148833517429
1542.0,1220.0,839.0,1711.0,89.0,666.0,-4.288052795441125,-1.3624434438426167,177.18623260153205
1126.0,453.0,741.0,186.0,761.0,1664.0,-1.9779619317822812,2.2367733288340883,171.38693328192903
1354.0,416.0,1531.0,626.0,1831.0,434.0,-1.6934584423314063,4.375404829263949,177.83308085200156
1746.0,941.0,1730.0,798.0,1771.0,1691.0,-1.6047325390068816,4.201864199199183,190.71001825481613
1109.0,1054.0,1820.0,884.0,401.0,882.0,1.5854147318690772,4.143322409957798,177.66225508842504
1812.0,826.0,1985.0,1782.0,181.0,1689.0,-3.3292643151361503,7.4125471777988645,188.3603460558427
953.0,1112.0,922.0,782.0,1074.0,1783.0,1.0552137690676113,-0.36437055274614694,180.2074183655841
777.0,939.0,1794.0,258.0,511.0,1532.0,4.105899479587497,5.0801912001543155,175.75868581897996
1721.0,1426.0,664.0,1003.0,1296.0,787.0,-3.936208485930708,-4.33668616652266,181.45235900949163
1882.0,1243.0,825.0,1610.0,404.0,1675.0,-5.734614354330649,-1.0628844264999113,185.25807053088116
1056.0,357.0,804.0,372.0,891.0,1047.0,-2.067837731256448,2.3248544580825437,169.32779631560345
1995.0,507.0,646.0,922.0,892.0,1764.0,-8.127690487234606,1.5045813091569413,180.387877440865
1986.0,1308.0,1350.0,185.0,664.0,363.0,-3.1430537301559074,-0.07648188196262998,176.19490076846034
65.0,1448.0,102.0,1986.0,697.0,1487.0,3.490862210614552,-6.539100581068901,175.58792265451802
609.0,1169.0,1053.0,328.0,1634.0,316.0,3.493350871751825,-1.741449134254933,172.27036809808854
1174.0,1823.0,425.0,1230.0,1771.0,472.0,-0.41137420047905127,-8.412339395871461,181.23199225907865
1598.0,1036.0,1682.0,1215.0,1274.0,153.0,-1.8910094908081603,2.2151350025552543,181.87418148175874
2.0,627.0,1502.0,523.0,1137.0,1100.0,6.744723463154516,4.3386507323318,170.922824437326
1792.0,898.0,1171.0,1354.0,1028.0,1691.0,-4.6865270459322526,2.05744769895422,186.85526162808912
212.0,1450.0,907.0,1397.0,657.0,1419.0,5.431186789193001,-2.141657164507477,177.02996702913367
1060.0,246.0,771.0,1696.0,1870.0,140.0,-4.062297175643131,1.2228488859631477,175.71841085775992
1685.0,1906.0,902.0,958.0,270.0,478.0,-2.134546074406343,-4.5528487612395265,177.87777981742516
1794.0,112.0,879.0,1625.0,1307.0,1800.0,-8.361926572360016,4.68075202441069,184.39655866476974
1802.0,1049.0,971.0,1012.0,193.0,858.0,-4.907712551777165,0.21873173741056645,176.25956361808548
1771.0,1021.0,1851.0,1134.0,719.0,1841.0,-1.8836150932768847,5.367048151952945,188.88763451427127
345.0,1432.0,960.0,177.0,1946.0,897.0,6.260809146402265,-3.3269248127629227,175.42295279763707
1319.0,83.0,1162.0,452.0,473.0,1078.0,-3.5224510501533883,5.715007065381315,169.339444706154
1801.0,378.0,991.0,1142.0,98.0,626.0,-6.932473432173541,3.385386127135382,171.66963495478697
460.0,502.0,731.0,1919.0,178.0,1790.0,-0.0006194002869497339,2.652326762158914,174.72196827564028
1279.0,836.0,114.0,401.0,1600.0,884.0,-3.809945005836479,-4.276935425361783,172.22296730975128
1904.0,326.0,1344.0,1684.0,1766.0,1936.0,-6.87404747374029,5.963510549730076,191.91085679834165
352.0,1258.0,574.0,1669.0,212.0,1204.0,2.3296728552109185,-2.6015852836392703,173.11747621762876
867.0,1134.0,1516.0,1990.0,1176.0,1994.0,2.5767519702015704,2.8942772623928135,190.74381386039664
583.0,1175.0,542.0,266.0,666.0,1358.0,2.322701557091783,-2.472231472251116,169.62955394263207
350.0,1342.0,125.0,863.0,606.0,1426.0,2.3902320096523,-5.401772548242853,170.14975074726266
1324.0,1386.0,142.0,955.0,91.0,1221.0,-3.456456705951813,-5.047043374216361,172.2193771522611
1087.0,1900.0,366.0,1445.0,1856.0,1859.0,0.7261464375547155,-8.66221252707063,189.62782147758392
1681.0,1155.0,1440.0,782.0,2.0,1564.0,-2.1672825526694304,2.788629191030534,180.11023235908598
1839.0,1298.0,1821.0,394.0,1169.0,1584.0,-0.6378321628270707,3.0461444328357423,187.7977308625245
601.0,904.0,832.0,175.0,1687.0,1237.0,2.898411427346095,-0.7686979148776467,173.99302135071983
1196.0,1456.0,1838.0,1870.0,59.0,1075.0,1.3025314660780247,2.84370207924857,184.60473574378798
1973.0,932.0,1998.0,1757.0,1186.0,810.0,-3.876053026188072,5.284346429601914,190.49073342560615
1384.0,1941.0,246.0,384.0,188.0,818.0,-1.4285480671174708,-7.276076985822194,171.31166395359185
935.0,1383.0,88.0,1440.0,1932.0,1841.0,-0.8444445040312005,-7.421220422219335,185.10063962761004
1298.0,13.0,1852.0,1138.0,1294.0,252.0,-2.4749753001218013,8.212929212056999,175.79660684597312
1277.0,480.0,1538.0,111.0,1998.0,1698.0,0.14844019037665368,5.327413573882387,182.47256446885368
1056.0,1645.0,1330.0,1362.0,1837.0,1218.0,2.8920568640876194,-2.273944809052327,189.5745359524153
781.0,707.0,1258.0,1027.0,1584.0,587.0,1.254260581959943,1.9363294734007634,176.6640020527028
607.0,1661.0,1511.0,656.0,1570.0,756.0,6.246248946283575,-1.4868287058818626,180.69830628797507
739.0,1316.0,1427.0,578.0,1212.0,769.0,4.04478958443054,0.1537864872245437,177.1166852412132
1025.0,1551.0,1765.0,801.0,235.0,310.0,2.8360607450974866,1.0572305993622448,175.32356737501803
163.0,11.0,421.0,887.0,1144.0,647.0,0.31424144804052156,1.6018093342355122,162.891677715734
1954.0,1419.0,1611.0,645.0,1187.0,1397.0,-1.9375849417383015,1.1746733841629435,188.39585088015232
1215.0,1349.0,1768.0,1098.0,1398.0,1056.0,2.206743900415674,1.8843660250830556,186.68889680216853
451.0,153.0,361.0,1101.0,1454.0,234.0,-1.3895980495410147,-0.045167845552298136,165.3551136119457
1409.0,268.0,213.0,529.0,1081.0,1350.0,-6.115906066534279,-0.03769649011960699,170.85037196715194
282.0,999.0,268.0,1650.0,1691.0,1961.0,2.4955610167950395,-3.9255184781607864,181.2947085773816
305.0,1477.0,1009.0,126.0,1276.0,1337.0,6.625076908141732,-2.28244304600071,174.27742733240848
266.0,594.0,153.0,142.0,1387.0,1097.0,1.751410477027656,-2.452385017588253,164.7207745692748
282.0,433.0,1448.0,746.0,13.0,190.0,2.7654943477226124,4.738145357816274,161.8922446479067
973.0,933.0,1158.0,1026.0,1244.0,1696.0,0.9056461311906294,1.6060000577224354,182.29576574118965
500.0,440.0,1527.0,772.0,997.0,1501.0,3.362082707956733,6.03768670762329,175.386116532419
1455.0,328.0,401.0,1553.0,987.0,1023.0,-7.137713735988278,0.4131847805473511,175.42756839403205
553.0,359.0,656.0,276.0,1833.0,793.0,0.802511828547406,0.5724944146809972,169.04142856406773
1329.0,119.0,1304.0,912.0,97.0,869.0,-3.8353111754719076,6.328186387490769,169.60327737236656
1282.0,947.0,807.0,850.0,549.0,1028.0,-2.365395212118073,-0.26058771276093157,174.19070589746048
1693.0,97.0,1321.0,1826.0,910.0,1487.0,-6.768335675034939,7.109257293088413,183.4059203285656
688.0,1643.0,1489.0,940.0,1053.0,1847.0,5.897745006631755,-0.10633703606486922,185.38487356818428
156.0,1111.0,403.0,908.0,828.0,32.0,2.793861659312212,-4.064996986799169,163.61001122995725
1814.0,1734.0,1613.0,1084.0,1349.0,690.0,-0.8959932662517446,-1.2079545086679273,188.78048292046165
607.0,209.0,1850.0,55.0,1629.0,1967.0,4.340774458039178,8.877962571266709,178.0666508127324
1566.0,697.0,1355.0,1140.0,301.0,919.0,-3.600755382639041,3.7748966099279233,176.72566816890318
1645.0,1190.0,863.0,902.0,1339.0,1526.0,-3.2263320278199688,-1.5608309874868187,184.4972029421566
1897.0,239.0,865.0,1344.0,133.0,752.0,-8.453712529180281,3.5855533110101705,172.53678262177422
1672.0,1006.0,1789.0,677.0,1958.0,426.0,-1.0836369386317215,2.6207561973516187,184.80103875899172
1157.0,1940.0,880.0,740.0,554.0,389.0,1.0995633281057213,-5.143824696218292,175.08660993319637
208.0,1592.0,1937.0,893.0,1233.0,1983.0,10.354626705222675,2.516070249328864,185.95644824888444
1146.0,467.0,1254.0,670.0,284.0,504.0,-1.8197000540223685,3.8602234648641662,168.24006317129667
719.0,1919.0,505.0,1761.0,771.0,889.0,1.9872830212662491,-7.216505887784485,179.60690978711037
285.0,710.0,160.0,456.0,74.0,1984.0,1.4448724268041766,-1.0188078362728803,164.86170226305018
151.0,879.0,941.0,675.0,1265.0,1497.0,5.277809906631873,0.5292169818184862,173.78480409888
1681.0,1855.0,1122.0,1719.0,1347.0,418.0,-2.01872355547954,-4.642959010460093,187.90254226733092
412.0,975.0,686.0,65.0,1404.0,862.0,3.464681033498356,-1.8974997713914858,168.63529772137676
459.0,241.0,850.0,935.0,1441.0,1154.0,0.8959552504572246,2.922990742520733,172.19453722590941
821.0,81.0,1375.0,1791.0,1251.0,1970.0,-0.7889126960992505,7.9034536112267535,183.35326812884767
1390.0,1626.0,1947.0,86.0,1738.0,446.0,3.267254515358483,0.4135334324737625,183.25424123097918
811.0,1153.0,1311.0,1820.0,1912.0,1389.0,2.5738410738663853,0.42561635569695533,189.3414822788323
1538.0,1523.0,888.0,211.0,1558.0,755.0,-0.9236910941491611,-3.8562862365637005,179.32484797658847
643.0,1185.0,544.0,502.0,1568.0,1840.0,2.5995463361189106,-3.16796174333477,178.33491703965285
1803.0,745.0,82.0,207.0,1376.0,359.0,-6.974758762240008,-4.0716177356496255,169.2320814169429
1385.0,912.0,1261.0,1421.0,286.0,1078.0,-2.491316334615843,2.458222082559985,178.68177087593784
765.0,529.0,21.0,314.0,927.0,1495.0,-1.906426327386368,-2.034947023177187,166.862401483695
1462.0,1153.0,1761.0,314.0,86.0,1074.0,0.24755803104869947,3.715886486806647,176.1263778976102
20.0,556.0,678.0,1772.0,19.0,1599.0,2.5803276440931717,2.0385397703871515,169.8668595194946
739.0,711.0,535.0,1484.0,1584.0,949.0,-0.941899706237781,-1.5103937523305166,176.98562293030588
101.0,20.0,1276.0,530.0,1380.0,56.0,3.2173979395119288,4.830650149257751,163.1562220965382
1451.0,276.0,741.0,582.0,1120.0,831.0,-4.974597217316489,2.0406402339549783,171.67915492264007
1703.0,209.0,1605.0,1092.0,276.0,152.0,-5.1856296948444465,6.389191069388531,171.62275877105296
1161.0,601.0,1398.0,194.0,1207.0,1971.0,0.47078495517468066,4.802420522486546,179.56868944591264
1533.0,296.0,423.0,535.0,1351.0,411.0,-6.250808844416091,-0.22067487167486544,169.27224317592334
1201.0,1969.0,795.0,1647.0,349.0,238.0,-0.3782673238545574,-5.803921252867353,177.7981474511036
729.0,1166.0,804.0,928.0,995.0,56.0,1.0032655559469492,-2.5762071053866906,170.10676438105054
100.0,940.0,407.0,1490.0,630.0,996.0,2.683190721877781,-2.394898542999363,169.49443179214342
926.0,1222.0,15.0,1062.0,1879.0,1862.0,-1.138939858771258,-6.723365739582536,181.7538082384204
1869.0,1164.0,1963.0,212.0,1944.0,1549.0,-0.2785686915637122,3.8542792323015327,190.81654972804648
134.0,1739.0,1628.0,825.0,318.0,978.0,8.440927920279453,0.05523672375557287,174.64957949512225
1814.0,395.0,86.0,1231.0,345.0,1100.0,-9.546192797403874,-0.8594604462645447,171.18014482265272
1669.0,220.0,1551.0,137.0,611.0,1719.0,-3.3864513275171526,7.527185463843086,176.10466824016552
1126.0,1401.0,967.0,1967.0,216.0,208.0,-1.4745557749955518,-2.1372624116551524,176.29120618205377
985.0,338.0,299.0,660.0,1946.0,1578.0,-3.0180842780243844,-0.5390318661944533,175.9175308483272
1945.0,771.0,1306.0,1084.0,1233.0,570.0,-5.463162184719695,2.10305179366633,181.5083064251504
948.0,667.0,353.0,100.0,1871.0,1259.0,-1.0912521019930486,-2.158417016474683,172.76383331033065
652.0,920.0,1736.0,1395.0,1811.0,1123.0,4.3147103310938535,3.8175086645272236,185.2877189105997
135.0,1651.0,966.0,1234.0,1888.0,447.0,6.995605744519274,-4.856894615698948,178.25254260422213
210.0,48.0,527.0,993.0,63.0,338.0,-0.402629262337149,2.468468501317493,157.20536251284938
1625.0,137.0,605.0,485.0,345.0,1193.0,-6.654218274798004,3.0034241423732735,168.37392036215672
622.0,951.0,307.0,758.0,25.0,788.0,-0.3249427163053384,-2.337478933958092,163.7847057017367
447.0,257.0,1954.0,835.0,218.0,817.0,3.2819063537945987,8.59197904847111,168.91747902884183
1519.0,1276.0,1480.0,1673.0,196.0,667.0,-2.0847048628851095,1.4298784255870083,181.1124497962382
682.0,1650.0,1636.0,372.0,1599.0,945.0,6.524849819709541,-0.6546554064386993,181.31411839328132
1224.0,732.0,1830.0,674.0,1375.0,538.0,0.6180763972414379,4.698351159448904,178.7925702011929
997.0,1057.0,1927.0,878.0,1692.0,1274.0,3.6542482440916477,4.237731353507136,186.2608412093644
7.0,208.0,1857.0,1360.0,1918.0,50.0,5.7047599290423285,6.819312934577522,173.42594280051256
1635.0,423.0,68.0,1309.0,218.0,1278.0,-8.608077234180854,-0.8300554827884306,171.0545494404716
1638.0,407.0,1712.0,513.0,1458.0,421.0,-2.8348735880903293,5.471341918649219,177.5410155794466
1263.0,847.0,1447.0,1504.0,1488.0,971.0,-0.9986608728746964,2.741071916019543,184.80418463193513
1630.0,1770.0,869.0,519.0,1556.0,44.0,-1.4415629542496902,-5.698575910528727,178.77087694278075
1967.0,492.0,1073.0,1014.0,588.0,1663.0,-6.906507283721958,3.9431131053952377,180.77134692357302
1958.0,674.0,101.0,108.0,469.0,1203.0,-7.822411342602184,-2.053214140998369,168.93021686629996
61.0,368.0,1719.0,727.0,44.0,1467.0,5.525338532881407,7.814712965036775,168.12606922430746
1285.0,128.0,166.0,34.0,804.0,703.0,-5.3986866881549815,0.08730304480241419,161.94270652027245
363.0,714.0,1185.0,326.0,539.0,1222.0,3.839270275310959,2.8825858552516603,168.32739907160143
1798.0,619.0,1544.0,1226.0,921.0,671.0,-4.596418969207424,4.4187702833020985,180.8058961308437
1143.0,378.0,1448.0,1383.0,137.0,246.0,-2.4848992353444626,5.1612849248953,170.24560891819092
594.0,1829.0,1764.0,1308.0,739.0,576.0,6.22357461089004,-0.46852878078135973,180.96742352557726
1325.0,1712.0,1601.0,765.0,1465.0,1785.0,2.9361820604719355,-0.3081940097943303,190.64301212273358
175.0,312.0,607.0,637.0,1742.0,1408.0,2.705450449339815,1.2622528474721855,171.1490895478057
66.0,15.0,473.0,1633.0,757.0,788.0,0.16555173187022065,2.3752760304252307,165.23371674945025
178.0,29.0,1479.0,387.0,1523.0,945.0,4.21356885559207,6.764977808793517,169.10454383471978
914.0,1299.0,810.0,1299.0,1175.0,502.0,0.3471563902147362,-3.0808457515848393,176.9306975661666
1766.0,985.0,1203.0,1524.0,1051.0,1810.0,-4.325725725916502,1.8668311142393699,188.966139257339
253.0,1846.0,681.0,1533.0,1829.0,742.0,5.994324805847067,-7.210908589088353,181.1114582998153
1505.0,782.0,1700.0,171.0,633.0,1549.0,-0.5437496062407647,5.310022219122608,178.56582800532308
1706.0,503.0,897.0,292.0,939.0,1027.0,-4.942915919124562,1.9971834243801376,173.54816481216474
1456.0,381.0,435.0,1443.0,909.0,1288.0,-6.698878927215646,0.6220714566839456,176.31243135271407
966.0,992.0,637.0,1434.0,599.0,1129.0,-1.484459917882253,-1.344513347031557,175.71002708994072
1083.0,581.0,357.0,596.0,1452.0,708.0,-3.0518707503309246,-1.7870487543995122,170.59874622114336
1969.0,1.0,174.0,1046.0,90.0,1416.0,-10.993256733966751,2.034902826083708,169.56054416173885
1679.0,1116.0,1304.0,500.0,928.0,1711.0,-1.9246464965407961,1.6607392301562631,183.33385728543902
1321.0,282.0,723.0,1659.0,1594.0,1069.0,-5.4705936191277065,1.9252507253618192,180.1768783077946
535.0,353.0,1783.0,651.0,219.0,223.0,2.3539041781254357,6.50488291867179,165.16607104806332
172.0,657.0,1944.0,1193.0,1710.0,130.0,6.323091271103091,5.113790386744425,175.60501550566778
1997.0,1992.0,388.0,1865.0,1525.0,665.0,-5.76453155573704,-9.323868301895642,188.94444288892734
441.0,1872.0,1383.0,614.0,1618.0,1000.0,7.736217322592399,-3.0575127813607006,181.41999803406856
603.0,1427.0,201.0,391.0,1714.0,1907.0,2.7623028945074224,-6.374489220281415,177.96472838399367
1151.0,755.0,207.0,527.0,1099.0,3.0,-3.6099910541851625,-3.553781395479281,165.16716390142278
434.0,1181.0,1373.0,544.0,1865.0,492.0,5.561347862962632,-0.25653430085141804,176.21812843289138
1675.0,444.0,1339.0,351.0,370.0,1269.0,-3.8522106147371002,5.092352894689509,173.903296465805
695.0,1916.0,470.0,1980.0,1544.0,1501.0,2.754585221493071,-8.153472944951044,187.52863263912772
706.0,470.0,618.0,1485.0,407.0,1961.0,-1.3027856037825676,2.1713220244052382,175.09496370678093
1534.0,1869.0,1640.0,586.0,1208.0,1200.0,1.9306319307424438,-1.16962481592627,187.48821413875578
618.0,1636.0,1935.0,482.0,1842.0,403.0,7.383580286303885,0.20824491551207025,181.39483213286283
624.0,298.0,1217.0,998.0,1617.0,14.0,0.578764188263057,3.141242095664352,170.53056460064508
1141.0,1603.0,1166.0,116.0,1728.0,1923.0,3.2416400626612534,-2.1340039479519697,185.513065503182
694.0,1658.0,744.0,1305.0,1018.0,899.0,2.6464424028312425,-4.7970567538421784,178.4857924468712
254.0,1690.0,1977.0,1610.0,1437.0,1411.0,9.750740459296603,1.5413482273698325,188.8211492196095
935.0,15.0,238.0,846.0,1387.0,8.0,-4.695049459547845,-0.14583469339949895,163.56021817970043
255.0,1349.0,299.0,1239.0,1106.0,107.0,2.57842241273395,-6.0550128772590135,168.23986140567598
165.0,1121.0,1488.0,1977.0,1490.0,1740.0,7.081662654157784,2.3031807166463385,186.9731897781382
589.0,73.0,136.0,1881.0,1474.0,734.0,-3.8061409532163024,-0.32261954369925466,171.1515485265949
370.0,1448.0,1826.0,1977.0,1398.0,1266.0,7.396432100040095,1.9650692506414977,188.5152657888497
1323.0,106.0,1207.0,960.0,1929.0,883.0,-3.6025761456128462,4.877614852304347,178.8984294049699
1989.0,1527.0,1547.0,1774.0,1312.0,887.0,-3.483557881179609,-0.27310577382581025,192.61043766988794
1922.0,744.0,1475.0,329.0,729.0,1545.0,-3.8211583119311197,4.355126782385493,180.63649034862925
773.0,1221.0,263.0,1263.0,1733.0,225.0,-0.4760261114733567,-6.25663857955445,174.05508171077847
1229.0,411.0,770.0,291.0,1994.0,1243.0,-2.4811816487254097,1.2040497683507434,176.5848712239419
738.0,1256.0,1675.0,119.0,199.0,12.0,3.639010587642857,1.6546975430436657,166.5641733335675
1071.0,916.0,1589.0,1424.0,469.0,985.0,0.3372881392238051,3.8541844203656614,179.24987633124942
1144.0,0.0,125.0,444.0,1371.0,1361.0,-5.440698314431231,0.6308693523733063,168.7897955758601
1182.0,1323.0,1038.0,310.0,1122.0,1194.0,0.8664792335781119,-1.3539321423914512,177.84091265459853
591.0,1402.0,1057.0,1103.0,1464.0,202.0,3.4152677388187622,-2.855105820652275,175.92819154926738
1977.0,329.0,1223.0,1877.0,770.0,768.0,-8.307750260206202,4.617395948642091,181.38657360886788
1241.0,1394.0,1100.0,1128.0,1010.0,225.0,-0.49283622913287545,-2.143402253015359,177.46185605424813
62.0,841.0,901.0,1069.0,849.0,230.0,3.977338956289803,-0.2627913037596665,166.31785756127664
1904.0,1879.0,1212.0,1253.0,1463.0,1695.0,-1.9232237068332032,-3.4339015065273073,194.5191687629358
749.0,1949.0,971.0,60.0,1721.0,1821.0,6.046762620881324,-5.019301208058846,183.18038755177636
1743.0,240.0,1706.0,1284.0,1699.0,520.0,-4.801221773774634,6.566633520453194,182.79642796521645
493.0,1543.0,753.0,960.0,1924.0,198.0,3.950968535972253,-5.55653034742857,176.03558403709982
830.0,1686.0,903.0,1988.0,1925.0,1798.0,2.985435140398451,-4.662733484943987,193.03213507554025
996.0,1920.0,1724.0,760.0,611.0,1765.0,5.312809916306566,0.029376569315498147,186.00012031871694
1181.0,1891.0,486.0,1316.0,772.0,1336.0,-0.22569907958908386,-6.776915922158791,181.83248885976246
730.0,1813.0,174.0,1917.0,1184.0,1092.0,0.8337664592188252,-8.904822947540165,181.29524423247048
1683.0,1151.0,964.0,762.0,1769.0,1673.0,-2.913509181442148,-1.0962245420709138,187.27228526255334
1939.0,31.0,1380.0,496.0,484.0,312.0,-6.640332710961376,6.039350785319486,169.52218101522578
1948.0,1340.0,10.0,415.0,996.0,1647.0,-6.520919234400705,-6.164563229931579,178.3932679916786
1554.0,558.0,887.0,137.0,833.0,1888.0,-3.573183801180178,2.5958322666246016,176.09939960263245
1532.0,215.0,1004.0,1724.0,1743.0,1084.0,-6.166446724922952,3.7407326416198967,183.4667309520508
1520.0,101.0,242.0,1189.0,1425.0,678.0,-8.1467726589587,0.056906720030733715,172.2835916391919
634.0,713.0,453.0,386.0,910.0,153.0,-0.12398511457222167,-1.8875163174585823,162.75485064222835
595.0,962.0,1017.0,1320.0,1107.0,1883.0,2.655749796218274,0.9926565954045031,181.5157663253415
1492.0,925.0,1116.0,1173.0,143.0,911.0,-3.314947605553625,1.61532192288756,175.66448365769864
1120.0,1878.0,868.0,1551.0,684.0,1036.0,0.7901176804045136,-4.882969224419701,182.73467654934308
1141.0,1152.0,1436.0,981.0,1355.0,1603.0,1.4565824521969317,1.7365216700474184,185.5849714116682
1844.0,676.0,760.0,588.0,212.0,1441.0,-6.07387539538222,1.5057091957570525,174.2829597146887
1413.0,473.0,301.0,960.0,334.0,1497.0,-5.9833918734315645,0.176796567032247,171.50550718130532
1821.0,1619.0,354.0,1618.0,432.0,1335.0,-5.734726044376102,-5.7278344197417494,182.7275040508743
1414.0,1750.0,237.0,1787.0,55.0,192.0,-4.037931176454084,-7.13137197944253,173.6422666675054
1856.0,851.0,556.0,386.0,1331.0,1540.0,-5.756436327286376,-1.329299872117074,179.47886436088535
166.0,1057.0,1154.0,575.0,70.0,1577.0,5.524186070280345,1.8152828244044605,169.5334021017388
1569.0,502.0,1835.0,81.0,315.0,1776.0,-1.24332707654315,7.744629949046471,177.00428746213694
299.0,1054.0,1311.0,766.0,1655.0,499.0,5.470938477809415,0.26502535679646766,174.66605215460353
1404.0,1639.0,277.0,1148.0,434.0,1111.0,-2.953716306062153,-6.181064595696096,176.8071320301079
461.0,1863.0,36.0,1951.0,75.0,1426.0,1.6877117334251934,-8.261034507449244,175.5961144423449
204.0,335.0,1193.0,1500.0,1726.0,154.0,2.770417224126052,3.03957787497521,172.27020384020364
1279.0,673.0,896.0,1724.0,1903.0,1430.0,-3.2776885394450845,0.833731244451431,186.78457947289434
1540.0,47.0,578.0,914.0,1310.0,1740.0,-6.918560251543734,3.2126547930742424,177.36602728024724
354.0,602.0,1508.0,1258.0,1132.0,1327.0,4.231201478240473,4.9433775887957445,177.72291007139455
1739.0,323.0,1557.0,785.0,211.0,46.0,-4.857643542802193,5.443048109675914,169.76181636122914
1268.0,1096.0,1797.0,449.0,124.0,47.0,0.5374343640536707,3.0361022212376776,170.64193986968482
1105.0,1976.0,316.0,576.0,1008.0,275.0,0.29240286623268624,-8.536683365501059,172.7421243100406
1089.0,599.0,1537.0,518.0,894.0,730.0,0.18635704164654154,4.39393735585711,173.62166932894831
653.0,628.0,147.0,499.0,1450.0,274.0,-1.1166661456493732,-3.3893807377267953,164.764741823536
1383.0,188.0,1999.0,328.0,174.0,536.0,-1.4841649018022893,8.515506780957686,169.371850576737
816.0,559.0,1725.0,927.0,741.0,1404.0,2.0648641226638795,6.523442859829779,177.63764908028926
870.0,953.0,1346.0,751.0,1802.0,277.0,1.9204934113710252,0.6166631083925322,176.92659692348914
1385.0,661.0,1272.0,893.0,635.0,287.0,-2.7430295980011956,2.5928300880294946,172.43457090016662
1087.0,1248.0,590.0,260.0,1466.0,1786.0,0.3950784405783986,-3.145316340232797,179.15683690221476
1883.0,1232.0,518.0,1946.0,1194.0,301.0,-7.2601918242477215,-4.492937912840131,182.1267737201611
1479.0,247.0,156.0,690.0,1517.0,1448.0,-6.918221496016783,-0.5389176497880521,174.35012588285366
1464.0,494.0,1478.0,1662.0,803.0,1658.0,-3.410246940391419,6.0499827519917195,184.79965509199053
875.0,1748.0,673.0,578.0,1540.0,290.0,2.247293101142302,-6.3879487063556795,175.1920870818676
109.0,740.0,1483.0,1348.0,737.0,128.0,4.676447296447342,3.06367408922448,169.2848465154898
898.0,319.0,458.0,1061.0,703.0,314.0,-3.4092023713195827,0.32285010463542324,165.3158574107506
1734.0,1585.0,1311.0,1182.0,73.0,6.0,-2.697661281172107,-1.3208745878975887,176.35226141640644
66.0,1805.0,1898.0,1140.0,379.0,1718.0,10.445624286068462,1.6707133900337947,181.58825696237992
1662.0,1141.0,1998.0,149.0,1299.0,692.0,0.35606858224348353,3.6063942023352,181.76511871066492
102.0,1294.0,1431.0,467.0,1922.0,163.0,7.777962674497393,-0.8900612293879576,173.3975903233641
754.0,1432.0,1307.0,913.0,1695.0,555.0,3.856118683105013,-1.6580134291166533,180.27241456644626
20.0,1884.0,699.0,1974.0,1018.0,1593.0,7.366492140830459,-5.988488000487053,182.68851775302159
869.0,524.0,89.0,965.0,1173.0,1264.0,-3.1059913513954878,-2.174151469351643,171.15923524136667
657.0,1903.0,523.0,1816.0,1310.0,610.0,2.49458381729082,-7.884674139689794,180.861289702576
481.0,246.0,452.0,90.0,151.0,121.0,-0.6173236718007072,0.8717235470044049,153.95487919026078
1758.0,115.0,686.0,172.0,1912.0,790.0,-6.670224994633462,1.8718905216387869,173.76011289988787
779.0,1702.0,342.0,1924.0,1358.0,500.0,0.4545427126915531,-7.9380495578888635,179.77077588835226
1561.0,1803.0,1605.0,1010.0,724.0,1884.0,1.169427193128583,-0.002737951758956747,190.33084829275253
1043.0,1735.0,1976.0,1086.0,738.0,799.0,4.336196204503267,1.2527055647946905,184.00404531187596
1473.0,1444.0,120.0,396.0,1370.0,1562.0,-3.00839458634248,-6.651307839375255,178.5837497695867
1870.0,1984.0,87.0,240.0,1514.0,220.0,-3.944612699481222,-10.191755286546432,175.8615849553313
1518.0,921.0,1356.0,1124.0,150.0,1958.0,-2.3218424654150382,3.8440377848839002,182.13955356402477
42.0,1896.0,369.0,963.0,1639.0,1799.0,7.615811582306426,-8.146156744649097,180.04132584283482
1202.0,1015.0,1960.0,483.0,1252.0,1551.0,2.6444586970132606,5.1314328711919135,184.36502137570196
374.0,1972.0,1093.0,489.0,1519.0,1765.0,8.23193103978332,-4.408610648282313,182.79143309687385
1858.0,12.0,1577.0,1475.0,274.0,944.0,-6.986337528723626,8.363651258524065,177.06779519128634
1985.0,168.0,1394.0,824.0,926.0,1553.0,-6.712538180756651,6.858359964774561,180.9087976780432
325.0,791.0,1385.0,204.0,1537.0,1178.0,5.633828013268032,2.6764239995707264,173.76388821519393
1707.0,1912.0,1530.0,1719.0,823.0,1523.0,-0.47672976888362195,-1.4249162870461283,193.57721232067834
621.0,559.0,1098.0,1883.0,761.0,1090.0,0.2764125602233416,3.137369461605727,176.9865615174653
1441.0,1063.0,871.0,805.0,617.0,1157.0,-2.6317079838032256,-0.4698608324163908,176.71864134389585
1009.0,522.0,1706.0,1080.0,594.0,178.0,-0.13936116627387846,5.26247149608422,172.12446189655768
160.0,1436.0,992.0,1860.0,14.0,233.0,4.09033526006731,-1.9483009610352688,170.06849832292076
188.0,1331.0,13.0,512.0,71.0,513.0,2.3159402372088964,-5.602231580465443,159.36081629073124
1118.0,1101.0,414.0,1572.0,190.0,1443.0,-2.913370578658488,-2.4061715059925013,176.04464898192572
1040.0,626.0,1664.0,940.0,368.0,1861.0,0.799477180795588,6.637529493079419,179.30448643174344
1164.0,1072.0,1828.0,1715.0,1426.0,940.0,1.2239575929225985,3.6247419709301227,187.9987641621818
1239.0,472.0,1063.0,5.0,784.0,349.0,-1.90841313525962,2.3119676295122624,166.14873978858677
1017.0,454.0,375.0,1276.0,1381.0,513.0,-3.9020226555792528,-1.1803349733024553,171.81319827356364
1835.0,915.0,1743.0,737.0,1471.0,1404.0,-2.338034100133655,4.278258274695674,187.74365615592296
1085.0,992.0,968.0,1871.0,1502.0,1440.0,-1.0888264331024664,-0.18920423786170615,186.58960607685498
370.0,33.0,1901.0,255.0,178.0,660.0,3.294578497711987,8.899697383328789,163.02486141416122
1314.0,177.0,84.0,717.0,1958.0,1152.0,-6.368137809382939,-1.2118775223815752,173.6706821471389
1385.0,1082.0,340.0,697.0,201.0,1327.0,-3.714757615136121,-2.6016580368384767,171.8630006954381
1209.0,1447.0,1113.0,241.0,1457.0,1868.0,1.8918160003336448,-1.380266769926201,183.81430914461512
1549.0,795.0,621.0,414.0,1714.0,1654.0,-3.8250343907327857,-0.9733391266166478,180.74009212036415
577.0,1338.0,807.0,1700.0,1423.0,1239.0,2.7346310180747953,-3.0563128116117686,182.51517046315024
969.0,964.0,244.0,1893.0,1804.0,1678.0,-2.567756097418609,-4.231005366064393,184.90508316407056
1451.0,132.0,1999.0,181.0,922.0,324.0,-1.6050791537012195,8.111365211673606,171.4804520647718
1219.0,1086.0,151.0,29.0,1831.0,1152.0,-2.0117382409501183,-5.34608722891651,174.01826507832908
1662.0,80.0,1154.0,1562.0,1993.0,195.0,-6.832682654622426,4.0519136875927275,179.95422072475628
1129.0,1627.0,1423.0,1418.0,392.0,1973.0,2.175916069911271,0.3308762106648485,187.06279472179187
1283.0,1486.0,1330.0,1200.0,1931.0,1840.0,1.5181031401905445,-0.9572171307335361,192.83401497086382
1336.0,1305.0,313.0,687.0,1903.0,1021.0,-2.385598813047475,-5.979140895085401,179.68022479734066
1790.0,868.0,785.0,1537.0,678.0,1514.0,-6.314491456878848,0.31001077808491356,182.837090129706
1050.0,390.0,881.0,1799.0,1007.0,613.0,-3.5028789073570588,2.1953014475048804,175.54163667237572
743.0,440.0,1622.0,598.0,759.0,1492.0,2.215323167140163,6.59411502238392,174.9416813453132
908.0,1116.0,1326.0,1486.0,684.0,1636.0,1.5778205919786124,1.962928873497286,182.9206783497098
1688.0,178.0,849.0,1047.0,1379.0,884.0,-6.895322211642009,3.011943153531012,176.83521962084438
1149.0,1150.0,1528.0,1515.0,1970.0,1284.0,1.3353621685933588,1.4879927754068414,190.38412473691363
900.0,1310.0,1017.0,1277.0,1632.0,689.0,1.4739492168403017,-2.3779915189527774,181.2054985122548
971.0,78.0,1684.0,1096.0,878.0,12.0,-1.1691189146884622,6.916777248871111,170.0863737515025
1616.0,542.0,746.0,1695.0,340.0,1565.0,-6.632472470850098,2.1593526418592037,179.3159530055445
1256.0,288.0,359.0,811.0,157.0,862.0,-5.428192956003338,0.9677623829410804,165.1071376707835
232.0,318.0,1622.0,46.0,1310.0,759.0,5.126930494722831,5.793733976083184,167.7925288242997
912.0,1948.0,956.0,938.0,215.0,1174.0,2.797242625181717,-3.992921283321399,177.59184556355999
1306.0,1974.0,1955.0,1838.0,1186.0,1283.0,3.506882873128483,-0.016456307775917944,195.23104012228796
1811.0,654.0,881.0,1639.0,820.0,1540.0,-6.905045513663719,1.8552160873030397,183.68176722330668
292.0,85.0,451.0,763.0,1797.0,525.0,0.26886772242046764,0.7315072092019389,166.17864393329896
277.0,989.0,1525.0,1554.0,1512.0,389.0,5.2549878373952295,1.7812178398824772,178.08124947342702
1718.0,1626.0,1446.0,1165.0,882.0,590.0,-1.489625124420091,-1.1575494276587337,184.34764132455763
970.0,1467.0,1630.0,906.0,624.0,1589.0,3.6182572461428184,1.6948149087296307,183.02632984428078
1127.0,1190.0,406.0,643.0,625.0,1218.0,-1.587467908360984,-3.339282453495733,172.83154294554112
814.0,226.0,1951.0,609.0,16.0,1880.0,1.90540020468628,10.132481957144991,173.75920328200993
95.0,1904.0,1472.0,1894.0,1348.0,1636.0,9.821596261454458,-2.1465395114357713,188.65371391410258
1846.0,485.0,1393.0,737.0,700.0,858.0,-5.062114510192748,4.5677664450151445,176.84697471042395
983.0,69.0,1420.0,1621.0,938.0,1870.0,-1.7247792331357528,8.195551567821518,181.29873775637952
1894.0,1325.0,1666.0,1722.0,1493.0,88.0,-3.33092704054382,0.5062917370048008,188.1861502855951
373.0,1085.0,618.0,1721.0,1503.0,543.0,2.199096671477651,-3.324235940697684,176.0790608264983
1848.0,922.0,344.0,76.0,65.0,466.0,-5.999717316771822,-2.1936997283503272,164.9783821810428
739.0,1450.0,524.0,1565.0,1637.0,542.0,1.01920317392379,-5.8591568618426955,179.1554954891414
510.0,1227.0,829.0,1855.0,130.0,1748.0,2.212873487662928,-0.6585360313969522,178.4457642337543
475.0,150.0,7.0,601.0,558.0,1412.0,-1.875152862786152,0.053803936922823925,162.5123271332014
32.0,281.0,1181.0,230.0,1445.0,1537.0,5.4328846326289915,4.691354361875227,170.0087444266144
1117.0,1712.0,1740.0,1143.0,408.0,1076.0,3.0844351196445223,0.7365398958507342,183.11340301361906
284.0,956.0,1670.0,1960.0,453.0,1902.0,5.6341325391939305,5.161069561292494,182.9889809378747
721.0,1394.0,1611.0,317.0,1596.0,83.0,4.866966005283852,-0.3080218979998731,175.38268606588474
1708.0,538.0,720.0,18.0,784.0,551.0,-5.089810944126705,0.633125266633932,168.15354218341008
1771.0,803.0,729.0,379.0,952.0,1599.0,-4.938913788006968,0.20391594366034899,178.04790557492953
1580.0,700.0,689.0,552.0,1637.0,1878.0,-4.241676970096415,0.1560803093856113,182.22538130252576
493.0,1558.0,1409.0,1.0,1624.0,1166.0,7.160016261182131,-1.1541233638360486,177.9669418496842
600.0,499.0,1.0,386.0,439.0,1195.0,-1.4994684415977186,-1.720090546335285,162.07585149385946
951.0,1117.0,508.0,1635.0,1853.0,876.0,-1.1498955787556375,-4.1889987110881055,181.74484401991427
1877.0,1100.0,767.0,1947.0,1154.0,1008.0,-6.74154589777535,-1.917928119029607,186.31328249192939
309.0,1157.0,1275.0,165.0,1564.0,715.0,6.152758615131249,-0.1776032407486945,172.54843823564147
1882.0,1115.0,1127.0,623.0,171.0,730.0,-4.28402570404829,0.5560714412735699,175.0695698136871
742.0,1274.0,898.0,1577.0,1612.0,624.0,1.6305040231194163,-2.874216342654541,180.67737275879443
1702.0,332.0,38.0,375.0,1154.0,1015.0,-7.915364881546555,-1.5757119607016448,169.4895028155196
1839.0,1614.0,625.0,819.0,139.0,1415.0,-4.1134247675958395,-3.705790417577407,179.1343998371498
1000.0,762.0,1411.0,1742.0,345.0,721.0,-0.744114581799479,3.5946418359426353,176.7909289616082
7.0,1342.0,1378.0,1029.0,1202.0,1446.0,8.498594426317856,0.4071099543691614,178.72128094073122
1544.0,74.0,305.0,944.0,1335.0,393.0,-7.859770712539245,0.30670401717756934,169.39662237585094
1934.0,202.0,1243.0,43.0,691.0,1614.0,-5.685520808835507,5.90422602048449,175.18017742808811
640.0,1607.0,855.0,52.0,1557.0,651.0,4.403693700657878,-4.466745113227816,173.44720669302814
1159.0,851.0,409.0,1319.0,1643.0,1329.0,-3.1421480172168996,-2.6794402479279444,180.58298504628226
1656.0,855.0,567.0,621.0,1923.0,543.0,-4.92656183936816,-2.69749266513817,177.64312202950683
1863.0,14.0,185.0,446.0,363.0,150.0,-9.3544348019863,0.5785116225342294,161.0942418747322
1127.0,35.0,599.0,198.0,1612.0,485.0,-3.6891932865040795,1.7475032725885424,166.82350533713696
1895.0,56.0,1301.0,556.0,580.0,898.0,-6.544105380691558,6.252222436251282,172.85950964181154
1496.0,1810.0,1079.0,213.0,1488.0,1.0,0.2667236987223865,-4.774465989011327,177.27290570751597
197.0,1424.0,1776.0,712.0,549.0,99.0,7.080534912565178,1.2230313808872895,170.27643907372752
1130.0,1852.0,1364.0,356.0,1310.0,894.0,3.504032725365759,-2.7891761761911296,181.55687772538909
1608.0,1720.0,649.0,520.0,1919.0,1601.0,-1.3390226530888172,-6.014283710385573,187.19255763120074
990.0,97.0,454.0,1277.0,576.0,490.0,-4.804954941402148,1.6699442409571716,165.91393907057437
886.0,1057.0,1174.0,1016.0,462.0,228.0,0.5599638257263596,0.3438567690773175,170.90393900130906
250.0,1625.0,612.0,1915.0,342.0,659.0,3.602549241671762,-4.827204575412534,173.6732096230823
1946.0,802.0,306.0,1642.0,955.0,993.0,-9.073833122026443,-2.5532290295365936,179.8684382480997
1693.0,900.0,181.0,242.0,1169.0,1525.0,-5.580233060238099,-3.3124952495489923,175.24868928176198
710.0,1581.0,1740.0,1868.0,1643.0,184.0,4.790570417669835,-0.4634164371731967,185.7369729475635
716.0,1507.0,193.0,636.0,873.0,1830.0,1.5361819058517103,-5.926173861043173,175.5122200944278
1979.0,1982.0,253.0,1943.0,1692.0,1151.0,-6.040093222649414,-10.04609897699302,191.8352873213843
1607.0,696.0,688.0,1854.0,1415.0,516.0,-6.494548286706074,-0.8446876961827662,180.75953043781956
1370.0,1784.0,51.0,1939.0,914.0,1781.0,-3.484292420896227,-8.758060477793048,186.05333080883526
1898.0,29.0,335.0,589.0,1228.0,816.0,-9.370464055690771,1.1476655074785544,170.8105461196664
1878.0,1300.0,1996.0,1648.0,325.0,127.0,-2.7458857080659205,3.1832345861703555,183.43380653425393
189.0,621.0,1996.0,528.0,77.0,1999.0,6.902934173105185,8.495523248865096,173.2378743552075
111.0,1157.0,1552.0,67.0,586.0,202.0,6.772428692233745,1.4266397776589381,164.7011656752786
1263.0,1689.0,307.0,126.0,380.0,45.0,-1.25711742340803,-6.381012198917809,165.43009633289853
913.0,588.0,1458.0,182.0,62.0,673.0,0.7639847209124729,4.467186533986826,165.89823147598435
497.0,220.0,264.0,932.0,396.0,688.0,-1.8194020995626183,0.47288410202987385,161.4596494149756
661.0,671.0,894.0,1873.0,197.0,1021.0,-0.5854731779617915,1.871990304027594,173.39704981793395
999.0,1855.0,382.0,7.0,1743.0,1804.0,2.533734433393912,-7.618794846212111,180.67583268447635
707.0,1369.0,355.0,104.0,173.0,691.0,1.14793150994226,-4.1211672487865965,163.44725610161245
947.0,379.0,1623.0,969.0,1359.0,237.0,0.13243963352824273,5.158967124068894,174.3226868938378
596.0,1265.0,686.0,1013.0,69.0,1425.0,1.8915061668814845,-1.6511926633670166,172.04165772727205
1446.0,1140.0,199.0,1992.0,1236.0,1609.0,-5.5778674623620965,-4.903271940752389,185.1085126115335
912.0,743.0,1207.0,12.0,199.0,1037.0,0.959754705104314,2.8827893561751665,167.15963395170468
572.0,1175.0,689.0,268.0,243.0,867.0,2.223449115911503,-1.6949964750150057,165.65181873683656
1179.0,1036.0,1315.0,997.0,655.0,161.0,-0.6272593078427996,0.8852631683058803,173.58549322835714
1249.0,1662.0,1907.0,418.0,1813.0,1137.0,4.287918265994776,0.66403533656038,188.16081905818683
726.0,1917.0,46.0,966.0,1400.0,1726.0,2.1949653997180114,-9.719442781313242,180.53653874643013
226.0,83.0,215.0,266.0,1688.0,1135.0,0.7267165606195332,0.17996426350041594,164.62451465189275
1471.0,182.0,170.0,50.0,389.0,693.0,-6.31056742211598,0.21718110724845047,161.02983977443566
808.0,1920.0,1619.0,180.0,476.0,1834.0,6.4724707810487425,-0.27272328065223705,181.04092515822003
609.0,1613.0,1193.0,1111.0,1327.0,219.0,4.214990779450686,-3.080228079424592,177.20139834165988
529.0,780.0,1673.0,1146.0,52.0,802.0,3.1216014308863342,4.953465393391128,171.5284826050167
1100.0,1206.0,116.0,1773.0,1960.0,518.0,-3.28808221053665,-7.173824966939601,180.12622350649042
1584.0,1499.0,1289.0,1816.0,797.0,1225.0,-1.9946179155673844,-0.7316941526395677,188.37547843302116
1875.0,1985.0,1122.0,409.0,180.0,399.0,-1.8041846414059945,-3.711131416095056,176.74479908973606
361.0,1037.0,592.0,1304.0,1256.0,1002.0,2.5574545358719876,-2.554226149899753,174.6175385391532
43.0,676.0,1346.0,1748.0,1710.0,104.0,4.9713987219686535,2.06808752565235,174.85874652537547
1151.0,1718.0,805.0,364.0,733.0,1683.0,1.5096189663812858,-3.7294839714448402,179.22503067937947
1538.0,586.0,1694.0,1094.0,125.0,1334.0,-2.647281821512527,6.555902343870683,178.61960650359958
66.0,1719.0,1193.0,1616.0,1384.0,576.0,7.716220124284756,-3.4656577678645597,179.47876109191245
49.0,494.0,495.0,259.0,1028.0,562.0,3.0038478035875835,-0.4119103812388074,160.85392257189184
940.0,1178.0,282.0,908.0,48.0,574.0,-1.7497092816139301,-3.7179234756832256,166.19567873239987
1476.0,737.0,1693.0,743.0,1724.0,988.0,-0.9338335459948985,4.310956408828684,183.91310182282126
796.0,1872.0,1998.0,837.0,559.0,1377.0,6.717046783007279,1.3618765196427116,184.17472980414698
839.0,1785.0,1570.0,1361.0,711.0,483.0,4.0070367510390215,-1.268701883924683,180.7600375024375
396.0,943.0,1693.0,1357.0,1963.0,66.0,5.154837562668122,2.190584709082854,178.9277069395861
97.0,536.0,1080.0,369.0,1896.0,982.0,5.318620301474656,1.978673466249402,171.41604191404772
1219.0,1469.0,640.0,1436.0,903.0,205.0,-1.8491695139701778,-4.724438810439119,176.17251775858597
520.0,189.0,8.0,1417.0,105.0,458.0,-3.505060775773276,-0.5531503863251653,159.83024811027303
1645.0,586.0,1816.0,277.0,1054.0,1997.0,-1.3563589411378114,7.17701416207691,183.77452930051126
1093.0,1546.0,706.0,644.0,1961.0,695.0,0.9009099044126218,-5.45624869585245,180.1332569580552
1887.0,1875.0,710.0,1560.0,49.0,1749.0,-4.224330034602107,-4.501361748911787,186.19386227229663
91.0,1919.0,1853.0,1558.0,18.0,699.0,8.833754278151316,0.28680913481235093,177.24556622454375
928.0,305.0,1766.0,1161.0,755.0,1196.0,0.44061583147429595,7.835860570519561,177.25107529899145
547.0,907.0,1622.0,1985.0,337.0,86.0,2.246062282851768,3.287399068996003,174.1679110642958
1155.0,273.0,81.0,365.0,149.0,1974.0,-4.851465814886272,0.6777337464985709,166.44710482426765
1937.0,1908.0,1792.0,622.0,845.0,314.0,-0.5208403685361164,-1.0257250558766111,184.31356451370468
680.0,1404.0,1716.0,22.0,1487.0,1568.0,6.715947226076275,1.6586061341294402,181.22546708728194
1963.0,1241.0,1196.0,305.0,1549.0,177.0,-3.560030813204441,-1.4403423097372479,179.1023115621217
1622.0,194.0,1401.0,1803.0,291.0,23.0,-6.277106157503868,5.573997083199145,173.1045400276459
252.0,688.0,1658.0,1992.0,1602.0,834.0,5.003065240660393,4.6054385039030326,182.05100651148734
909.0,1184.0,660.0,1966.0,1884.0,648.0,-0.6388839938604163,-3.9747574984106815,183.34291372077814
41.0,1956.0,835.0,1958.0,1650.0,1398.0,8.306643730421445,-6.500349396230876,185.96827160281336
1037.0,1971.0,1821.0,1331.0,1108.0,1242.0,5.054309124606198,-0.6688156966544048,189.83732160656024
215.0,1441.0,469.0,1422.0,384.0,1296.0,3.7556099294432923,-4.140346686133441,172.82021369383492
1181.0,1532.0,125.0,102.0,1795.0,661.0,-0.8514277235424121,-7.9593648337031375,173.48139889659873
1556.0,1340.0,1575.0,618.0,259.0,1216.0,-0.42614672888662825,1.9905949381484733,179.87351730932502
1685.0,939.0,1471.0,1864.0,1970.0,1863.0,-3.165322221302135,2.994537099166552,196.50570255294232
207.0,1399.0,1332.0,567.0,542.0,1317.0,6.941474740195996,0.36387420550067756,173.4404029462529
1512.0,1899.0,1548.0,94.0,630.0,1352.0,2.1032988871954847,-1.0490023133773771,182.28687961889642
1364.0,1821.0,1081.0,572.0,1018.0,1930.0,1.453624186718391,-3.04605945517992,186.1329575022212
315.0,1715.0,435.0,545.0,1714.0,983.0,5.324105299041822,-7.2097834480803416,175.04739786961224
783.0,361.0,847.0,365.0,1790.0,1159.0,0.0762897941859294,1.9457085301216444,173.3502981398082
1246.0,1033.0,1123.0,44.0,262.0,1508.0,-0.05619794005300083,1.5390680175891964,172.88871354856946
1088.0,607.0,649.0,1456.0,1708.0,1049.0,-2.9520382694321974,-0.3622786078176693,179.82609603314512
360.0,1787.0,395.0,792.0,1923.0,422.0,4.687746159441888,-8.423160455103082,174.8151286863737
940.0,1517.0,474.0,125.0,274.0,1610.0,1.1489344446855454,-3.818391007203823,171.38532225334222
387.0,768.0,1354.0,455.0,805.0,1402.0,4.543429168867872,3.4506390345479394,172.52723766042766
1161.0,1479.0,935.0,1307.0,1523.0,1834.0,0.6774737496256462,-2.730187070188319,188.52497378425988
243.0,1336.0,1187.0,95.0,1066.0,758.0,6.455814134721816,-0.9863515147790811,169.9521662243983
1913.0,356.0,1562.0,1045.0,614.0,1129.0,-5.688524487436013,6.492203357002364,179.80098637565138
1295.0,1952.0,124.0,1542.0,1455.0,559.0,-2.0952129297688673,-10.306958471106546,181.2082999412233
396.0,1506.0,41.0,1690.0,455.0,42.0,0.6261262548950923,-7.458323827625892,166.97799679331925
554.0,174.0,1899.0,1050.0,1417.0,866.0,2.963141284287235,8.388851619417144,176.3834584500445
761.0,361.0,233.0,331.0,630.0,877.0,-2.1150668877827385,-0.3886080656147466,162.46589848885256
1384.0,365.0,1793.0,1095.0,160.0,1615.0,-1.9822502941044893,8.468818688143905,178.69125716043612
921.0,1392.0,1076.0,1337.0,596.0,1851.0,1.7950756478541146,-0.5511776758837045,183.01190563401764
377.0,342.0,1265.0,1928.0,1081.0,1129.0,1.8007225130746258,5.009672615363726,177.47406881906872
575.0,1708.0,1197.0,1758.0,1940.0,1941.0,6.051927032270652,-2.9561003389818454,192.90780762956916
927.0,1230.0,1932.0,1978.0,1016.0,1051.0,3.0708391970797706,3.791652195732247,187.88548138483964
1396.0,926.0,1206.0,1087.0,884.0,492.0,-2.291297418640588,1.0302382039293438,176.91277117036876
936.0,917.0,1728.0,395.0,698.0,756.0,2.4675282516908075,3.912587696009201,173.93390006074432
935.0,1290.0,1752.0,640.0,1815.0,52.0,3.643686084584271,0.71094824728722,179.36547739141574
1788.0,1760.0,826.0,740.0,1925.0,441.0,-2.4556681931869524,-6.081753936157915,184.3770970736296
812.0,1799.0,719.0,1684.0,703.0,537.0,1.5085911026766683,-5.6004823598380495,178.10740250173563
170.0,1894.0,920.0,427.0,600.0,391.0,6.683520118474648,-4.696239964456457,168.3641934291768
1678.0,1142.0,1753.0,1975.0,180.0,1682.0,-2.4830412657004457,4.573508878442048,189.24515077072473
37.0,1808.0,1685.0,750.0,867.0,852.0,9.801827474959921,-0.6171370989741218,176.47870345743056
552.0,659.0,566.0,1576.0,159.0,120.0,-1.145858974999119,-0.47793331659903304,164.70443212502636
1420.0,1199.0,1764.0,302.0,390.0,280.0,0.35553472502230243,2.4589575002269775,173.63135683759825
412.0,1116.0,591.0,197.0,622.0,1176.0,3.17220822357994,-2.025645743709868,167.1596017678763
1488.0,1838.0,195.0,629.0,847.0,980.0,-2.3805568284437824,-7.951999829781598,176.51030807849443
952.0,1256.0,914.0,1669.0,603.0,1658.0,0.2634129761983447,-0.8810483107302832,182.40186114800736
1554.0,1079.0,65.0,655.0,1993.0,1948.0,-4.878784020110613,-5.614711847199317,183.375906792613
82.0,142.0,520.0,1919.0,1165.0,1044.0,0.7075821246808063,1.927235712201974,171.1337752989012
1514.0,1396.0,933.0,1104.0,408.0,1743.0,-2.1060538321997075,-1.1907590885784543,182.60850262785428
1475.0,958.0,1705.0,85.0,563.0,545.0,-0.27522058424013085,3.40855345865016,173.47082639788363
1367.0,593.0,211.0,1055.0,794.0,1554.0,-5.648969288363682,-1.299144991659191,174.6168206227234
1078.0,993.0,1838.0,670.0,57.0,488.0,1.3774337052938834,4.262265437849579,172.35145809529232
128.0,9.0,41.0,891.0,140.0,305.0,-1.2403954830371446,0.295566953473772,153.8012603487158
392.0,1307.0,1361.0,856.0,721.0,625.0,5.092201091540347,0.17628494375956394,173.04533935881602
1212.0,655.0,323.0,1656.0,1813.0,1101.0,-4.79625478093104,-2.4623182512986386,180.77661172526066
784.0,864.0,1390.0,210.0,1113.0,661.0,2.599652925267173,2.120467500614751,171.8696975022412
1586.0,1601.0,1410.0,801.0,1899.0,1605.0,0.4759350005199608,-1.300320170507414,191.95901666433457
1909.0,1987.0,79.0,1945.0,1657.0,910.0,-6.194408766920622,-11.064445713533672,189.05354228974343
1816.0,1896.0,1135.0,526.0,1006.0,1712.0,-0.9249985423884789,-3.2822124062926163,187.71640807527947
944.0,1134.0,984.0,391.0,1266.0,667.0,1.2439382430810382,-1.2695883694836603,173.79529780587342
1843.0,102.0,978.0,1585.0,513.0,426.0,-8.557225740276824,4.2349625638641,173.62485048326351
710.0,53.0,484.0,619.0,679.0,1933.0,-1.9108121859262703,3.332591762689206,169.01809220912975
329.0,1339.0,825.0,1245.0,722.0,645.0,3.739800030853241,-2.6224483342437965,172.25715251514126
733.0,1644.0,1879.0,800.0,1640.0,1302.0,6.949001440246972,0.9358027141206791,187.06374048212365
16.0,161.0,622.0,1424.0,1224.0,328.0,1.5302358161784726,1.537246246048768,165.4534136393512
1905.0,1825.0,1864.0,1492.0,1150.0,1677.0,-0.46098700565034245,0.6835078186059335,197.20825334492716
601.0,238.0,585.0,1441.0,116.0,969.0,-2.0084546293092633,2.4777895687668843,166.3195407034902
1866.0,1817.0,1529.0,12.0,969.0,228.0,-0.41781531022225893,-1.984249158176963,179.13252111298613
1078.0,1498.0,1598.0,135.0,1619.0,1731.0,4.408226741175169,0.6201134639826167,185.40980795710252
1348.0,1676.0,1463.0,851.0,864.0,1887.0,1.8814385590704004,-0.202680722086935,187.74765471560508
694.0,1894.0,283.0,1452.0,493.0,954.0,1.5415306459157108,-7.698546754798667,175.4721983696621
1103.0,1036.0,1894.0,1255.0,1674.0,137.0,1.7685369294052666,2.998197390466731,182.56687735615785
419.0,1200.0,638.0,806.0,333.0,1923.0,3.2705181912361567,-1.4432113885726596,173.36396839800156
1697.0,247.0,935.0,1951.0,1417.0,124.0,-7.844746366990442,2.4206782839802408,178.50739522669062
851.0,1276.0,562.0,1809.0,110.0,418.0,-1.2051136414671417,-3.2191237767499907,171.84144446270332
770.0,623.0,26.0,1759.0,201.0,1427.0,-3.6364015171613024,-1.9980410063524503,170.69130704669453
365.0,37.0,1318.0,1503.0,911.0,1253.0,1.458633497283473,7.027687485902976,173.56786625315766
710.0,1513.0,207.0,679.0,1713.0,943.0,1.562323901909078,-7.4195361819498675,175.47033347873017
1688.0,237.0,4.0,1751.0,944.0,39.0,-10.299186898339972,-1.9655744415938856,169.45619896468168
103.0,1572.0,896.0,835.0,1718.0,1374.0,7.671018968232251,-3.8983299084684244,179.1913728094971
1207.0,708.0,842.0,1509.0,505.0,381.0,-3.5485167604590178,0.5472216619015808,172.52020978209887
671.0,901.0,448.0,1766.0,1472.0,1783.0,-0.12034674379779739,-2.2712640702324745,182.35188910880106
1490.0,1905.0,160.0,212.0,617.0,1204.0,-1.8134151788316812,-7.8464245772375545,174.4972510208475
450.0,1692.0,119.0,363.0,1030.0,185.0,2.7090000102518847,-8.102358088795121,165.40949212249436
1637.0,1846.0,1557.0,316.0,1804.0,11.0,0.9683711736379972,-2.994303111361734,182.926129005298
1857.0,1929.0,1663.0,1000.0,1265.0,792.0,-0.3293791649909691,-1.7782142972586163,189.92640775374645
1310.0,1125.0,1692.0,507.0,1442.0,1765.0,1.7296271012737094,3.2757029171201726,186.41003324207395
503.0,1243.0,820.0,1771.0,1129.0,861.0,2.422958852037798,-2.474150867372786,178.61269314842752
1454.0,1051.0,1790.0,1959.0,882.0,933.0,-1.288743393658384,3.9506449127859633,187.57504247959628
683.0,1076.0,342.0,993.0,1280.0,1337.0,0.48332359652844287,-3.796430272527863,175.43066035105502
298.0,602.0,896.0,1866.0,431.0,941.0,1.4613935125400581,1.9664551301886117,171.93727760027127
1976.0,1631.0,78.0,1958.0,1120.0,1781.0,-7.71594909689432,-8.034100686099178,189.542169823926
796.0,1875.0,857.0,1958.0,851.0,1245.0,2.5869994921477155,-5.101193544805471,184.98845881331107
1159.0,1271.0,1849.0,1260.0,1020.0,120.0,1.563464199886781,2.036106110340246,180.44515476205717
803.0,1430.0,898.0,377.0,867.0,1738.0,3.067016363967145,-1.9195281342671104,177.47915144504697
432.0,341.0,1803.0,581.0,418.0,1265.0,3.8582740207317525,7.858118431367199,170.57690132665522
156.0,1484.0,364.0,1471.0,1936.0,1353.0,5.092425567117841,-6.726639217331363,180.60225286456586
357.0,74.0,860.0,1932.0,1494.0,1013.0,-0.005953119278184871,3.866764353739984,175.51642348622923
760.0,452.0,1059.0,901.0,1333.0,1506.0,0.5080716991481375,3.3582784438329636,176.99172609093802
1244.0,1386.0,911.0,25.0,868.0,683.0,0.2574853297213495,-2.3931442822609243,172.39038176226043
691.0,1785.0,821.0,497.0,61.0,1551.0,3.730092043408831,-3.325094514017321,173.7501934755003
868.0,790.0,970.0,889.0,976.0,1445.0,0.40359617778483486,1.3488815148556605,176.66260039572558
1208.0,868.0,1321.0,297.0,807.0,243.0,-0.3712050013226543,1.5925185866270026,170.48811307113178
61.0,1862.0,950.0,1189.0,1608.0,205.0,7.556988083214529,-5.860512255111757,175.83893142388766
1023.0,740.0,1375.0,1595.0,70.0,669.0,-1.0673347577028325,3.640868222566817,174.14934550055958
748.0,369.0,1877.0,1081.0,1478.0,1654.0,2.834741073189224,8.28510933833037,182.85563626024089
1227.0,1626.0,369.0,870.0,462.0,957.0,-1.458048506644866,-5.686824397846529,174.28230165885185
1799.0,975.0,1714.0,71.0,1113.0,529.0,-1.7060407718661563,2.970141842664385,177.95242278976212
509.0,1048.0,501.0,1685.0,666.0,163.0,0.20671708811377454,-3.152144827732665,169.52268933992735
581.0,377.0,1025.0,733.0,1036.0,554.0,0.7420650771865147,2.739586490436737,168.19978013396263
1240.0,1870.0,465.0,958.0,1453.0,51.0,-0.623542613631251,-8.153436387081111,176.79497162015417
1046.0,8.0,1515.0,1626.0,1580.0,1899.0,-1.733108351362733,8.773724918948837,185.27355766893822
1077.0,33.0,831.0,916.0,528.0,697.0,-3.9161049725315222,4.011178512388647,166.91659581742095
787.0,377.0,1500.0,77.0,10.0,1447.0,1.486906392169785,6.520371464064777,167.38798375119083
1868.0,41.0,1400.0,1767.0,1889.0,1684.0,-7.517412805167133,7.547425909870534,190.16189964351736
153.0,1192.0,1913.0,639.0,508.0,989.0,7.905969036997076,3.907176836156128,173.4407725562994
953.0,1927.0,121.0,601.0,1935.0,1736.0,1.714526657737439,-9.925769785245542,183.04304051669828
587.0,945.0,34.0,305.0,461.0,1481.0,0.1383882077527267,-3.525695730474913,165.60201211957678
751.0,1482.0,77.0,107.0,1689.0,1118.0,1.50075634797454,-7.586744982692579,172.6291867284261
1821.0,725.0,1546.0,1039.0,1712.0,1306.0,-3.7565309903807362,4.036630633687666,187.94496271766226
1427.0,1565.0,558.0,388.0,977.0,1501.0,-1.2474937051352561,-4.603004777966223,179.00661261456747
32.0,957.0,1226.0,1216.0,1549.0,297.0,5.919476334082644,0.250174017936175,173.05046826194567
117.0,79.0,273.0,550.0,1293.0,680.0,0.7878354449935459,0.412061248160852,161.44232571076648
1377.0,773.0,1850.0,155.0,799.0,925.0,0.369393432735811,5.2458772363716974,176.209197995718
1029.0,1421.0,538.0,753.0,1249.0,260.0,-0.27683659510372816,-5.184475878894225,172.96070881587352
423.0,1788.0,141.0,1278.0,1401.0,889.0,3.120132580991187,-9.038488583449396,176.12028008174
120.0,1520.0,1987.0,923.0,1243.0,234.0,9.036858292177225,1.3829226201025828,176.6705022686719
391.0,367.0,954.0,1666.0,297.0,213.0,0.05685727151915265,2.772554137405724,165.99542817686032
1713.0,320.0,1809.0,1245.0,1503.0,1417.0,-3.8040698597236147,7.928986905892904,186.99025105178947
1751.0,107.0,189.0,1338.0,1037.0,355.0,-9.877201635028332,-0.20124550982228107,170.14705719543065
1397.0,291.0,1093.0,1725.0,336.0,17.0,-5.51124003097247,3.5761343650188073,170.80629775584322
1267.0,429.0,1016.0,416.0,838.0,248.0,-2.8039276071558783,2.212549746907867,167.6934112403166
931.0,948.0,1167.0,1829.0,509.0,1590.0,-0.02487723121033336,2.131791845841578,181.9712541882284
1543.0,85.0,967.0,1738.0,1274.0,93.0,-7.061152000987719,3.435555892756154,175.07600743694334
942.0,113.0,663.0,71.0,1779.0,1970.0,-1.5349813190167119,3.0823079677425733,174.46927264534088
636.0,572.0,877.0,1274.0,364.0,1876.0,0.3742938111297364,2.9393077564517993,174.8388490231234
902.0,1030.0,189.0,1659.0,1738.0,1449.0,-1.9505588427575824,-4.946988180227462,181.8609833257686
1117.0,1817.0,602.0,347.0,501.0,570.0,0.6903770436146948,-5.575974078066125,171.41579056645006
1854.0,1795.0,154.0,1344.0,1282.0,859.0,-5.545365471603596,-8.882427755243155,183.09395225437623
365.0,1445.0,1258.0,932.0,6.0,282.0,4.413933114736133,-0.6114274268324342,168.02379185051723
1623.0,1104.0,32.0,208.0,148.0,879.0,-5.2704317692533085,-4.2618455785290505,166.35995019963974
645.0,498.0,1694.0,682.0,1432.0,1094.0,3.2682061267185736,5.825798021900489,176.99259080802548
693.0,1471.0,197.0,772.0,414.0,591.0,0.492796405206015,-5.876462511861518,167.18419970887035
977.0,802.0,688.0,1107.0,1241.0,336.0,-1.6658907099072673,-1.377854457199498,172.57044699208024
1178.0,1812.0,1038.0,177.0,853.0,550.0,1.8786041666013378,-3.8992082541433084,174.86081985474578
1247.0,493.0,593.0,464.0,91.0,1691.0,-3.5172079302418338,1.9130382429432173,169.5179183407521
1135.0,442.0,1242.0,1707.0,38.0,995.0,-2.916195414715917,4.851033917150455,174.4990213088887
1450.0,514.0,1394.0,1723.0,1439.0,1633.0,-3.376862085892925,5.0652585983631635,187.9468398150319
1037.0,1263.0,1962.0,621.0,1930.0,394.0,3.9171786771239834,2.165211059973476,183.07894266798064
880.0,204.0,1793.0,1952.0,586.0,885.0,-0.5455817539574771,8.487401152680752,178.1426367849587
903.0,346.0,700.0,1983.0,969.0,949.0,-3.3902345641542846,1.8652569032096886,176.12362898270138
238.0,142.0,670.0,329.0,1855.0,719.0,1.9659746989639748,1.6528431527453384,166.3409670625286
498.0,1727.0,1200.0,1156.0,727.0,1599.0,5.804687721290356,-1.960955191775437,181.48154074488988
563.0,946.0,1899.0,1923.0,1125.0,1410.0,4.744546072992162,5.460521565358201,186.37630637951756
954.0,1060.0,709.0,769.0,430.0,1750.0,-0.07555089047364083,-0.5992518220563401,175.2671300893897
711.0,578.0,1753.0,276.0,849.0,303.0,2.746134469800596,4.966332441030589,168.90465474414182
765.0,491.0,85.0,877.0,748.0,214.0,-3.030255571031079,-2.409785289410374,162.33770598063134
1049.0,232.0,1555.0,368.0,380.0,1389.0,-0.3342757528163727,7.28931926156205,171.37781337209665
824.0,1299.0,209.0,1705.0,1589.0,839.0,-0.9412739910886485,-6.530045737947395,179.17231860154533
270.0,1228.0,1296.0,1508.0,1142.0,1471.0,5.949066242117202,0.6598757558267073,181.5490389750981
449.0,1166.0,1469.0,1160.0,363.0,270.0,3.888743663318535,1.3548166327263063,171.08561647900297
1102.0,1905.0,1324.0,1721.0,1637.0,1124.0,2.889559057709921,-3.6409559776433715,191.42182773336893
1375.0,320.0,1668.0,679.0,1290.0,968.0,-1.756865170880596,6.519159631504989,178.30547590061153
749.0,1380.0,968.0,484.0,674.0,1901.0,3.325573419364179,-1.0027069073053827,177.69790041599956
742.0,1780.0,821.0,1539.0,23.0,891.0,2.0604339993707375,-3.9470096702656927,175.79579921266364
159.0,47.0,1605.0,55.0,350.0,213.0,3.633213575545627,6.753605394125506,158.19819512146708
1268.0,1826.0,306.0,317.0,499.0,173.0,-1.033903603078733,-7.15718044834116,168.37030224757765
139.0,16.0,1657.0,1415.0,11.0,1206.0,3.15685862376411,9.190722275396737,168.41590252685458
614.0,1927.0,235.0,1323.0,783.0,1981.0,2.948645244395324,-7.991137437668455,181.07489381002995
1727.0,442.0,1007.0,1291.0,1076.0,1229.0,-6.196352941496819,3.0914027221826785,180.74664917007226
1121.0,1513.0,13.0,1438.0,674.0,647.0,-2.8675928198940843,-7.517451980945049,173.57495918418545
1724.0,1966.0,1150.0,327.0,1703.0,242.0,-0.2691641602355005,-5.277490038237524,182.54315739294742
1721.0,940.0,633.0,517.0,753.0,1286.0,-4.824343608364268,-1.0435825013458566,176.0836507092838
1390.0,1371.0,1617.0,180.0,1218.0,994.0,1.5452012501177694,1.0083013162276349,180.9371567095293
1988.0,560.0,189.0,1630.0,1125.0,1296.0,-10.376125139008941,-1.8269332786153547,180.52020670793334
1354.0,1330.0,665.0,1685.0,432.0,1091.0,-3.064027953039246,-2.8230717181789915,179.75834793616363
813.0,1180.0,1121.0,833.0,1018.0,1682.0,2.568798134776288,0.2854434411986941,180.29363413180192
1352.0,1800.0,920.0,1303.0,1533.0,238.0,-0.3832686096995951,-5.634460111150797,182.71932041326534
1197.0,171.0,1792.0,1097.0,541.0,1041.0,-1.553099319074744,8.505785831702802,175.76598190939922
1333.0,952.0,520.0,1384.0,1458.0,305.0,-4.041255893635932,-3.2373298852894483,176.58178454876833
832.0,93.0,98.0,1119.0,1610.0,228.0,-4.509468825745766,-1.2080908430901616,166.41210688756414
532.0,360.0,588.0,814.0,1388.0,1882.0,0.487202689573953,1.6663546735108656,174.71018462367647
1320.0,1261.0,148.0,1729.0,987.0,1714.0,-4.268360687250711,-5.422516758852417,182.74453999494028
972.0,792.0,1887.0,1268.0,1139.0,760.0,1.842232520066827,5.2635934953865355,181.06108364374754
341.0,1418.0,1061.0,1186.0,836.0,1478.0,5.372600395737553,-1.2848080012083367,178.4911575599439
1790.0,1124.0,1203.0,1113.0,652.0,1633.0,-3.71901046445004,1.2861738304416328,184.73014893860858
894.0,1446.0,572.0,928.0,1775.0,1484.0,1.4405484805655,-4.975394164599475,182.5328270081301
306.0,1514.0,567.0,1556.0,1225.0,466.0,3.6213091362182905,-5.539880267331149,174.86043777161126
800.0,560.0,282.0,974.0,166.0,1715.0,-2.238668955673354,-0.018567977462123686,169.16203012212742
217.0,175.0,947.0,1723.0,301.0,416.0,0.5494265794667392,3.9012914660848503,165.39398683936741
303.0,1659.0,736.0,1333.0,400.0,401.0,4.029645315370766,-4.459770509779586,170.74663749742322
1456.0,762.0,905.0,604.0,1956.0,1657.0,-2.6473501594096325,0.5063562697616488,183.84853200620154
1140.0,1039.0,315.0,773.0,641.0,1468.0,-2.405564880112156,-2.911876393194438,173.68632846356786
1374.0,677.0,1278.0,225.0,1297.0,328.0,-1.5751289851058556,1.9975508620547033,172.69576574393105
883.0,321.0,789.0,1896.0,27.0,1427.0,-3.157858616360752,3.663519397368063,173.4133003323716
1605.0,1725.0,553.0,1620.0,1630.0,893.0,-3.2621959329650765,-6.958113279431392,187.1649175461415
1261.0,1200.0,571.0,1525.0,1007.0,427.0,-3.028027401566253,-3.7016664749586967,176.81131237517207
1600.0,1212.0,515.0,827.0,726.0,603.0,-4.285305241234594,-3.4845976848202396,174.16217482905202
42.0,1269.0,425.0,961.0,1512.0,1447.0,5.477375895515555,-4.545259168665455,174.9650865856912
457.0,1457.0,1003.0,433.0,1132.0,1375.0,5.357398741108122,-2.0771161172961814,176.07087368889015
856.0,262.0,1903.0,484.0,1384.0,1525.0,2.351708291075104,8.600296534014669,178.70987611262387
1811.0,252.0,1722.0,1737.0,770.0,1261.0,-5.750790011055239,8.173265761476324,184.50732115514322
873.0,1638.0,727.0,535.0,128.0,1452.0,1.990111765405237,-3.2211884202586973,173.54399919590915
540.0,1084.0,1027.0,1516.0,709.0,1575.0,2.7655110579147624,0.47219358606910483,179.27275243551406
1679.0,223.0,916.0,923.0,165.0,1251.0,-6.475742571601653,4.35310843900315,172.2930264359159
1570.0,144.0,872.0,957.0,1368.0,1802.0,-5.939064619062317,4.298648310193478,180.4068161616178
1822.0,417.0,752.0,1668.0,1504.0,850.0,-8.136670700931054,1.2040768455996678,181.88622413573032
208.0,1187.0,478.0,1479.0,587.0,1268.0,3.1550600896743326,-3.0530227131974077,172.78779472075166
1258.0,1963.0,1013.0,483.0,747.0,180.0,1.2120019897904228,-4.914629943084572,175.00931944625742
1062.0,882.0,449.0,752.0,1416.0,646.0,-2.0126902930096917,-2.864297172169701,172.82519657171127
572.0,1199.0,850.0,434.0,384.0,214.0,2.233759803785672,-1.7373089534937256,164.82643547567602
79.0,1409.0,1831.0,1950.0,239.0,1082.0,7.8044673967112645,2.917014356345218,179.6365665055867
764.0,217.0,670.0,463.0,314.0,1268.0,-1.4437938800919075,3.034035973717873,165.0141546155081
1099.0,1807.0,1565.0,1647.0,1402.0,1409.0,3.460008757446265,-1.3181603130784019,192.0657250095711
706.0,749.0,1169.0,724.0,1284.0,1047.0,1.9437160971905523,1.9268244677496884,175.2966589395788
137.0,1076.0,790.0,107.0,1839.0,1367.0,6.272793724181968,-1.8934776031479292,173.18493698583353
1365.0,1659.0,955.0,1002.0,796.0,1076.0,-0.40589772861751877,-3.2993390399662457,181.3478741553838
945.0,725.0,409.0,1397.0,714.0,243.0,-3.0856466681240713,-1.9687911252627885,168.80603909904394
1037.0,285.0,449.0,1789.0,1208.0,1728.0,-4.619671167460697,1.3740956750004347,179.44437486630778
1839.0,1836.0,998.0,42.0,1191.0,1699.0,-1.01881593704031,-3.7826266202734415,185.15711874571727
675.0,1100.0,411.0,989.0,1297.0,1164.0,0.7327197382202231,-3.7006566836631403,175.04544055758964
273.0,1494.0,290.0,1602.0,431.0,856.0,2.6120419041493115,-5.685511730346764,171.32293272355415
580.0,1474.0,1812.0,457.0,180.0,985.0,5.889457681316911,2.3058152681246193,174.1178434380378
535.0,1969.0,1663.0,730.0,1689.0,1498.0,8.741622838948729,-1.7947570023527546,187.35313897904985
1749.0,206.0,100.0,1229.0,1528.0,819.0,-9.66038548527747,-1.1863836230217935,174.60627453879013
1226.0,1126.0,987.0,1330.0,1885.0,687.0,-1.0871088332991259,-1.8097825062256256,183.36170214546013
553.0,843.0,1313.0,566.0,698.0,1755.0,3.758320356476318,3.329593056257516,175.4312243030293
1396.0,584.0,113.0,510.0,1999.0,892.0,-5.296903091077487,-3.425190021476559,174.13715815327456
817.0,1965.0,1748.0,831.0,769.0,1574.0,6.490926761013928,-0.39034320401682887,185.5710787162947
1498.0,1123.0,1798.0,1254.0,1755.0,1657.0,0.22745796793510564,3.644621732691772,192.87014463184988
1713.0,1119.0,1285.0,1639.0,1448.0,662.0,-3.7173434869293014,0.1739391256124534,186.55103718845058
1977.0,895.0,513.0,1251.0,1298.0,1877.0,-7.666058912246756,-1.564729017247633,186.05216554572337
532.0,583.0,1760.0,1047.0,633.0,357.0,2.9792114018229676,5.410365904306316,171.160795253053
1260.0,436.0,396.0,1388.0,61.0,534.0,-5.7938812945773375,0.2305613391023615,166.8351935123291
1156.0,987.0,10.0,1137.0,1882.0,361.0,-3.9378400850366884,-6.4036827195941015,174.25487392791658
1338.0,701.0,649.0,1677.0,274.0,1210.0,-4.879327239187903,0.5692816777504274,176.05623731962993
1106.0,424.0,1712.0,572.0,1503.0,367.0,0.15852129340342605,5.320631535821855,175.18776895352036
1107.0,208.0,894.0,702.0,102.0,1102.0,-3.167726983622228,4.168141100835753,167.090497878718
1259.0,265.0,894.0,1101.0,1239.0,809.0,-4.0916605263115144,2.8316627886519403,174.63172619613357
598.0,97.0,1658.0,1304.0,1950.0,982.0,1.9097743439020498,7.563374663174883,179.72799926392935
139.0,1897.0,45.0,1962.0,1480.0,816.0,4.335896139659434,-10.57011816372756,178.0897760814344
441.0,309.0,1236.0,691.0,1269.0,837.0,2.2946022216088178,4.265083052857521,170.58222140797253
174.0,694.0,867.0,1861.0,1315.0,553.0,2.738145494838767,0.23217777641584114,174.15937799503666
1212.0,85.0,1638.0,305.0,1856.0,801.0,-0.9913411698554265,6.907422052501627,176.16634972284555
1382.0,535.0,1450.0,294.0,560.0,1859.0,-1.3016396028537374,5.723259324416922,177.17785322195178
1254.0,1151.0,806.0,795.0,1929.0,792.0,-1.0763514080997374,-2.8145991006565474,180.6769207030438
1010.0,1655.0,957.0,1714.0,245.0,858.0,0.5199800184210026,-2.9607798291774174,179.1789048142728
252.0,1946.0,71.0,1807.0,65.0,1965.0,3.800133402143787,-8.212864503861427,177.05507835631244
1275.0,483.0,161.0,1035.0,437.0,1799.0,-5.5742068131130615,-0.4404077509169825,172.61899267675975
683.0,1509.0,433.0,361.0,1581.0,1369.0,2.861636106496898,-5.732452817852848,176.426866996081
841.0,249.0,858.0,980.0,570.0,698.0,-1.9746097850757232,3.081152722878871,167.6036185907737
1456.0,698.0,553.0,1877.0,270.0,582.0,-6.280798711777053,-0.4457770170729063,173.82146373379874
284.0,277.0,909.0,1480.0,1398.0,1499.0,1.9121058789248206,3.5349278426079156,176.1313016354455
1353.0,1216.0,4.0,619.0,889.0,1957.0,-3.6269132271122784,-5.340987492333659,176.94663739441566
442.0,446.0,220.0,1176.0,1293.0,1440.0,-0.47359143447391155,-1.0722821152633086,171.91300586334614
926.0,710.0,1118.0,1477.0,131.0,950.0,-1.0339224610899544,2.752834628309155,173.36402850191018
293.0,909.0,665.0,116.0,329.0,1842.0,3.779619079270757,0.15707412831597456,167.31747752177847
192.0,509.0,576.0,1575.0,838.0,1957.0,2.022483662905547,1.3647170029490303,175.12200493123348
95.0,1492.0,670.0,624.0,1962.0,1992.0,7.640229287743544,-4.483325464735431,180.8906272634708
365.0,1638.0,877.0,1612.0,1719.0,314.0,4.786347465688371,-5.240306345709849,179.41220596690573
1340.0,65.0,923.0,1535.0,637.0,803.0,-5.78161414555911,4.4876596055776625,173.10284067063563
730.0,1718.0,746.0,1776.0,663.0,622.0,1.7802525449016566,-4.981229024130588,178.13967260868554
720.0,1943.0,987.0,1942.0,1679.0,970.0,4.092949177948107,-5.890208606595462,188.31261610915217
1082.0,447.0,1907.0,54.0,1935.0,999.0,2.0080815053638785,6.554248702229004,178.8784578824741
294.0,906.0,984.0,1980.0,308.0,631.0,2.2443727838982146,0.6819427146559855,172.2763098841172
1098.0,1124.0,1761.0,1798.0,985.0,686.0,1.077060531845513,3.0473892700583267,184.42342133860035
125.0,845.0,1998.0,1317.0,1849.0,949.0,8.105701564642006,5.37310075438767,182.1159542031023
673.0,639.0,1721.0,377.0,1721.0,1254.0,4.166486051920721,5.168281736978997,178.72856103628268
1219.0,246.0,1769.0,1255.0,998.0,157.0,-1.8965314614913873,6.717994529742624,174.87422438299626
385.0,79.0,441.0,1117.0,1426.0,1452.0,-0.4394302516058718,1.959695828258989,171.29409823594247
483.0,48.0,1134.0,1989.0,1245.0,1892.0,0.2700153443883416,6.710375334259032,180.86385945073863
9.0,1911.0,62.0,103.0,345.0,6.0,4.992977621815472,-8.35980649887375,158.01295819314123
1757.0,1944.0,1951.0,623.0,462.0,1416.0,1.413217728169264,0.8870924615923587,188.08892423262967
486.0,315.0,518.0,1095.0,197.0,589.0,-1.1076932136468425,1.3194888924686992,162.5014788988176
104.0,1414.0,1705.0,1360.0,1551.0,1098.0,8.926395765809572,1.1466453158418772,182.9623246422797
99.0,1647.0,1625.0,958.0,1165.0,1213.0,9.374403264144123,-0.07029539709709001,180.20307273142242
1647.0,819.0,92.0,543.0,1742.0,951.0,-6.224924715302443,-4.433550423153515,175.60746303418549
1942.0,1518.0,1011.0,740.0,1914.0,687.0,-3.461967863896877,-3.713114121211201,186.19337821881783
958.0,820.0,829.0,193.0,58.0,1219.0,-0.2592927903474831,1.0786127376237933,167.02695576598518
506.0,1979.0,923.0,195.0,1476.0,508.0,6.096301969588079,-5.968771320049485,174.4367357791209
252.0,399.0,1374.0,1339.0,584.0,1207.0,3.281103443675876,5.53273881911125,172.40837933630092
1659.0,1678.0,1583.0,1152.0,216.0,1024.0,-0.7106408793600316,0.2552831362222472,183.75580545295713
1037.0,1619.0,977.0,215.0,821.0,1510.0,2.472055114582668,-2.5634592769819613,177.82513216554096
311.0,1559.0,1408.0,251.0,245.0,1007.0,6.694311567227304,-0.022265087964019825,170.43440681530228
1204.0,1075.0,1701.0,1954.0,480.0,545.0,-0.4069983558472797,3.2307679025358853,181.84625304245776
1420.0,1409.0,1780.0,1798.0,1296.0,888.0,0.3483672286953281,1.618427487342577,190.3570731422846
227.0,1007.0,579.0,1593.0,58.0,526.0,1.8311359847010737,-1.659172474883503,166.5346180406825
780.0,410.0,704.0,1206.0,1520.0,1635.0,-1.019274459694484,1.7048279324956748,178.29456256455597
1175.0,1327.0,288.0,789.0,204.0,327.0,-2.498659576558784,-4.684011313030438,167.06715782617087
1646.0,1970.0,1234.0,211.0,163.0,1997.0,0.6434712046776521,-1.977321719627647,183.20194030112435
276.0,399.0,122.0,686.0,767.0,373.0,-0.2050233666727213,-1.6708938585782707,159.5331859078395
1114.0,40.0,1267.0,1381.0,396.0,1732.0,-3.0909636172823363,7.571013139700131,176.26319892307907
1447.0,783.0,1371.0,184.0,1646.0,1489.0,-0.7806754164629566,2.8949946874428405,181.6576053375848
283.0,1046.0,1653.0,577.0,499.0,283.0,5.500164098812943,2.6124797088072094,168.2158758895203
1945.0,1742.0,1424.0,541.0,381.0,1059.0,-1.8219792101038381,-0.9203959550872988,182.60954531346582
511.0,279.0,912.0,1138.0,1850.0,370.0,0.47598106749700303,1.9546246505760045,172.08028370513438
700.0,1041.0,1135.0,478.0,1340.0,1656.0,3.3833628664947017,0.7713838844288782,178.7185398564721
520.0,142.0,1939.0,187.0,732.0,911.0,3.5012968982357178,8.669824295014031,168.39805533549932
1896.0,449.0,38.0,1833.0,357.0,1401.0,-10.916880249521082,-1.2084438329550242,176.21300155814353
580.0,403.0,41.0,417.0,939.0,1318.0,-1.3280853133763575,-1.467327859198537,165.0698856474553
793.0,1425.0,992.0,1827.0,151.0,545.0,0.851092363803613,-1.7904769979312636,175.54072310372155
224.0,33.0,844.0,359.0,598.0,1788.0,2.0973476183804216,5.116196795111149,165.6651246689314
497.0,1210.0,1815.0,475.0,1775.0,228.0,6.3148496979881585,1.599371450313469,176.72041469807795
1255.0,1383.0,586.0,1774.0,716.0,1092.0,-2.5315664450901796,-3.8334472757711477,181.03578972621548
1218.0,558.0,64.0,317.0,563.0,1426.0,-4.415698177805176,-1.6415610583378264,167.27550326917265
783.0,1156.0,600.0,1161.0,1031.0,975.0,0.39870621769915454,-2.8984448089791655,175.4363227142781
537.0,1548.0,894.0,1309.0,1468.0,1427.0,4.40733987236194,-3.5676488933815738,182.9550061638315
658.0,1553.0,843.0,1580.0,1790.0,255.0,2.692351468043721,-5.087563437978666,180.28801346896532
1354.0,1811.0,1241.0,1464.0,1418.0,603.0,0.5661577721883002,-3.6964164247931652,186.6812385395748
1439.0,1849.0,1969.0,1230.0,412.0,1608.0,2.564704710949238,1.685333657618187,189.87564853746136
1031.0,1624.0,878.0,947.0,1093.0,1972.0,1.9631095572641204,-3.205936900044105,184.88894824027665
37.0,322.0,1713.0,1873.0,1812.0,1458.0,6.138903448686358,7.527616140482545,182.83409183239596
882.0,1602.0,597.0,359.0,153.0,1545.0,1.7144172266790978,-3.5987871363801993,172.41650099029545
101.0,1585.0,856.0,564.0,1971.0,1669.0,8.25253994077882,-4.193676327064483,180.39348585886412
1943.0,666.0,381.0,1136.0,1425.0,1101.0,-8.457716343329384,-1.7833043115721692,179.9916212908098
391.0,1694.0,237.0,1147.0,1758.0,1590.0,4.169596632419347,-8.112726209023668,180.81339380147278
352.0,253.0,295.0,1170.0,555.0,1263.0,-0.7266236138490026,0.846241357738485,166.0700746482311
15.0,630.0,653.0,964.0,675.0,1304.0,3.6868976047666226,0.6789604939543451,167.83107421421747
821.0,870.0,1127.0,1196.0,608.0,1724.0,1.039027674857458,2.3386286767592264,178.73038566120522
1591.0,742.0,1346.0,506.0,1875.0,966.0,-2.3226164447520006,2.311006768994008,182.20876075297255
1987.0,1278.0,59.0,1310.0,1152.0,421.0,-8.177127255317371,-6.767961567650042,177.46288551398965
1804.0,179.0,1442.0,1759.0,198.0,522.0,-7.072377868908598,6.489531519802593,175.9595611678039
1243.0,263.0,1223.0,902.0,312.0,1794.0,-2.7699948225068445,6.186680477697326,175.3598660740151
1270.0,137.0,1684.0,1152.0,1165.0,1929.0,-1.8322979169857967,9.03078538639993,183.47900449458393
131.0,723.0,1892.0,347.0,1030.0,788.0,7.140865864438528,5.42893494060021,170.9268009292548
733.0,675.0,1395.0,540.0,1679.0,200.0,2.126011991671571,2.2208749435323187,172.88375268720918
56.0,34.0,1161.0,458.0,115.0,1248.0,3.19621213713817,6.357452267077786,161.56581472716982
548.0,213.0,710.0,149.0,1783.0,1946.0,1.2324717602838589,2.7852231481877494,173.5137559712651
1285.0,14.0,1178.0,497.0,1423.0,1161.0,-3.228520266272586,5.689776115715377,174.47764142965167
1296.0,514.0,1035.0,802.0,1219.0,1962.0,-2.403108155849492,3.4463958276205533,181.164039307667
491.0,1100.0,1181.0,965.0,1295.0,1609.0,4.485609828418807,0.7109756763651176,180.20154490286373
346.0,1413.0,1033.0,307.0,1801.0,1617.0,6.771135482498899,-2.1632458592689536,179.367202646085
752.0,799.0,1742.0,582.0,1850.0,561.0,3.676874403652995,3.629471203230483,178.29707045138386
598.0,430.0,1692.0,1541.0,1633.0,1971.0,3.2885735678462895,7.428701219340161,186.32459392114046
1377.0,45.0,1393.0,810.0,1823.0,1660.0,-3.1530449892204637,7.153339099620547,182.4048620610673
173.0,1018.0,1136.0,32.0,1717.0,493.0,6.176919336558213,-0.5173370838125226,169.34072729343978
293.0,1793.0,907.0,1341.0,1710.0,812.0,6.3803087438688815,-5.494251527436093,181.05497719996723
209.0,1769.0,293.0,717.0,793.0,1082.0,4.924334415086047,-7.044783591646911,170.73047487115272
559.0,1023.0,1873.0,583.0,1241.0,1912.0,6.424275186373985,5.07051978688913,182.78466294357472
1779.0,581.0,123.0,296.0,1812.0,776.0,-7.257885258844924,-3.2270988912885414,173.35362785267967
161.0,1958.0,70.0,1334.0,1659.0,1057.0,5.273363205506018,-10.599084322772033,177.53789102011484
571.0,176.0,332.0,1728.0,1441.0,375.0,-2.757035847626687,-0.1363850672529936,169.80758839001257
629.0,1021.0,185.0,485.0,951.0,775.0,0.24457444599361133,-4.220351864227186,166.8033427705919
439.0,630.0,1358.0,673.0,1521.0,75.0,3.252616233929059,2.2583395363934864,170.13763713238018
226.0,1283.0,880.0,517.0,323.0,1516.0,5.250477175850898,-0.9074919578503592,170.3318355142033
1292.0,114.0,983.0,976.0,438.0,564.0,-4.603059494896874,4.2753494895694475,168.34018568944276
786.0,1958.0,1804.0,749.0,762.0,554.0,5.993926204151709,-0.9276191732209276,179.96524872695463
788.0,379.0,1481.0,23.0,1434.0,1600.0,2.3706590215787844,5.748032061129652,175.21784022853961
369.0,1830.0,456.0,1928.0,1779.0,111.0,3.7039975335739195,-8.731608991338113,178.91695328118288
116.0,1742.0,140.0,1603.0,159.0,534.0,3.342164977181688,-7.462562162206389,167.7819908086141
1337.0,112.0,1113.0,302.0,347.0,484.0,-3.69853085262773,4.688352057957314,164.8846215536803
1850.0,486.0,651.0,897.0,1913.0,1880.0,-7.144863037214465,0.8821673413554837,185.39179791072007
1765.0,1143.0,240.0,641.0,504.0,901.0,-5.893390113817222,-3.9842956313533557,172.5558060260001
1855.0,1756.0,1645.0,74.0,78.0,520.0,-0.5608116474945594,-0.0981416052662345,176.62113882043735
172.0,690.0,429.0,1089.0,1639.0,1885.0,3.162442725548103,-1.2194627297396698,176.43609641276686
871.0,1704.0,1254.0,1529.0,274.0,632.0,2.3461672605499846,-1.8952298509081327,178.28330611335264
181.0,1420.0,572.0,139.0,952.0,42.0,4.658710878374644,-4.678271460068542,162.81082689588425
1688.0,1019.0,350.0,1618.0,1212.0,1571.0,-6.545629721464576,-3.322850387863129,184.2690574477345
464.0,340.0,1252.0,143.0,1353.0,1412.0,3.210846480354662,4.652737437331711,171.44112227082363
1548.0,1735.0,858.0,149.0,1236.0,1102.0,-0.3807106879018298,-4.446184231234373,180.11145926729753
1958.0,229.0,993.0,428.0,207.0,507.0,-7.157480483667059,3.7481378200911726,167.95209310500422
1178.0,1127.0,963.0,1074.0,688.0,237.0,-1.3693408152961613,-1.1913768337313928,173.18135622523087
1355.0,932.0,356.0,1748.0,523.0,1957.0,-4.959989018171922,-1.833780059984,181.31709658250617
1072.0,1307.0,264.0,1875.0,298.0,791.0,-3.043366542054378,-4.836376306938716,174.74951305623588
870.0,1750.0,204.0,219.0,1131.0,355.0,1.1223855885792116,-7.971494005408028,169.01987227371544
1483.0,1541.0,232.0,558.0,640.0,811.0,-3.1307196625334055,-6.125718456223007,172.94190634401681
666.0,401.0,1971.0,201.0,1167.0,1310.0,4.053370940757392,7.928603722874167,175.08555467843695
1587.0,384.0,1587.0,1918.0,1195.0,165.0,-4.842760890073574,5.263821350241561,180.9975754301707
1632.0,140.0,909.0,973.0,372.0,1023.0,-6.537948597855479,4.342556827847123,171.7454567240988
531.0,1012.0,1565.0,1673.0,649.0,358.0,3.1561986657356225,2.4977336323222734,175.78253473282024
994.0,1664.0,1754.0,1600.0,1974.0,698.0,4.2021569364872855,-0.6514254128457513,190.7458193078616
673.0,642.0,705.0,598.0,433.0,1308.0,0.28407494931725347,1.0907207506693015,168.49805716836852
1682.0,1855.0,1271.0,146.0,509.0,1341.0,0.14318039737263122,-2.0625432095735703,181.10190891263102
1894.0,75.0,1581.0,1701.0,90.0,358.0,-7.444889689213232,7.48785566998293,174.78060200943727
1906.0,1844.0,1893.0,1097.0,781.0,752.0,-0.5570423750410038,0.21802207898181356,188.73911246074866
440.0,330.0,1767.0,406.0,1833.0,698.0,4.429703642379627,6.236201247105737,173.9336763456456
1131.0,1974.0,992.0,1799.0,1743.0,1961.0,2.3926906318485086,-5.453393707611579,195.43682181226265
1089.0,887.0,810.0,1812.0,1940.0,1298.0,-1.7644234874239393,-1.0081175680244754,186.4575744015241
966.0,1608.0,1732.0,702.0,1808.0,583.0,4.652331774050707,-0.46141329951283927,184.08004704771008
1020.0,1999.0,1261.0,1442.0,1267.0,1843.0,3.9867985088098714,-3.539670509054669,191.48905902134365
1871.0,1995.0,276.0,1962.0,40.0,854.0,-5.812747479025668,-7.888197413856056,181.58170670808474
59.0,205.0,25.0,848.0,1570.0,717.0,0.6357338086852571,-1.6831187038940363,163.6576362760827
773.0,740.0,1439.0,1471.0,170.0,1245.0,1.0554650420170006,4.483129642232337,176.01500420766283
1463.0,184.0,184.0,1663.0,1539.0,1119.0,-8.350971231281164,-0.3756862848389207,177.44022546689538
1622.0,197.0,264.0,1131.0,35.0,595.0,-8.4268082410133,0.8165969512189493,165.4391297287592
254.0,937.0,1448.0,143.0,293.0,725.0,5.328787641383646,2.7208819933414197,165.420434564082
1506.0,1635.0,1466.0,916.0,966.0,94.0,-0.15171291017002392,-1.5904486505424222,179.9798265384859
1254.0,1003.0,1310.0,250.0,1837.0,1353.0,0.7997527082595359,1.1637058534506612,182.14140630252967
1553.0,1699.0,88.0,1447.0,370.0,1745.0,-4.370276224563645,-7.16933950366648,181.26443443485846
1639.0,1074.0,151.0,162.0,1246.0,1621.0,-4.704706584566204,-4.34895998020361,176.19034251779004
1976.0,259.0,912.0,427.0,1422.0,118.0,-7.321935937577628,1.9576425908203032,172.07126353660925
1279.0,543.0,1962.0,1160.0,354.0,213.0,-1.0488262327858153,6.5710825612193355,174.20699769429078
536.0,90.0,383.0,1098.0,1779.0,933.0,-1.566091843645584,0.7962233110241506,170.867117669153
1948.0,551.0,58.0,643.0,977.0,1976.0,-9.042612787971386,-1.6806150318901638,177.32751874453322
205.0,1937.0,1820.0,380.0,301.0,1565.0,9.93137700537671,0.5612100545755327,177.50029535620445
146.0,586.0,229.0,545.0,1626.0,1483.0,2.627453135716572,-2.0031945330752805,169.76261448974196
1523.0,593.0,1838.0,1324.0,1149.0,396.0,-2.3562178384434387,5.593241990388384,181.0409466979213
108.0,922.0,1494.0,396.0,1242.0,1910.0,7.829084003548027,3.574224944712814,176.95377394057613
269.0,723.0,29.0,869.0,798.0,51.0,0.1250869309806047,-3.947406034775259,160.04901766821206
1514.0,1687.0,264.0,534.0,671.0,586.0,-2.8466442904473155,-6.814058493317049,172.85300580076003
612.0,1232.0,14.0,1389.0,1061.0,1699.0,0.05907471051688576,-5.985509098858863,176.8531562407363
419.0,1925.0,1618.0,948.0,714.0,1585.0,8.21623787195076,-0.7956598043648229,182.88158353757362
501.0,1935.0,1481.0,370.0,460.0,887.0,6.885954342202689,-1.7589984954544038,174.82170540026027
936.0,1598.0,1851.0,447.0,342.0,1367.0,4.82800870510234,2.140434330348152,179.61930182257302
536.0,1936.0,1597.0,1992.0,1422.0,680.0,6.649450320785815,-2.4803492869273125,187.89480469718075
1338.0,631.0,1185.0,1603.0,51.0,1468.0,-3.401490849452411,4.089601701929885,178.22311951422347
456.0,1043.0,529.0,1731.0,23.0,1363.0,0.8784261775434468,-1.4314825139789944,172.50563088005592
406.0,1959.0,85.0,1215.0,1362.0,1657.0,4.135318124339052,-9.82957376103564,179.9757950206346
31.0,1476.0,424.0,574.0,1511.0,1906.0,6.823409061971226,-5.252688214937459,176.1948406460722
872.0,1822.0,593.0,1303.0,156.0,476.0,0.8336695129091892,-5.5882244548080005,172.7779757098647
53.0,1551.0,1065.0,1855.0,251.0,1567.0,6.631228772796248,-1.3774729856518229,178.4806103868434
1124.0,937.0,176.0,542.0,513.0,1583.0,-2.7386487208928436,-2.8308232573105907,171.07691024997047
356.0,1168.0,1346.0,762.0,914.0,184.0,4.735074744638103,0.19501655286139402,170.30296757542126
482.0,167.0,3.0,185.0,238.0,1607.0,-1.4468873990589766,0.43143071874855565,159.7949593216842
722.0,1586.0,575.0,1887.0,676.0,1950.0,1.6785380877066367,-4.407053105294818,184.0656114240891
1809.0,1089.0,1915.0,307.0,435.0,205.0,-1.5877520675866534,3.5250901673416672,175.67194246237727
1891.0,347.0,217.0,1200.0,1549.0,385.0,-9.694310022456929,-1.701110064176501,174.3490761482815
211.0,365.0,1183.0,1031.0,1403.0,373.0,3.116431929572285,3.186623856290878,169.4659343410708
1451.0,881.0,752.0,870.0,1727.0,1533.0,-3.159857374013479,-0.8678962983285712,183.20402925482452
1363.0,829.0,1999.0,493.0,1905.0,1994.0,1.8197708699409796,6.448915831640289,190.07310842117823
1301.0,1619.0,208.0,467.0,397.0,1407.0,-1.730040906685409,-5.9683334439681826,173.66207433434676
1708.0,510.0,1385.0,78.0,1719.0,168.0,-3.3157021657677688,2.8092902852635318,174.59973558586563
527.0,758.0,1565.0,841.0,1712.0,257.0,3.8256810195626576,2.7528013635037807,175.08564483017935
842.0,1668.0,34.0,749.0,1308.0,1875.0,0.924289497430581,-8.177191650522884,179.09974462753692
1351.0,912.0,1736.0,28.0,50.0,708.0,0.22299568869617054,4.2728000609547845,170.6035813161632
49.0,869.0,1268.0,373.0,641.0,1145.0,6.231963359243684,2.3809070916092576,168.1955971379137
826.0,649.0,1496.0,1819.0,1702.0,318.0,0.6764445868274703,3.257245315887986,181.07588898713635
859.0,1475.0,1019.0,518.0,1284.0,111.0,2.3258601605247433,-3.226505231131881,173.09349254555016
632.0,1289.0,1965.0,1024.0,1807.0,84.0,5.714145178029068,1.874002937720478,180.89268390487493
122.0,1202.0,984.0,1275.0,24.0,1711.0,5.267294739321088,0.3976558757599844,173.272514317779
1961.0,1546.0,1850.0,885.0,1644.0,1368.0,-0.9751794566733231,1.3712366504632336,193.786783694669
360.0,402.0,1935.0,284.0,1271.0,396.0,5.023483238060807,6.536269794194544,169.61843988878212
1546.0,1491.0,617.0,262.0,1799.0,1650.0,-1.4851569710641117,-4.733368481676514,183.87366396634695
893.0,134.0,1802.0,1738.0,1988.0,521.0,-0.03016726608952358,7.700949883968973,182.22286414879827
1598.0,328.0,1396.0,351.0,1816.0,1584.0,-3.090670394078293,5.422865595746859,182.30133475582275
57.0,1355.0,1463.0,113.0,1292.0,1046.0,8.750041941830947,0.31031936791031517,173.07785558062034
478.0,357.0,1994.0,366.0,585.0,1794.0,4.857439469445468,9.227294821777297,174.18063228943254
479.0,177.0,866.0,1564.0,600.0,1869.0,-0.07696366678007621,4.821065134454159,174.55230471708194
331.0,1076.0,74.0,1703.0,1664.0,1479.0,1.4343369153402383,-5.749808369134084,178.52264677283455
1759.0,1110.0,1387.0,184.0,1504.0,860.0,-1.8914445658719121,0.797320477495201,181.09813417437405
886.0,546.0,1412.0,1736.0,1887.0,1950.0,0.8085480404888173,5.0560450868126265,189.3674111658829
1253.0,1117.0,1588.0,1677.0,12.0,1575.0,-0.3175514864408731,3.814909672303033,183.1713978255654
233.0,1060.0,1244.0,1517.0,346.0,1128.0,4.5751763075976974,1.6312195582089193,174.411425818164
613.0,1228.0,1029.0,1145.0,725.0,66.0,2.0764288172054624,-1.5414478674473995,170.7716355101108
595.0,559.0,1712.0,172.0,187.0,573.0,3.0264766470640403,5.539527980247113,165.386629888106
1034.0,1891.0,762.0,654.0,1777.0,779.0,2.3733604889294204,-6.673812184009064,181.3477288599796
1792.0,736.0,663.0,1707.0,1961.0,110.0,-7.340847303241543,-2.032150876075371,181.6391411070299
881.0,1858.0,1024.0,385.0,703.0,1071.0,3.6499584239588065,-3.709857419831432,176.44086615020223
1670.0,1417.0,635.0,1532.0,1450.0,425.0,-4.462835651896976,-4.96380819314655,182.57741664581604
703.0,511.0,147.0,1764.0,1136.0,1763.0,-2.712582880444597,-1.4519440459074242,177.06859346791035
130.0,1711.0,1156.0,1045.0,1620.0,1297.0,8.434367140257887,-3.2414702397315702,181.5452257141634
405.0,1972.0,1696.0,239.0,71.0,166.0,7.097862463255154,-1.1230456303273937,169.19268262418078
60.0,533.0,687.0,1720.0,682.0,1381.0,2.6487830017159255,1.439107595538201,172.0917488469239
1632.0,1970.0,1715.0,156.0,46.0,149.0,0.9989971166100852,-1.0192972742670126,175.27208332203526
9.0,877.0,1562.0,742.0,535.0,660.0,6.525060839799518,3.3827498064827046,168.3577293578898
1731.0,238.0,1564.0,1638.0,1057.0,794.0,-5.711130445635791,6.648951379521769,181.87708548897206
952.0,1134.0,1929.0,541.0,1558.0,1880.0,4.78245431200226,4.526986783282873,187.05042934952326
1547.0,41.0,1457.0,1061.0,1726.0,1462.0,-4.42540073671785,7.410281508096871,183.3144364211765
10.0,1883.0,1209.0,666.0,55.0,1534.0,8.738245846829985,-1.9508316525398819,173.201733373913
1938.0,1404.0,1285.0,1298.0,1887.0,1553.0,-3.3670294589182665,-0.9590937412246114,194.32082748483882
1480.0,221.0,293.0,654.0,1687.0,492.0,-6.640848677703885,-0.7054479288001358,170.6735576289203
735.0,1625.0,1769.0,1501.0,1615.0,1696.0,6.338508606909955,0.873472132488845,192.00086856701603
1789.0,1665.0,431.0,1218.0,1125.0,1449.0,-4.446273600871558,-6.225359427086444,185.37100504578206
326.0,1587.0,1426.0,896.0,1540.0,1108.0,7.54637815926043,-1.2254690589167272,181.25905333841044
1743.0,963.0,775.0,505.0,1133.0,71.0,-4.663588396780538,-1.836275611476573,172.65330370065112
256.0,1182.0,1836.0,777.0,1921.0,1027.0,8.322623437993741,2.638643826657069,181.75225729668628
1797.0,872.0,490.0,643.0,829.0,1200.0,-6.033094793237158,-1.5703098243664266,175.91544180700123
229.0,606.0,1816.0,1952.0,1327.0,1047.0,5.358646838263213,6.310475237112337,181.69889753519817
597.0,1569.0,1527.0,1565.0,531.0,1079.0,4.8381880653039575,0.2746379386816886,181.34330312174964
543.0,124.0,546.0,1511.0,583.0,1448.0,-1.7656957643803362,2.977023612817518,170.4862062255577
1149.0,1718.0,835.0,1072.0,677.0,1205.0,0.6100189070587413,-3.997917206960682,180.29850377551432
479.0,1231.0,1938.0,1348.0,694.0,670.0,5.680346344710802,3.5054416809149416,178.6138319497545
925.0,338.0,257.0,1548.0,127.0,992.0,-4.62781035395449,0.3684166647155452,167.4795651170805
1268.0,199.0,1039.0,167.0,327.0,465.0,-3.14836173623898,3.917673898245612,163.753751239628
1330.0,806.0,1478.0,678.0,70.0,684.0,-1.3198976959939295,3.67276919355881,171.9753487832838
1627.0,1137.0,1319.0,12.0,1249.0,294.0,-1.3753127008995112,-4.530233704003184e-05,175.08712637356606
1661.0,1167.0,867.0,1378.0,1109.0,1278.0,-4.1190886723155655,-1.4336285492319625,184.44715867166
1302.0,1646.0,702.0,407.0,724.0,1081.0,-0.2065996054472547,-4.268424690921001,176.17942242718487
1551.0,1456.0,362.0,823.0,508.0,1720.0,-3.4683392849365657,-4.478945138782783,178.97350173753645
1081.0,101.0,503.0,153.0,1592.0,148.0,-3.554572798186453,0.6311225727125729,164.36182089956588
1111.0,274.0,1978.0,535.0,1215.0,1359.0,0.8643512950401399,8.797740358577895,179.02018099831503
109.0,1441.0,633.0,515.0,1694.0,880.0,6.245660660214646,-4.836140239821688,172.88818657405443
759.0,568.0,1011.0,1185.0,1043.0,140.0,-0.43941120536529776,1.3667318555645305,170.278599640015
1724.0,528.0,481.0,1644.0,1281.0,1175.0,-7.9806812228582125,-0.3468549940964186,180.98637573915266
986.0,1631.0,670.0,1594.0,1845.0,631.0,0.6509012080125092,-6.233952017093037,183.7863216596424
1307.0,550.0,745.0,544.0,958.0,1337.0,-3.2089887437360285,1.3201270630761923,174.03671552875613
64.0,522.0,174.0,980.0,1930.0,1170.0,2.3490008414292882,-2.547730043656207,170.92802688471
1258.0,297.0,753.0,721.0,72.0,1769.0,-3.9837744679720775,3.769396769897678,170.9455692222444
407.0,1807.0,1814.0,1665.0,1531.0,566.0,7.903317676170851,-0.8249774403588278,185.90542504546818
1441.0,905.0,1649.0,675.0,77.0,1594.0,-0.7611591880321966,4.993123318935217,178.5799899647856
1572.0,127.0,1368.0,225.0,1835.0,1888.0,-3.3817146811430625,6.64874744873102,181.89982305526354
427.0,1858.0,124.0,1359.0,959.0,230.0,2.422245442742723,-9.20016674462917,171.1039994790545
1085.0,544.0,1753.0,50.0,1396.0,1309.0,1.7083386555993454,5.96766860330529,177.46150726590233
746.0,1681.0,518.0,1132.0,1077.0,1549.0,2.3404414439280155,-5.713424278030006,180.43696350164782
1965.0,1352.0,654.0,1120.0,1677.0,1687.0,-5.497682268441202,-3.810299010825728,189.4608965765393
1599.0,1696.0,1144.0,1591.0,1496.0,546.0,-1.6722555163483905,-3.7444754957302546,187.594986601069
443.0,1345.0,591.0,1835.0,245.0,213.0,1.3064746606803632,-3.7077963233301694,169.9896637601218
1347.0,1074.0,420.0,38.0,951.0,1929.0,-2.057903383522065,-2.432529940114803,175.6332475316562
1744.0,98.0,843.0,473.0,1453.0,135.0,-6.73912893479222,2.4054086221396203,170.20541778606267
610.0,908.0,1830.0,27.0,875.0,1870.0,5.763190496650896,5.493358041606063,177.22151568559624
119.0,1014.0,1422.0,1955.0,938.0,1462.0,6.119220441521011,2.686111416574464,181.4653698762931
1604.0,1238.0,685.0,1605.0,731.0,1545.0,-4.422945022046493,-2.2101040026223453,184.13496637116094
1995.0,1693.0,251.0,132.0,19.0,95.0,-5.168851997892508,-6.1471664225039735,167.2292865837025
97.0,681.0,1981.0,1713.0,648.0,1197.0,6.600865494916305,7.256869951158857,178.13029996443603
768.0,779.0,754.0,511.0,269.0,355.0,-0.2135360241630979,-0.03735866403381247,163.75125590686594
1867.0,791.0,1416.0,648.0,447.0,1250.0,-4.106028408328639,3.775515926644835,178.98416384485108
1620.0,1845.0,888.0,197.0,1944.0,444.0,-0.42465055524282824,-6.075757537114499,181.580920994738
1114.0,718.0,450.0,682.0,1576.0,169.0,-2.813380216206502,-2.5735744530271134,170.21312828410416
1738.0,1566.0,1854.0,529.0,869.0,994.0,0.25691990808715326,1.5269311121882492,184.9910310993596
738.0,218.0,565.0,75.0,1717.0,1028.0,-0.6758489679372371,1.1303197919053403,168.36708056046047
169.0,1779.0,420.0,1645.0,1534.0,1153.0,5.510933126365595,-7.7051608180888564,180.17647042141095
1825.0,1063.0,1868.0,1106.0,155.0,1890.0,-2.2062663490872505,5.6580090421980795,186.60474036188128
1669.0,1402.0,1605.0,1828.0,1283.0,1592.0,-1.4623800526101953,1.4013674694827585,194.43278704927036
1183.0,1073.0,1362.0,323.0,278.0,1925.0,0.9975395072121571,2.895781773419009,177.62662673832259
45.0,300.0,264.0,1286.0,1361.0,222.0,0.8699627732637556,-1.198508456560436,163.92686625978584
1738.0,1888.0,1941.0,84.0,1604.0,1835.0,2.744715672295297,0.4821564549985301,192.85568285232108
1372.0,965.0,558.0,947.0,57.0,1170.0,-3.762560328858262,-0.9796246566534267,172.0812506236056
956.0,1308.0,1997.0,1281.0,1960.0,1240.0,4.731646466185379,3.127720009559287,190.99955019986785
383.0,1712.0,1401.0,159.0,1637.0,593.0,7.615279591696552,-2.4531044585075,176.0180670291035
66.0,497.0,1555.0,1714.0,1685.0,1364.0,5.948242013679969,5.576847445065826,181.23363104665123
1360.0,523.0,671.0,1353.0,447.0,880.0,-5.10309886981353,1.1247379593371667,172.88242636454117
611.0,1648.0,207.0,886.0,1836.0,1996.0,3.082459521377306,-7.822813821330757,182.75288706299307
1494.0,1923.0,208.0,303.0,1166.0,1048.0,-1.607695755697626,-8.554107649197787,177.31291515814883
1106.0,39.0,845.0,1054.0,945.0,586.0,-4.099616987464055,3.675194030998876,169.47208955774866
880.0,626.0,595.0,1993.0,1218.0,1499.0,-2.379983355135993,0.07942210426697155,181.15109787534055
1970.0,1750.0,1447.0,1586.0,1892.0,672.0,-2.62441909013794,-2.7216839881891994,194.0364707549042
1696.0,11.0,163.0,1903.0,770.0,401.0,-10.768704353911476,0.4408946094707871,170.8953957103403
819.0,1285.0,797.0,1724.0,757.0,700.0,0.2871971072076367,-2.552367570508749,177.36411319831655
286.0,1084.0,1950.0,623.0,707.0,1303.0,7.441243151903262,4.826170818523067,176.32990576349874
1053.0,300.0,1178.0,525.0,490.0,1140.0,-1.4562162459137264,4.832692492350178,170.06238094571881
604.0,1110.0,1728.0,41.0,1588.0,30.0,5.216197587942853,1.5185119563944163,172.12920405523096
799.0,910.0,1816.0,63.0,1960.0,428.0,4.365295896529233,3.0927108411182727,176.64546983569147
1172.0,735.0,315.0,1658.0,1768.0,230.0,-4.597669409903815,-3.574215488253495,176.1425303164832
1071.0,1803.0,823.0,873.0,115.0,50.0,0.4524977268422895,-4.506442660380628,170.32949028202606
483.0,1174.0,1708.0,804.0,1929.0,656.0,6.225350215861538,1.6260035124492185,180.64759667510322
925.0,1512.0,547.0,1963.0,1813.0,1597.0,0.42331720885197505,-5.710313866727217,189.02430676658213
1745.0,114.0,1490.0,1657.0,590.0,1978.0,-6.244304062526968,8.643669863949706,184.53668995494755
748.0,162.0,602.0,319.0,921.0,1444.0,-1.2182489973876254,2.662906555674924,167.609669636219
617.0,1345.0,498.0,73.0,1178.0,818.0,2.6481117245530936,-4.4022389514509745,169.23147065536966
843.0,1318.0,1735.0,1540.0,919.0,751.0,3.322717775485436,1.9899269488146683,182.62404170683158
854.0,1012.0,199.0,1259.0,212.0,1927.0,-1.6820525023039683,-2.6848186149473987,174.11670992165045
67.0,170.0,1940.0,667.0,1973.0,578.0,6.45516424862617,7.798610299348365,173.3005120671468
890.0,653.0,1516.0,1623.0,271.0,1242.0,0.25405837207478643,5.274197293833612,177.82630315674416
1591.0,1970.0,1310.0,1919.0,781.0,526.0,-1.0131606421024928,-3.616771324798163,187.7195996436441
986.0,508.0,127.0,807.0,513.0,50.0,-4.116127495965393,-2.177820102765004,161.31925658499927
1867.0,58.0,1983.0,1186.0,1426.0,273.0,-5.252805657318481,8.631769431908616,180.53480621117012
1388.0,506.0,866.0,1165.0,829.0,698.0,-4.459260316902105,1.679036684733934,174.04449517074104
1218.0,1600.0,745.0,1480.0,391.0,985.0,-1.0816002925146857,-3.77441920556315,179.061311354606
808.0,1255.0,866.0,1058.0,619.0,1381.0,1.4253310147810838,-1.3002089548019784,176.90226013351966
1824.0,730.0,466.0,985.0,1348.0,123.0,-7.2138475433869775,-2.3911496238332353,173.9534105792504
1735.0,1404.0,833.0,300.0,541.0,1203.0,-2.8375199093231065,-2.157825519810407,176.99652614005606
464.0,756.0,81.0,1023.0,349.0,38.0,-1.0998623497141844,-3.4116382616197285,159.9147720949144
1288.0,730.0,822.0,141.0,1449.0,571.0,-1.9708263162029152,-0.33770763757465877,171.78279263484836
1976.0,1385.0,337.0,326.0,94.0,1868.0,-5.596738855533647,-3.524330608260258,176.6209328510221
370.0,1116.0,78.0,1540.0,721.0,400.0,0.2945842510025328,-5.453808075657698,167.6449269114985
377.0,1040.0,1486.0,1443.0,1232.0,739.0,4.8319027620321755,1.8715243639111976,178.49148652202317
1309.0,0.0,1100.0,87.0,180.0,395.0,-3.676790720117097,5.06715129604063,161.6324899008581
1025.0,1769.0,471.0,1146.0,927.0,979.0,0.3580814232879348,-6.550170242916607,178.41420908278693
85.0,1615.0,1017.0,1658.0,1053.0,1842.0,7.579759080076597,-2.5748308360867687,183.24124252021866
1219.0,1925.0,565.0,250.0,1396.0,240.0,0.7283703210466639,-7.503630783484249,174.56011822315526
1404.0,184.0,1029.0,138.0,1783.0,1408.0,-3.2509500340868334,4.025231425618866,176.52713547348986
1509.0,1953.0,403.0,1428.0,1333.0,1636.0,-2.021477079111114,-8.163530321818769,188.34358200130725
1643.0,1380.0,1821.0,902.0,1355.0,206.0,-0.3673553175781935,1.1486902268436898,183.7193180587094
53.0,368.0,1376.0,593.0,622.0,75.0,4.101613360720459,4.151719529052927,161.7478522207724
1884.0,528.0,1498.0,739.0,344.0,1113.0,-4.884144068044736,5.387716498190043,177.24953496764368
1728.0,886.0,582.0,481.0,687.0,487.0,-5.290711323348944,-1.6092763416831848,170.89153735190465
658.0,50.0,981.0,271.0,1155.0,673.0,-0.13091387254962528,4.065158875531582,165.46621686100923
172.0,461.0,412.0,1074.0,127.0,1381.0,1.1861514464439318,0.8763213501577712,164.69508010699937
1586.0,179.0,1668.0,1086.0,1144.0,780.0,-4.001864943442588,7.214339276779367,178.9327563340532
1401.0,1753.0,1557.0,1553.0,690.0,1368.0,0.9974354737266948,-0.42194677420054194,188.97501311095738
1575.0,1829.0,757.0,339.0,1557.0,1060.0,-0.6468855720290001,-5.864740067714833,182.56112504503147
1202.0,1907.0,213.0,314.0,1826.0,1393.0,0.48161428191725497,-9.19461762408681,180.94222073582057
519.0,1022.0,605.0,1991.0,953.0,1842.0,1.2796323733736925,-1.5257164438451538,181.77175138240398
1465.0,1237.0,787.0,1371.0,1748.0,514.0,-2.9909147229176365,-3.462034008278947,182.66088382946484
46.0,419.0,1832.0,533.0,57.0,459.0,5.357897920655861,6.755200935191382,162.85149625687077
1214.0,1437.0,674.0,505.0,103.0,1325.0,-0.6604388769199824,-2.5605384509980187,173.0983110929894
525.0,393.0,603.0,109.0,449.0,1638.0,0.810788350980841,2.0802482560029776,165.12819922464274
1986.0,900.0,1607.0,649.0,1035.0,1945.0,-3.5654682019311426,4.517283833826939,187.76297837819894
829.0,938.0,1303.0,1697.0,166.0,1358.0,0.7656329747373265,2.9371193230868826,178.40622859840198
1985.0,330.0,1168.0,1148.0,1253.0,1571.0,-7.326028357280061,4.746181624708759,184.13771437145041
1484.0,1195.0,1417.0,649.0,509.0,1012.0,-0.8822818637629318,1.5273139234015782,178.3522854395187
544.0,1281.0,569.0,1213.0,827.0,1419.0,2.194887062654544,-3.173127317049533,176.1581557663483
1863.0,430.0,1936.0,1787.0,1411.0,1007.0,-4.825469447514435,7.749389797509217,189.15723202533226
57.0,359.0,1356.0,243.0,423.0,294.0,4.291274510657129,4.384450074171637,159.89547170249116
1205.0,1442.0,1243.0,1052.0,611.0,1451.0,0.789631440386306,-0.2659002236771245,182.17005727372643
253.0,107.0,239.0,1361.0,601.0,1077.0,-1.0090829508797916,1.0974001293109323,164.77340205876834
330.0,591.0,714.0,1553.0,178.0,1977.0,1.4723773443155235,2.2499040517837323,173.50067015540134
68.0,1420.0,1206.0,754.0,9.0,1672.0,7.146116395270894,0.43200795440752926,172.1722232688299
1420.0,1028.0,1389.0,1051.0,674.0,98.0,-1.848133074159318,1.2026106221519204,175.19884845012646
1126.0,676.0,153.0,1188.0,1590.0,1778.0,-4.003702056418985,-2.7066552512224904,179.5212478710832
1944.0,54.0,1668.0,1997.0,248.0,1006.0,-7.796320231942074,8.918289145140974,180.95837002467798
419.0,1299.0,832.0,1609.0,1659.0,773.0,3.5926350854557874,-3.292947113186808,179.91744084273753
1369.0,697.0,1381.0,1774.0,1450.0,1564.0,-2.394804056432581,3.905582416820006,188.44606970113364
868.0,1694.0,1399.0,371.0,927.0,859.0,4.334368607947161,-1.4898551435342064,177.4885515747908
1089.0,1029.0,1995.0,776.0,163.0,1270.0,2.3088898675622653,5.6767224874505375,178.43666272689632
1972.0,1070.0,214.0,1886.0,1715.0,1983.0,-8.88158734596431,-4.689319571173334,191.2117652328197
858.0,1053.0,119.0,955.0,1611.0,1578.0,-1.0305431474895157,-5.0577528139619865,177.7581059078163
1779.0,567.0,1698.0,136.0,1539.0,1400.0,-2.4245321138129166,5.630073327832628,182.54118379120206
1161.0,830.0,341.0,299.0,1450.0,775.0,-2.446895169821018,-3.0209355616818763,170.98317610770627
1484.0,354.0,600.0,640.0,1325.0,96.0,-5.525104561572998,0.08675881264387653,169.04903537917951
711.0,1106.0,1672.0,1059.0,1638.0,1750.0,4.933414218856138,3.192813275990957,186.82565003486948
1949.0,1706.0,1226.0,1322.0,596.0,1526.0,-3.167370675468281,-1.663025628059777,188.92909777461955
1121.0,1856.0,1337.0,1775.0,369.0,1509.0,2.0231664917778898,-1.7094207046657073,187.08433696485753
734.0,225.0,361.0,503.0,533.0,201.0,-2.4820742261070867,0.32832181324790743,159.1727354100634
1410.0,241.0,54.0,1718.0,1822.0,854.0,-8.321507726206244,-1.8820538759245613,177.13771619111378
955.0,152.0,822.0,880.0,790.0,1091.0,-2.6444445948871884,3.6254689269084475,170.1240702775129
207.0,233.0,699.0,1538.0,1727.0,1773.0,1.903222145960423,2.665403164741301,177.86314858265126
614.0,471.0,861.0,1252.0,1452.0,275.0,-0.09600923206552553,0.9272031347677243,171.41065411133914
1998.0,1329.0,429.0,14.0,33.0,1402.0,-5.276881089630685,-2.9592673755043477,172.63760880255091
189.0,1726.0,486.0,1359.0,1499.0,460.0,5.055109166419592,-7.30648026783943,175.1204117664705
980.0,1951.0,1548.0,1760.0,143.0,1252.0,3.4517033296387254,-1.0729116663941909,185.3223795130667
1633.0,1945.0,542.0,1691.0,1550.0,392.0,-3.093639897102808,-8.369499942957647,185.61785860423225
1392.0,359.0,1220.0,1033.0,1040.0,1780.0,-3.2988424130584915,5.225791906776412,181.05347916689283
1356.0,90.0,278.0,1138.0,939.0,1295.0,-7.014591232380736,1.2899699501664266,172.06808638609772
1367.0,654.0,1269.0,1433.0,1497.0,1878.0,-2.3434791344509516,3.764202882320017,187.74216697275304
13.0,60.0,480.0,1392.0,1477.0,1242.0,1.5630461152061186,2.049413699429303,170.06372820353323
1309.0,1356.0,1650.0,1139.0,970.0,744.0,0.8374705259854837,1.2792788301956723,183.01941442719115
1014.0,1099.0,495.0,1167.0,569.0,656.0,-1.8031459483386258,-2.888299334179495,171.7631791408603
1974.0,1513.0,1077.0,1580.0,605.0,489.0,-4.970950831997753,-2.275495860489782,183.2109102229836
835.0,642.0,1716.0,3.0,653.0,1019.0,2.7294843386839345,5.383115481949246,170.9277553909877
1715.0,1160.0,1333.0,1527.0,1805.0,915.0,-3.1021202756213326,0.14136896796431664,189.6210309078343
1388.0,571.0,1239.0,1890.0,1443.0,540.0,-3.8872008163952136,2.7407179925318705,182.3844971781598
1938.0,936.0,643.0,1655.0,1534.0,585.0,-7.6061115150079655,-2.392417333590595,183.32654958288077
640.0,905.0,352.0,306.0,1618.0,1073.0,1.0041952572026422,-3.2924766020086134,171.19062334934614
341.0,388.0,1330.0,99.0,687.0,549.0,3.29820476827226,4.226723189312115,163.36481905256585
685.0,1660.0,1062.0,1872.0,443.0,121.0,2.2042222804180653,-3.228125968800759,176.04067190869156
1042.0,1765.0,544.0,13.0,1765.0,3.0,1.5091167072186351,-7.340521612403302,172.12544210903351
1040.0,732.0,662.0,1834.0,1667.0,1639.0,-2.4288654359916237,-0.42127862727827464,185.10319847989396
1473.0,1857.0,454.0,905.0,1789.0,784.0,-1.5092448466036237,-8.179688705391253,183.14675400708543
1612.0,1768.0,279.0,95.0,748.0,1803.0,-2.1608376625237153,-6.456564406861467,178.273786647437
259.0,834.0,1538.0,1735.0,1858.0,622.0,5.269356945460219,2.6979079937067003,181.16410736039785
1148.0,983.0,663.0,1342.0,1632.0,1267.0,-1.9211335246202434,-2.0594244265704797,182.30603247190916
836.0,965.0,696.0,286.0,1409.0,1364.0,1.1022972110976168,-1.41029440983184,174.65814971509405
1625.0,1309.0,1578.0,637.0,1384.0,430.0,-0.754456760549621,0.4734357824867933,181.95188809912258
1863.0,1922.0,899.0,722.0,1236.0,1041.0,-2.2189118325284256,-5.361146062427704,185.51566774356428
878.0,40.0,107.0,796.0,40.0,1231.0,-4.641112060846218,1.3864762555877705,161.8194556522277
1590.0,1994.0,142.0,425.0,1046.0,1365.0,-2.214675233785761,-8.994577617259935,179.43638934510068
1444.0,185.0,1973.0,1667.0,1134.0,1435.0,-2.6662555585796195,9.904290207901683,185.9781788789999
1410.0,203.0,574.0,1876.0,1108.0,1673.0,-7.007386767409004,2.551568809392017,181.0831765279997
810.0,741.0,645.0,310.0,236.0,795.0,-0.41302839932518537,0.05568230389590828,164.2665107109486
1769.0,295.0,1129.0,1744.0,773.0,41.0,-7.402895243079705,3.4658286781243652,175.30209159093258
914.0,1782.0,1665.0,128.0,629.0,1794.0,5.737815056614082,0.4597358511791275,181.4797920246981
825.0,677.0,1855.0,1591.0,62.0,652.0,1.2124437935588912,6.271165891117131,174.98818527348453
1242.0,166.0,949.0,1850.0,995.0,1344.0,-4.963355951258551,4.533036800714691,179.5861696817089
849.0,1603.0,534.0,1600.0,853.0,303.0,0.21427264987302252,-5.838503154822102,175.45488159214057
1435.0,127.0,1592.0,1870.0,1812.0,265.0,-4.3894718385335745,6.413201309919604,182.32561024489243
992.0,248.0,39.0,1255.0,13.0,608.0,-5.640787945072963,-0.46419625482203336,162.09459272404905
1460.0,1282.0,235.0,1264.0,408.0,39.0,-4.89009624554765,-5.263511065464302,169.90352496385003
1233.0,877.0,676.0,1290.0,658.0,1817.0,-2.839665274827029,-0.02691323143104296,179.7803896541585
1769.0,685.0,1374.0,1.0,1920.0,62.0,-3.0780852954620417,1.651844079556526,175.86644293462388
87.0,221.0,810.0,442.0,804.0,1393.0,3.1389217899618136,3.456488490671168,165.27814723997045
633.0,1049.0,1625.0,1603.0,1864.0,1089.0,4.337230475132107,2.4728109311732336,186.49396309558176
598.0,483.0,979.0,1894.0,1057.0,1549.0,0.23218557143818452,3.1601830556130417,179.83122739645108
116.0,1973.0,779.0,1561.0,1798.0,468.0,7.23267830163823,-7.484434854295572,180.0124716111898
1353.0,1258.0,888.0,1842.0,1720.0,1484.0,-2.069456895542837,-2.2956664001679625,190.10192402944716
68.0,72.0,1315.0,1297.0,585.0,777.0,2.955680843599046,6.352976950787633,166.98569075389196
1815.0,297.0,1783.0,1311.0,1178.0,1106.0,-4.845715873324603,7.692079719345779,184.28160401371701
90.0,1808.0,1457.0,1844.0,218.0,1137.0,7.9078510859112585,-0.9756321361124184,179.48509381846404
841.0,1547.0,1340.0,88.0,615.0,1939.0,4.68201929121891,0.149567722785809,178.7258185618243
836.0,851.0,536.0,793.0,1445.0,1410.0,-0.20948177078045127,-1.686547394165939,176.30853093685454
1310.0,1791.0,664.0,1522.0,626.0,1822.0,-0.8155554329484158,-4.945147675236632,185.8101411156742
1351.0,1105.0,1262.0,74.0,379.0,1368.0,-0.0959145926475925,1.6295929714251467,174.56854219980244
1979.0,1635.0,727.0,1746.0,314.0,354.0,-5.970881371382805,-4.415545897624762,180.55432971753703
1714.0,870.0,704.0,1684.0,1419.0,1413.0,-6.145196323196204,-0.9154312443928303,186.13362440186452
1889.0,1624.0,1545.0,1165.0,1815.0,212.0,-1.9588360372319795,-1.8344425057202502,188.53773130699426
1134.0,844.0,1459.0,339.0,399.0,836.0,0.3824076080435843,3.274329230123462,171.82357523432313
1588.0,573.0,1048.0,367.0,1522.0,829.0,-3.652505405904558,1.7546721054257335,176.5103869559013
1298.0,1794.0,754.0,381.0,35.0,1224.0,0.12588965858090095,-3.830456040477689,174.23381020459777
1612.0,1074.0,649.0,235.0,1067.0,1505.0,-3.2684235037598173,-1.7432305687633403,177.62973519388026
1786.0,1551.0,1015.0,563.0,1752.0,1373.0,-2.025378207337233,-3.158762651199992,187.44083789377814
545.0,1273.0,1084.0,1000.0,554.0,1462.0,3.723967159468314,-0.14840007855292114,176.48841214890112
130.0,1594.0,1895.0,29.0,76.0,753.0,8.73471715717896,1.951324465358562,168.64868487557874
253.0,1394.0,1243.0,582.0,442.0,462.0,5.597288462080718,-0.6855496213384832,168.4294171732474
875.0,949.0,1317.0,23.0,1399.0,631.0,2.457803313946645,1.0876534758378846,172.75986685913716
551.0,1849.0,1782.0,656.0,49.0,1872.0,7.533395073365725,1.292342166287926,180.54495417815303
1760.0,612.0,159.0,865.0,1679.0,676.0,-7.802565513607643,-3.2151966622235917,175.32597427145703
99.0,870.0,48.0,349.0,954.0,950.0,2.6469451523642706,-4.006404945346243,162.7611465374242
1197.0,1682.0,1753.0,1437.0,1183.0,995.0,2.7927519254543416,0.20418860921109133,188.56631794445792
1061.0,428.0,719.0,1134.0,540.0,1504.0,-2.999600773461508,2.3524437529050948,173.7346884648
1887.0,1162.0,1500.0,1437.0,676.0,1513.0,-3.7201389378487537,2.5205696483469024,188.1194984585985
1483.0,1660.0,887.0,247.0,1386.0,1482.0,-0.011612492917348671,-3.8605904217279052,182.80248689809125
562.0,1839.0,1955.0,1188.0,641.0,864.0,7.229044747845202,0.7773143162858345,182.13510827857755
294.0,1320.0,1589.0,1051.0,1853.0,1921.0,8.309880326588779,1.5557237714739058,187.1216432757877
336.0,1604.0,864.0,1688.0,883.0,205.0,4.013412465227181,-4.3101390281068594,174.60540504208927
1940.0,450.0,1964.0,1259.0,696.0,1062.0,-4.6758603130393706,7.989312579985519,183.63256035990437
813.0,1542.0,1534.0,316.0,784.0,1862.0,5.272236417986596,0.920882132790683,181.19944951551082
1405.0,465.0,1352.0,448.0,625.0,888.0,-2.427187355484432,4.483612763745592,172.6323428541283
1145.0,1490.0,278.0,202.0,641.0,1748.0,-0.4725002977228314,-5.0230296843671285,174.2536933203399
1626.0,435.0,45.0,1283.0,1873.0,995.0,-8.440887213838815,-2.8797590727424183,177.9231095908909
339.0,1020.0,1874.0,818.0,498.0,554.0,5.7853943327080435,4.113207508968811,172.08494124498276
1001.0,1702.0,548.0,1401.0,598.0,1738.0,0.5145577866976874,-5.065714754363254,181.94864788482397
373.0,873.0,209.0,1691.0,427.0,390.0,-0.36279699669572696,-3.313626752517122,166.37417388453022
753.0,1337.0,1359.0,1469.0,1313.0,1754.0,3.840989400981245,0.5153975717917788,187.17995860497197
154.0,1596.0,883.0,935.0,1493.0,1935.0,7.6120486724570515,-3.4777828469733985,181.78746977403483
1035.0,83.0,813.0,443.0,798.0,1657.0,-2.6094250365018574,4.448597525758535,170.7810004477879
648.0,478.0,1000.0,940.0,578.0,1028.0,0.37898972710158413,2.98834761820807,170.08607902858375
1216.0,25.0,707.0,1887.0,74.0,232.0,-6.533050846085327,3.4419887329387997,167.0224738838441
20.0,1704.0,1003.0,1193.0,1757.0,314.0,7.732138882757925,-4.881544047815725,176.48421184584362
1757.0,616.0,630.0,128.0,337.0,1725.0,-5.4184081398581005,1.3048324290342914,172.60452713657966
1275.0,1524.0,558.0,1628.0,938.0,704.0,-2.2226847023433693,-5.178027455784399,180.0592387300526
1167.0,766.0,181.0,1506.0,718.0,519.0,-4.919200537644706,-3.1025030688754685,170.89560306938793
1484.0,1704.0,1748.0,8.0,1173.0,1061.0,2.5042748970102036,0.11429031450378645,183.02071231385443
1232.0,673.0,456.0,1164.0,438.0,1146.0,-4.242135471610472,-0.45322387520390334,172.28759387297464
1497.0,326.0,1180.0,287.0,366.0,539.0,-3.7625966043395467,4.065060907673715,167.49671485644203
37.0,1624.0,1818.0,1569.0,1768.0,939.0,10.276080163605865,0.3063167054289716,185.53884879998418
350.0,183.0,1591.0,1961.0,305.0,907.0,1.7719738045554618,7.727298603438818,172.99011220101104
298.0,677.0,1096.0,373.0,1894.0,424.0,4.198216834801127,0.7797643407662459,170.450129978563
1641.0,745.0,681.0,1203.0,793.0,375.0,-5.887687311832249,-0.6871921491742066,173.89456013477573
1835.0,573.0,185.0,64.0,502.0,272.0,-7.189031976001064,-1.9418731826018187,163.3976591688548
903.0,1685.0,1340.0,1061.0,1351.0,1386.0,4.041884691569715,-1.7942939128680824,185.81795293586697
941.0,1164.0,1350.0,1517.0,236.0,1468.0,1.188981307329799,2.0546493224031668,180.42296735524303
1141.0,474.0,339.0,33.0,1827.0,1650.0,-2.6679453045582138,-0.8612306987416771,174.1154210193644
1504.0,1883.0,1608.0,1835.0,369.0,797.0,0.126236015342178,-1.014501135185424,187.26335016399167
494.0,1535.0,1963.0,1126.0,292.0,1140.0,6.740951663387169,2.873755853290861,179.5380337348955
240.0,1721.0,1392.0,1134.0,1188.0,261.0,7.1015904105172725,-2.456722686384004,176.3486714065884
383.0,820.0,1163.0,181.0,232.0,1852.0,4.305906792061812,3.1123507192513076,169.70542963823783
682.0,631.0,374.0,865.0,1170.0,1472.0,-0.6103498137708999,-1.0706348576296374,172.8208215100183
747.0,1926.0,1548.0,371.0,685.0,1925.0,6.7451029181174045,-0.8068755817649351,182.9184700056658
406.0,1733.0,770.0,1788.0,108.0,1739.0,4.227633181325269,-3.594515421925384,179.58553532542376
1999.0,509.0,1699.0,881.0,1808.0,798.0,-4.935656962362648,5.282257940390777,185.46368600117992
1490.0,467.0,1591.0,1799.0,65.0,1632.0,-3.741771896427859,7.232600831317853,181.9878887668155
1951.0,481.0,1451.0,72.0,1416.0,1113.0,-4.410392565834623,4.5389743197700305,179.2502179596502
1426.0,442.0,533.0,177.0,1353.0,925.0,-4.344884615918393,0.06589624546501194,170.96130951042318
1179.0,1122.0,1976.0,94.0,548.0,317.0,2.280309819121759,3.6524296301437693,172.94085293634677
703.0,305.0,285.0,1337.0,491.0,877.0,-3.0279489752488433,0.24515967247623932,166.5938803134881
750.0,352.0,674.0,971.0,513.0,449.0,-1.8163313879348015,1.484396738464888,165.12671675456676
409.0,1061.0,1025.0,1821.0,1899.0,293.0,3.169889124287231,-1.6232654749962256,179.4983565717202
874.0,114.0,1720.0,426.0,1506.0,1086.0,1.1491012683845216,7.761901996254535,175.2420978405547
1882.0,24.0,1422.0,1283.0,505.0,1070.0,-7.217306697872079,7.510056446849449,177.3804258552447
1284.0,1701.0,1019.0,1515.0,114.0,1832.0,-0.1010923464158332,-2.016530781097398,184.48383843022552
106.0,103.0,1354.0,672.0,540.0,1464.0,3.914864529486672,7.046507304699199,167.53901961106465
1606.0,1578.0,1306.0,1005.0,229.0,862.0,-1.3895153304205201,-0.7485246948125102,180.00102420730616
894.0,134.0,724.0,174.0,548.0,791.0,-1.9963985511833195,2.9733584622382496,162.78957177906912
1891.0,1527.0,773.0,1467.0,906.0,1258.0,-4.88231296540273,-3.6371018794271666,186.22143048007263
457.0,55.0,459.0,1651.0,1664.0,1613.0,-1.3067733734240279,2.2177965360968335,176.44698592684117
944.0,1173.0,210.0,1693.0,1247.0,896.0,-2.1862394237543965,-5.415455234034338,177.6603896454173
787.0,1106.0,599.0,749.0,1669.0,1873.0,1.4644522853783677,-2.569415456300209,180.97495500836115
1868.0,557.0,1462.0,409.0,1911.0,771.0,-4.089954231664389,3.59336689400705,181.85269730591037
1936.0,1603.0,1824.0,153.0,1945.0,311.0,-0.26073564397589655,-0.3681131239944897,186.0789802186331
897.0,1857.0,21.0,1357.0,103.0,1749.0,-0.1954222014744501,-7.927202962498191,176.53772937143123
868.0,7.0,1658.0,1777.0,959.0,140.0,-1.4698087447515995,7.569416327407968,173.58414228397848
375.0,739.0,713.0,757.0,1581.0,637.0,2.4181131564001177,-0.9753679294948212,170.75459889129064
1183.0,68.0,1370.0,1087.0,1797.0,982.0,-2.5289678622941563,6.175874981702587,179.28006175774675
1716.0,1901.0,1709.0,47.0,671.0,1193.0,1.4042430830375758,-0.45180142360472886,183.35404178998363
1457.0,559.0,480.0,1942.0,1212.0,1865.0,-6.498108980944873,0.14003296546350397,184.617040827656
160.0,435.0,1164.0,343.0,692.0,1609.0,4.502558631632853,4.441917884119784,168.50438234303803
622.0,1776.0,1111.0,394.0,1593.0,1347.0,6.000137795386693,-3.6482675642481373,181.07303653431399
1843.0,1980.0,182.0,597.0,612.0,429.0,-4.199023937359039,-8.58275184282505,174.6430117697418
1611.0,509.0,1377.0,1777.0,911.0,972.0,-4.909010847506922,4.6084117497296475,182.73245287708335
1225.0,1081.0,1262.0,1845.0,53.0,786.0,-1.7746416600142914,1.5560453030944548,178.2102501949514
1848.0,1293.0,1862.0,657.0,1388.0,626.0,-1.1966607082438487,2.1569122461057963,185.6025564013372
445.0,1664.0,1385.0,181.0,701.0,1486.0,7.038631160075403,-0.6640668943922908,175.98539331756643
1422.0,1744.0,1517.0,812.0,677.0,1234.0,1.3528398333943323,-0.6375796189386305,184.24604114353923
1406.0,1242.0,352.0,797.0,935.0,779.0,-3.4103137767245015,-4.534224428681547,174.30151230109624
1277.0,158.0,1421.0,1874.0,745.0,423.0,-4.184915726530708,6.121106149472097,176.14333733580415
1057.0,950.0,142.0,1187.0,860.0,1578.0,-3.0608369118758296,-3.5945948356899184,175.7104379240348
653.0,426.0,1487.0,1659.0,1838.0,1029.0,1.6900888837883596,5.098294587179632,182.48953056188884
1249.0,929.0,1023.0,1638.0,626.0,1807.0,-2.1266293132829803,1.5590463778089105,183.50598916251658
1780.0,363.0,1200.0,872.0,976.0,1229.0,-5.6265020028571415,4.483814506229895,178.89990945028956
667.0,237.0,732.0,1639.0,449.0,617.0,-2.192791331705852,2.62236251112268,168.3349688811768
264.0,1695.0,1606.0,3.0,1513.0,470.0,8.669858423088835,-1.3556753040843372,174.21167180211518
170.0,1820.0,873.0,123.0,825.0,594.0,6.939203800929633,-4.621648509364502,168.3579219776066
1972.0,1756.0,1638.0,1240.0,1518.0,1592.0,-1.4039863586836578,-0.5764508870234837,196.18549143189725
1490.0,1185.0,499.0,1637.0,160.0,1207.0,-4.776186403363673,-2.544445881241738,177.72317580020126
1440.0,669.0,93.0,203.0,1395.0,773.0,-5.079375239443846,-3.3760947473328535,169.40017627857767
595.0,325.0,741.0,1105.0,1006.0,760.0,-0.590435229450344,1.8780137144992621,169.39266569854783
609.0,250.0,738.0,634.0,436.0,1702.0,-0.21724892926877487,3.5760831188662277,168.4700360788953
1772.0,377.0,1014.0,523.0,940.0,1315.0,-5.599416749454511,3.5245724793708493,176.45319722421598
601.0,1756.0,1028.0,495.0,1225.0,333.0,4.686153190350438,-4.298732005106577,173.85805697466108
1911.0,1114.0,613.0,510.0,1862.0,968.0,-5.308237595095887,-3.3829812620651527,181.81442581171171
876.0,1952.0,718.0,620.0,937.0,1147.0,3.0787980646065622,-5.96553045245159,178.04864884808478
1204.0,938.0,1420.0,1363.0,385.0,560.0,-1.0599159188445975,2.512588222217551,176.26741019161324
1101.0,1356.0,477.0,1483.0,184.0,1219.0,-1.8797287674160073,-3.508605904937426,175.95096012634767
1718.0,1972.0,1011.0,1275.0,1927.0,1110.0,-1.1678960711295472,-5.9452709805561685,192.37462355442148
180.0,1061.0,1658.0,928.0,1015.0,974.0,6.9352588564684865,2.9731618778780526,175.75239806223115
1652.0,1739.0,581.0,679.0,1605.0,1194.0,-2.2087373834538147,-6.385256337438165,184.24396233730084
1569.0,1574.0,661.0,226.0,465.0,455.0,-2.140172228439276,-4.180290868642785,171.44665211640697
1563.0,41.0,1370.0,703.0,1188.0,562.0,-4.688397321239635,5.971372257474839,173.72305884892586
336.0,577.0,424.0,1160.0,887.0,1759.0,1.174568468992644,-0.031086027193174548,172.54975416763529
1112.0,1648.0,1683.0,1712.0,649.0,938.0,2.3493294500461497,0.43873610032344423,185.94774636083537
1550.0,908.0,1997.0,1464.0,1043.0,3.0,-1.5252817575163538,4.449775521350623,181.82457174603007
1628.0,134.0,1700.0,994.0,1010.0,611.0,-4.257223858758628,7.401890990938642,177.00736331792703
1526.0,204.0,1946.0,1327.0,1669.0,59.0,-3.1190858421086514,7.40431090168387,180.387351094092
429.0,729.0,1323.0,1588.0,1952.0,544.0,3.3505793469058602,1.9326477450758328,179.80413874717075
1806.0,482.0,1223.0,1280.0,942.0,1988.0,-5.746907544388725,4.930826083475053,185.59003252960323
1062.0,1754.0,1285.0,911.0,87.0,988.0,2.1508886449410767,-1.446531411955772,177.39360979466133
938.0,1621.0,1692.0,1504.0,624.0,689.0,3.2952823696510727,0.41493999014972427,182.44169442210472
1324.0,443.0,912.0,892.0,1419.0,1973.0,-3.2187683392885518,3.038282937630611,181.85752488900576
1394.0,1794.0,1348.0,1183.0,706.0,1756.0,1.1231982944444272,-1.404756696331387,188.2307456778345
615.0,537.0,781.0,923.0,1129.0,1108.0,0.46227696861662904,1.2311789483531896,172.30394867560472
619.0,740.0,37.0,587.0,792.0,451.0,-1.2305205082371036,-3.6494087065821446,162.58338871296047
1103.0,618.0,1553.0,1846.0,136.0,1103.0,-1.365127196125973,5.621817305169049,178.62520787801694
531.0,1249.0,1819.0,385.0,1631.0,274.0,6.227999937181841,1.56688735023323,176.16049217795478
641.0,583.0,1839.0,1544.0,699.0,1650.0,3.109972174090588,7.512037378587388,181.59066506325115
1403.0,1895.0,1510.0,112.0,1997.0,1288.0,3.3647888486405106,-2.6253271619087077,188.22985347134144
665.0,651.0,1586.0,300.0,1771.0,1512.0,4.11794757246095,4.654985861910924,179.2635499498373
767.0,246.0,1383.0,858.0,403.0,1771.0,0.5142563455930861,6.989141854699538,173.75278975356386
1671.0,1864.0,935.0,20.0,104.0,1066.0,-0.8538740775509452,-3.3978615876954414,175.14737621619966
1591.0,62.0,1999.0,769.0,496.0,1025.0,-3.1515423687518176,9.879026389791589,176.11400213444097
288.0,267.0,722.0,412.0,838.0,184.0,1.2115679382918723,1.5319117488399587,159.97688007506778
1803.0,1472.0,78.0,257.0,684.0,592.0,-5.137945391708532,-6.5783068137370755,170.84784152359657
732.0,230.0,1289.0,628.0,1352.0,1838.0,1.165196206801454,6.037087648958849,177.13967982044701
372.0,341.0,1666.0,741.0,1768.0,302.0,3.958998595968681,5.335661877832952,172.5400595767386
588.0,1838.0,100.0,1812.0,1044.0,1075.0,1.5591358047115504,-9.200357473635206,178.915645464661
1528.0,1650.0,1276.0,1704.0,483.0,348.0,-1.6988175563859091,-1.9714436010198253,182.0309415398286
860.0,93.0,1951.0,1792.0,1829.0,1061.0,0.6731670707988342,9.557523592713252,184.74234031450484
1595.0,1686.0,1032.0,1134.0,1425.0,251.0,-1.6734213975289862,-4.331970497025517,182.66035166655672
101.0,1788.0,1171.0,1666.0,1071.0,1871.0,8.547410994867983,-2.675968523718141,185.22098172117128
999.0,1096.0,1653.0,140.0,764.0,603.0,2.5859725442369887,2.456960372879881,173.0711572624407
942.0,844.0,53.0,289.0,590.0,1527.0,-2.0062325666604455,-3.04946826389487,167.82920164509727
317.0,1094.0,1461.0,695.0,668.0,1480.0,5.963965024413673,2.569847239411271,175.29042210156666
1778.0,1559.0,51.0,27.0,1046.0,674.0,-4.438991606173676,-7.444080118936897,172.09229709113083
834.0,1882.0,1835.0,1198.0,1311.0,1045.0,6.154935649457282,-0.4833734550274667,187.68244599465996
550.0,1747.0,465.0,1569.0,193.0,749.0,2.0362197371061286,-5.829407072776258,173.00395304237233
136.0,1774.0,914.0,1930.0,1621.0,1591.0,7.535873862980687,-4.879396705994921,186.77958233570138
192.0,191.0,319.0,706.0,69.0,1435.0,0.4011079163505136,1.8416165991216857,160.99031794424175
1159.0,1810.0,1825.0,1536.0,714.0,1399.0,3.4986620437270974,0.6911271489105554,189.54332221248876
1345.0,537.0,1442.0,1880.0,414.0,649.0,-3.4626249178451234,4.781880216740053,178.1502687695832
1171.0,582.0,945.0,461.0,1987.0,804.0,-1.4586943761481084,0.8127175870304518,176.6778096792478
1544.0,1797.0,654.0,483.0,1642.0,1567.0,-0.776979686727981,-6.07506970036104,185.4957367219405
104.0,956.0,1293.0,1158.0,120.0,1341.0,5.4089420730995625,2.7629720053354276,171.45988038126907
747.0,1130.0,626.0,1798.0,1551.0,993.0,0.2800800406487624,-3.241360306085717,181.3012772015118
31.0,1168.0,1918.0,227.0,1431.0,818.0,9.493984238967087,3.133313213125421,174.3348600144421
538.0,48.0,1577.0,931.0,1041.0,865.0,1.6136379986708969,7.51683082591862,171.5232741622881
1155.0,1748.0,460.0,104.0,1681.0,1275.0,1.1153886013407694,-6.905152032360927,178.88055254163444
443.0,1321.0,793.0,887.0,414.0,315.0,2.7917458444632532,-2.569514516323978,167.47277884158098
1738.0,1939.0,960.0,839.0,304.0,1665.0,-1.5227876703088155,-3.7010477567535833,184.3457420258908
1741.0,898.0,1200.0,440.0,1885.0,834.0,-3.142349934377363,0.6080043568996111,182.06054166035534
1362.0,1578.0,507.0,320.0,899.0,512.0,-1.3451135848347457,-5.4069005265845425,172.57360882263447
1823.0,766.0,77.0,1032.0,233.0,158.0,-8.349591501248245,-3.2543472832872373,166.65308024419258
340.0,788.0,1270.0,309.0,280.0,1887.0,4.713757384885552,3.8045866929193024,170.92170202712163
1273.0,1764.0,440.0,103.0,1763.0,1299.0,0.4610998583518695,-7.176169362466532,179.99418983502446
101.0,1049.0,1338.0,1788.0,1604.0,1333.0,6.6552373171846,1.357817945602921,183.0439737515396
943.0,583.0,206.0,1785.0,1646.0,814.0,-3.999847194276387,-2.7834511329430667,176.74411607187835
136.0,1106.0,1318.0,1945.0,736.0,1761.0,6.065607822420137,2.072606963483328,181.945821133867
1461.0,1129.0,1217.0,1856.0,1906.0,543.0,-2.4563741934211056,-0.7378260945685426,187.83333073637812
903.0,580.0,359.0,1195.0,22.0,1284.0,-3.0310789672441043,0.034625888459414944,168.35175480498953
387.0,153.0,1793.0,1406.0,1067.0,165.0,2.5436956948785014,7.333829110514321,171.33301626863897
799.0,1392.0,771.0,1761.0,1877.0,939.0,1.4307199241642303,-4.255301973076372,184.83455849298002
1934.0,1486.0,1533.0,1229.0,851.0,1796.0,-2.5078270608244306,1.0944300072384971,191.56173574751728
48.0,1037.0,134.0,1185.0,1728.0,1141.0,3.5814487012839527,-5.360841152419528,173.0313945596254
788.0,598.0,455.0,1875.0,1090.0,761.0,-2.5718556758440694,-1.0480571021332676,174.69879305762652
412.0,1469.0,1410.0,1666.0,387.0,40.0,4.229743044325211,-0.5939516580374669,173.66209518503098
1275.0,1034.0,879.0,852.0,1733.0,985.0,-1.4012445538423572,-1.4796341706017233,180.87786115947816
384.0,772.0,1278.0,652.0,1344.0,37.0,3.60055263579664,1.2674590240192967,168.96715278945365
605.0,564.0,795.0,1080.0,1538.0,686.0,0.47706612341738613,0.4306615421106261,173.20175545328306
805.0,836.0,1679.0,24.0,1200.0,1366.0,3.8870197616400066,4.326621059516036,176.31441087604836
1973.0,282.0,609.0,606.0,1727.0,175.0,-8.329614490478912,0.2261583745055007,173.33571189045034
36.0,1992.0,1195.0,1531.0,1468.0,1997.0,10.265733291755247,-3.9839558193080458,187.88905544940454
440.0,317.0,881.0,1725.0,1223.0,1486.0,0.6209553964780243,3.3184930427534747,177.31217130533184
1135.0,1060.0,1950.0,271.0,1699.0,1089.0,3.3302776995487395,3.982605191055341,183.0415869732605
1572.0,1975.0,1255.0,1733.0,1551.0,1033.0,-0.18562759887598818,-4.374684092993606,193.01162187886248
1955.0,1196.0,1107.0,1328.0,663.0,1009.0,-5.213859725645096,-0.14196051903270354,183.35002995825732
172.0,1886.0,806.0,1447.0,609.0,1278.0,6.464472494563732,-4.966160897946138,177.66894487358778
771.0,750.0,1112.0,1368.0,1465.0,1080.0,0.8855363672409308,1.5839626286423723,179.80158979568495
106.0,1775.0,703.0,1777.0,1096.0,79.0,5.375993052492003,-6.314646079317947,174.18822528279748
772.0,1606.0,8.0,1870.0,857.0,1270.0,-0.6166751342193825,-8.152414067220954,178.62916316203348
1841.0,1484.0,1828.0,68.0,1891.0,1463.0,0.5455746868902533,1.4043627152811062,190.22230898552363
570.0,1204.0,1141.0,781.0,1653.0,770.0,4.012908299287993,-1.1122331029297061,177.50597683646816
1696.0,988.0,539.0,538.0,1996.0,152.0,-4.811268347020635,-3.877619153964827,176.25563328094233
353.0,496.0,126.0,1770.0,79.0,1444.0,-1.287536770131013,-0.6914808273539336,167.97816135943086
1900.0,273.0,901.0,8.0,1569.0,928.0,-6.197201861492099,2.5244509319922956,174.53915258804017
729.0,1405.0,1989.0,1177.0,1470.0,224.0,5.287022675283985,1.827673480412514,181.93949020255894
678.0,1153.0,262.0,1043.0,1873.0,246.0,0.19110195516999712,-6.004974269499698,172.9140519574172
904.0,348.0,207.0,325.0,1832.0,982.0,-2.5842336944977355,-1.479186158267213,169.6665547835448
1177.0,108.0,1230.0,1043.0,1413.0,437.0,-3.0786767709457443,4.783597606460819,173.75378150576603
1189.0,560.0,1524.0,320.0,399.0,1485.0,-0.18244127774014895,5.647416314840018,174.0923955242245
1281.0,1519.0,376.0,1762.0,1855.0,233.0,-2.7760594410579076,-7.49245473376593,181.91959153786027
127.0,1644.0,241.0,1416.0,1389.0,402.0,4.277163158907448,-8.05416261911789,172.51173882094352
1774.0,601.0,1477.0,1974.0,934.0,1513.0,-5.400375772980777,5.292163959413669,188.44686426780353
802.0,1562.0,1263.0,420.0,1526.0,1091.0,4.499160950672463,-1.908166978234545,180.28304385936184
37.0,522.0,1449.0,268.0,627.0,698.0,5.535594906468376,4.4038862600425155,164.32029720020986
1915.0,1323.0,1667.0,1774.0,1655.0,1600.0,-2.881162313235606,1.887063781689505,197.26958625388784
797.0,1606.0,285.0,665.0,685.0,793.0,0.9055657686077878,-6.2906125603269185,170.74019164899113
182.0,760.0,1270.0,136.0,411.0,1627.0,5.564887981761213,3.5529206293196856,168.37625295137371
279.0,986.0,1383.0,68.0,699.0,775.0,5.57608263960001,1.9228916564037444,167.44114015214956
606.0,1932.0,1429.0,130.0,172.0,217.0,5.518369832881521,-2.169900759254883,168.9671725581758
71.0,744.0,1674.0,282.0,482.0,1280.0,6.921755697433953,5.174412853533501,168.99044656226175
388.0,737.0,1011.0,727.0,1104.0,972.0,3.1401025986203326,1.258186161969085,171.45539065991568
797.0,869.0,1827.0,36.0,1242.0,1712.0,4.7025792620108575,5.266786098209505,179.1790095594876
1748.0,1647.0,107.0,605.0,1927.0,1639.0,-4.189923767339474,-8.531590369755175,185.16444023569633
933.0,1896.0,26.0,1279.0,1655.0,71.0,-0.2651062495815383,-10.848605240908075,175.61196334494824
324.0,503.0,686.0,1734.0,1929.0,1229.0,1.5869680296786928,0.39758458220719944,179.0695890381741
1074.0,870.0,1840.0,856.0,1673.0,651.0,1.9776599922315845,4.05532583337918,181.853474311211
998.0,230.0,135.0,582.0,1945.0,952.0,-4.006799456643501,-1.380508002525787,170.8876160858773
1692.0,1858.0,65.0,1788.0,1419.0,1944.0,-4.864009757006252,-9.635692654235752,190.742564695688
1141.0,325.0,120.0,527.0,1834.0,709.0,-4.631074193482581,-2.047392391103842,169.88475731601983
970.0,102.0,782.0,197.0,1376.0,420.0,-2.2044640430791165,2.41121488454502,165.7877577592046
1428.0,875.0,328.0,90.0,1029.0,298.0,-3.837259829847289,-3.191853460877713,166.75502423322274
1907.0,1072.0,600.0,445.0,449.0,1763.0,-5.472253744103535,-1.1762784380655322,178.00944992167632
929.0,1036.0,1003.0,126.0,927.0,1513.0,1.6456631828796144,0.35935566362383775,174.53998127977567
1971.0,1032.0,528.0,485.0,1782.0,1741.0,-6.029278355123647,-2.7281487425436453,184.69362986728171
1232.0,1404.0,769.0,33.0,1712.0,1053.0,0.545920084291489,-3.7738268788510876,177.91749713462647
475.0,1272.0,162.0,1156.0,102.0,1287.0,0.9070617637498863,-4.435012128952117,168.8710430180193
766.0,916.0,1774.0,109.0,48.0,509.0,3.140979699979642,4.218627684690071,167.12833158910772
1023.0,390.0,1412.0,1495.0,1578.0,825.0,-1.052046950352962,4.760934767181927,180.6045741284341
1022.0,20.0,218.0,366.0,759.0,452.0,-4.638803380763604,0.6531913744405987,160.53141382300782
583.0,1190.0,1290.0,454.0,1204.0,1915.0,5.103814570347311,1.157021433398727,180.1067065564655
1034.0,411.0,721.0,1614.0,429.0,1890.0,-3.3462245632210363,2.954136948520116,177.36609807335816
846.0,327.0,956.0,971.0,1200.0,1189.0,-0.9909809179057464,3.244977511286745,174.29999624967658
810.0,1558.0,1348.0,1329.0,1722.0,1264.0,4.202603777155718,-1.550465500122351,187.39149236431365
1761.0,1912.0,1612.0,400.0,1862.0,454.0,0.7860719639595062,-2.754499416911419,187.24243418507936
979.0,237.0,624.0,1614.0,590.0,818.0,-4.155411539514222,2.1691471348608116,170.9841680082526
1606.0,1960.0,1867.0,675.0,1651.0,695.0,2.318300772276693,-1.3267032989935068,189.61796515883788
185.0,1415.0,251.0,107.0,719.0,1672.0,4.807977251807822,-4.885809449915625,168.17143012944467
1542.0,1101.0,988.0,38.0,266.0,1891.0,-1.72028112107939,0.8973490311689882,176.00277580933508
920.0,267.0,387.0,1873.0,1291.0,546.0,-4.5894505025519585,-0.03319756133611196,173.16096523541398
32.0,864.0,1569.0,575.0,1095.0,479.0,6.828216008835282,2.8558213349258,169.53267459994038
1769.0,1809.0,264.0,1986.0,958.0,1852.0,-5.289379355342584,-7.768344564364507,190.1866463876094
342.0,441.0,162.0,91.0,80.0,120.0,-0.1937829610694143,-1.1757875932232456,152.37736174728303
411.0,1303.0,1480.0,1328.0,436.0,320.0,4.481128680051811,0.7501354823509738,173.133882439891
369.0,1029.0,1605.0,1964.0,680.0,1628.0,5.090765743352521,3.964351156456577,183.35052892179291
686.0,1511.0,493.0,949.0,1363.0,1688.0,2.544736843072504,-5.148247914123491,180.39190373132584
1533.0,448.0,103.0,1692.0,1677.0,1661.0,-8.17627501065577,-1.9513332803660215,182.42491741565502
501.0,845.0,1366.0,307.0,1540.0,1151.0,4.610007915575261,2.294345048764534,175.33339972137247
1903.0,1098.0,1609.0,1183.0,1825.0,198.0,-3.431318452281458,1.1706094691734243,186.2632991133182
743.0,1608.0,1958.0,328.0,756.0,289.0,5.757073706634808,1.2015894700228402,175.1553565175667
1834.0,1883.0,58.0,807.0,1072.0,1616.0,-4.617102192661271,-8.979194741037418,183.0325667114222
111.0,124.0,1894.0,1694.0,1861.0,1595.0,5.875908467728634,9.732054458801384,183.0045427426834
4.0,1510.0,226.0,275.0,1998.0,1107.0,6.456928440967107,-7.412184512346192,171.90394022082074
1879.0,798.0,1199.0,1361.0,734.0,686.0,-5.765342827023653,1.9658652792343976,180.1888104539915
805.0,127.0,251.0,734.0,430.0,437.0,-3.6501285423821983,0.5884660595362103,160.30510976222814
1362.0,502.0,20.0,1193.0,747.0,1419.0,-6.678825803099013,-1.888110515689968,172.8345151856603
1601.0,587.0,420.0,1353.0,952.0,1189.0,-6.883378255157322,-0.6565756143364587,177.2821868293613
1458.0,387.0,639.0,35.0,374.0,75.0,-4.59294575815442,0.8383865244695042,161.2014649080018
1861.0,345.0,709.0,1234.0,1350.0,362.0,-8.161831987174875,0.9538148135599991,175.90765501004208
647.0,472.0,1298.0,207.0,906.0,1733.0,2.527467430937949,4.890196427933311,172.988702100031
1475.0,954.0,502.0,1824.0,940.0,715.0,-5.512121736589088,-2.550864905405813,178.90506471518785
1673.0,306.0,268.0,1719.0,873.0,400.0,-9.202068093302415,-0.6142452927337072,172.59178821167507
1070.0,1183.0,1726.0,1475.0,1206.0,1472.0,2.252304764211662,3.164479953722031,187.9398066600134
1488.0,586.0,1797.0,1206.0,72.0,277.0,-2.6636778389088858,5.842278622197751,173.7747001653921
376.0,507.0,320.0,945.0,1231.0,332.0,0.045342835048673036,-1.7281591195764876,165.14134083047784
340.0,692.0,715.0,1426.0,1030.0,951.0,1.7283375183355205,0.048686494759814194,172.60879262859834
1686.0,266.0,879.0,1636.0,783.0,92.0,-7.568946411109368,2.403743080762177,173.21816230248157
1344.0,529.0,1636.0,1096.0,280.0,1555.0,-1.7077409368683287,6.724487694991405,178.9904716793761
1591.0,560.0,999.0,589.0,765.0,1617.0,-4.123793649881512,2.98410834260802,177.4671851663687
1544.0,1014.0,1445.0,11.0,460.0,1866.0,-0.5924396732237527,3.3603838752785506,178.62245665470564
1266.0,876.0,1068.0,1780.0,1058.0,590.0,-2.748720735131383,0.5790130940707419,180.22839942848873
588.0,726.0,1481.0,618.0,230.0,198.0,2.286902698742166,3.401376227783917,165.74376389450683
408.0,1810.0,1838.0,874.0,1771.0,892.0,8.979705970732137,-0.6397776066777727,184.80093949763128
203.0,1596.0,810.0,755.0,1670.0,349.0,6.034917775320601,-5.1085574809306,173.4483700328118
1831.0,43.0,1396.0,1481.0,1670.0,1497.0,-6.956270560591071,7.290074464995036,186.4242536506627
808.0,1957.0,27.0,665.0,1948.0,1651.0,2.3148414979382044,-10.670143793801653,181.84032579225016
586.0,1063.0,1846.0,1767.0,1638.0,528.0,4.633692721714911,3.177486366604957,184.18594582898308
241.0,1347.0,1210.0,762.0,1064.0,255.0,5.667874301778731,-1.3835614845579411,171.00964641647514
1897.0,1824.0,1876.0,503.0,635.0,412.0,-0.23309909342574406,0.04409354201067561,182.9248923422042
616.0,1244.0,1440.0,679.0,1767.0,1414.0,5.387325418391267,0.7243722258832631,182.82278830482147
1622.0,313.0,1339.0,32.0,1107.0,23.0,-3.6510428170833,3.7210017938479427,168.73375133337004
1372.0,972.0,185.0,546.0,572.0,1698.0,-3.993556901765745,-2.946470014211775,173.45354227194747
1457.0,954.0,19.0,1426.0,1302.0,1811.0,-6.010206711502117,-4.6717423569387675,181.7231938721861
1328.0,1985.0,212.0,709.0,1424.0,835.0,-0.9029711538891197,-9.472756868283525,179.06474616255318
800.0,1804.0,210.0,1058.0,1687.0,1716.0,1.9686886357020084,-8.671851628120454,183.1958805348352
209.0,994.0,1970.0,454.0,42.0,712.0,6.639432695490746,5.060417274604475,168.2261587571924
1819.0,1013.0,1388.0,264.0,846.0,1878.0,-2.4904712627047054,2.821374523684991,183.11627282053084
496.0,804.0,537.0,1815.0,181.0,1636.0,0.12495830821805298,-0.10501811523859206,174.1940052807731
1865.0,1056.0,1959.0,841.0,240.0,997.0,-2.2193324050754026,5.02906960570221,181.77258738120454
948.0,859.0,0.0,1050.0,9.0,631.0,-3.5761781810782938,-3.494493598191089,163.9074791656285
788.0,1630.0,614.0,1854.0,1291.0,1573.0,1.7002796218531675,-5.37518839215967,185.88449445317227
142.0,1484.0,612.0,1125.0,713.0,670.0,4.714210780076121,-4.34112973115444,170.2973284895118
692.0,442.0,186.0,20.0,1079.0,1468.0,-0.8733657314070813,-0.9225566796885212,166.03112047879577
344.0,76.0,1534.0,533.0,660.0,181.0,2.345107633222272,6.312967666927831,162.93222834255445
883.0,830.0,574.0,1385.0,44.0,1085.0,-1.878963064056459,-0.33678782280533415,170.74769446354674
1562.0,248.0,331.0,1728.0,125.0,1964.0,-8.45777895735085,2.0747428268951866,176.3278235692385
641.0,1486.0,611.0,1393.0,969.0,390.0,1.6183327402642347,-4.895912762038632,174.20566825524836
1849.0,1542.0,1890.0,1870.0,1976.0,1027.0,-1.2383068160910047,1.0964470135762445,198.4280992716799
130.0,937.0,1925.0,821.0,842.0,1077.0,7.632752233424162,5.136021050065582,175.1680030839078
228.0,1953.0,1119.0,572.0,1187.0,1539.0,8.573261317319757,-3.9687410131845557,179.61478000609912
420.0,970.0,1493.0,45.0,1498.0,253.0,5.297913482504282,1.369276152453152,169.9617753108198
822.0,931.0,103.0,576.0,539.0,1250.0,-1.397796172516033,-3.4236610427238654,167.72281382019688
604.0,569.0,1258.0,294.0,232.0,1438.0,2.2691718297416257,4.3762487889558646,168.53888737427383
799.0,1724.0,1462.0,1614.0,1648.0,620.0,4.375086785913021,-2.3099431597580264,186.498308388539
1586.0,713.0,675.0,1457.0,1320.0,341.0,-5.899705226142221,-1.0681342092338197,177.26133999660598
1938.0,516.0,895.0,321.0,257.0,773.0,-6.370958420490541,2.2115569016971945,170.01845830936418
629.0,105.0,771.0,1501.0,1218.0,603.0,-1.7482678978492272,2.889165657863735,170.8649986928102
1113.0,257.0,299.0,1082.0,1357.0,1515.0,-4.7763806003672435,0.36534758691353664,174.93522351157475
1264.0,1772.0,348.0,312.0,1404.0,305.0,-0.5699868732703464,-7.808378287512626,173.55946046382724
1769.0,263.0,1304.0,953.0,910.0,1626.0,-5.585481617185159,6.047254450209078,180.90713632156937
1049.0,369.0,362.0,549.0,403.0,290.0,-3.8375054988379604,-0.13329378433144365,161.52801438909017
53.0,1798.0,1932.0,711.0,1787.0,1545.0,12.124658550283854,0.49723209416756947,185.68427875401107
525.0,1669.0,1181.0,1036.0,1492.0,1907.0,6.356763459404883,-2.292393678794094,186.11676969145833
293.0,48.0,1603.0,882.0,1330.0,1953.0,4.085941081284865,8.90819001830309,177.07097144657516
518.0,783.0,1031.0,254.0,554.0,1881.0,3.2318717082415107,2.419569894366911,171.79825968763114
25.0,105.0,1672.0,770.0,1820.0,579.0,5.530682651815042,6.888312663403736,171.24732655576474
1115.0,1965.0,1667.0,1172.0,1877.0,1852.0,5.238690445285181,-1.6877829226797152,195.69280549467004
602.0,1279.0,618.0,307.0,277.0,1058.0,2.255198732190513,-2.4128374945476576,167.31927357071055
621.0,1882.0,432.0,136.0,341.0,1004.0,3.4324205368597984,-6.151482644983301,168.52000435014475
665.0,63.0,788.0,766.0,295.0,1787.0,-1.1075114138688846,4.976909422365029,168.36655818224992
1078.0,1284.0,1576.0,470.0,1935.0,1242.0,3.2864616883221776,0.9148320396897778,185.08904293719723
684.0,1990.0,1675.0,535.0,1726.0,1329.0,7.9474720873193245,-1.999171608918413,186.65167452637183
630.0,262.0,1218.0,87.0,59.0,302.0,0.6528671124590376,4.404154499433978,159.09596061209174
1905.0,894.0,608.0,1173.0,1134.0,992.0,-6.97264506250265,-1.5992136402809167,180.385633335188
609.0,694.0,1951.0,1949.0,1462.0,816.0,3.6126040423990777,6.209462357333038,184.37534427544546
1387.0,273.0,393.0,940.0,323.0,304.0,-6.339796564595387,0.5443200310898363,164.46586418639416
1328.0,1842.0,907.0,1121.0,130.0,1166.0,-0.22388069182882422,-3.6711740597824702,179.45362744613436
299.0,963.0,227.0,1186.0,1588.0,1937.0,2.4886067282163986,-3.7650040710377346,177.92545289969496
179.0,1089.0,1651.0,307.0,341.0,187.0,6.113491350514642,2.378648079901047,165.14259717653425
1956.0,1015.0,1909.0,1468.0,1196.0,121.0,-3.693157639355675,3.5215056509050093,185.42673658208588
410.0,1570.0,255.0,1136.0,1886.0,410.0,3.0151211187429348,-8.122108225123121,174.8563868021121
1164.0,540.0,1164.0,667.0,797.0,1591.0,-1.2896592938503462,3.885229745278084,176.49614662448798
76.0,827.0,1696.0,1644.0,767.0,1907.0,7.09679342782613,5.724327453086366,181.30663789171587
772.0,679.0,1023.0,1678.0,232.0,1568.0,-0.3262736496395656,2.981756902968903,176.65621327560845
1095.0,386.0,1580.0,1198.0,56.0,1897.0,-0.8874923457301986,7.730276516123636,177.71699966147287
480.0,210.0,1847.0,658.0,239.0,1092.0,3.035266083779433,8.587687249741354,168.91485260800783
756.0,454.0,1620.0,905.0,1825.0,1015.0,2.242157311795488,5.4237379927205165,179.77934648124884
1664.0,1790.0,202.0,1585.0,1484.0,1411.0,-4.3522159110012435,-8.732968248129783,187.577312116798
1796.0,1388.0,1343.0,1012.0,1412.0,546.0,-2.55378321498433,-1.0022700061146699,184.68087288721551
333.0,912.0,273.0,72.0,482.0,215.0,1.6247891199298485,-3.094630626296368,157.7409889213832
1378.0,1367.0,1786.0,300.0,973.0,1774.0,2.271885615673287,2.8460217907747865,185.04232026763202
748.0,1907.0,593.0,1547.0,1453.0,1265.0,2.940583817713594,-7.274397953430718,184.5163567092704
721.0,768.0,1360.0,1444.0,838.0,148.0,0.9687435769635243,2.297399853476047,173.20931902838268
696.0,828.0,1909.0,100.0,1084.0,434.0,4.323139918349792,4.490632450941389,171.86004786479282
479.0,1296.0,702.0,1217.0,914.0,270.0,2.303805225085199,-3.492720386641825,171.09122927498967
1532.0,298.0,156.0,1831.0,1550.0,590.0,-8.80322607804187,-1.6127300063098087,176.3494418586104
772.0,1319.0,717.0,323.0,140.0,1072.0,1.62098762615517,-1.9835217198190318,168.38338866456988
787.0,736.0,1432.0,66.0,1948.0,1904.0,3.73350553705827,3.6619729084222596,181.28562456300483
491.0,1135.0,1880.0,129.0,1792.0,1195.0,7.379841033905168,3.2604916997538944,179.8229613970436
1741.0,1102.0,1494.0,1682.0,1309.0,768.0,-3.365966245353194,1.586880087120217,187.74384856235253
823.0,1696.0,868.0,178.0,845.0,1661.0,3.749295527576672,-3.3991876356837487,177.1892126590436
451.0,444.0,1247.0,656.0,192.0,1083.0,2.158662499896681,4.635392931042985,166.88483238238564
1036.0,1761.0,1934.0,1689.0,1836.0,28.0,4.114854133033186,-0.7056881147766254,188.634797816644
454.0,20.0,1780.0,128.0,1405.0,216.0,3.133701077817472,7.244918519027015,166.29675489805032
1522.0,1051.0,557.0,881.0,1631.0,1745.0,-3.6571242875663814,-2.5734553256098027,184.05176054968075
1978.0,1293.0,1984.0,1867.0,1875.0,1722.0,-2.3229839353374166,3.8329592572430307,201.28891969581852
1320.0,387.0,462.0,327.0,1657.0,1505.0,-4.091365808487931,0.2548377355457531,175.10701775828903
908.0,1293.0,516.0,5.0,102.0,773.0,0.42829836435449636,-2.8965368898362254,164.52119606818735
1482.0,1652.0,974.0,689.0,608.0,499.0,-1.0667103118880106,-3.317221374789666,176.43603397569873
1566.0,1700.0,571.0,538.0,351.0,1659.0,-1.9785643675353737,-4.419354844611666,178.82621982802746
1920.0,569.0,162.0,316.0,1501.0,306.0,-8.043110842118885,-3.0276268388803262,170.2269968115609
1081.0,587.0,1775.0,409.0,571.0,1820.0,1.3884081111882014,7.064402216400355,177.9376896417461
913.0,1340.0,1090.0,1564.0,1755.0,1534.0,2.029762410172738,-1.593279321287419,188.31347260750923
624.0,1723.0,1466.0,746.0,985.0,1568.0,6.318384077094526,-0.802219782898273,182.52432446272385
742.0,349.0,1029.0,1627.0,440.0,977.0,-1.2585051590035032,3.9379000830818383,172.56490512524957
1334.0,799.0,466.0,291.0,464.0,1352.0,-3.277911879611345,-0.815939525912833,170.22742833845214
671.0,1278.0,539.0,1424.0,1251.0,1376.0,1.3561240889494357,-3.8501765831717742,179.70243779149706
41.0,1489.0,464.0,254.0,979.0,1715.0,6.576993430709092,-4.515525074821125,171.16105532001924
267.0,1144.0,1150.0,1539.0,394.0,172.0,3.614423397248896,-0.16909497061701179,169.99532256005483
1579.0,1267.0,1026.0,1877.0,81.0,152.0,-4.220078910795608,-1.1004134313803227,176.72463999838263
248.0,1545.0,512.0,1351.0,892.0,29.0,3.468493435648755,-5.7980218792178295,169.36676308695544
414.0,654.0,106.0,1694.0,1180.0,1992.0,-0.3307722606945589,-2.3347487439909314,177.16714442700197
350.0,1650.0,1838.0,307.0,1413.0,1831.0,9.726907268764865,1.3506865714930592,183.6418673255211
1817.0,1504.0,679.0,701.0,328.0,852.0,-4.107980954001123,-3.4638854922202786,176.22031528671732
975.0,1452.0,729.0,870.0,810.0,1048.0,0.7281262815419894,-3.4037966161799336,176.3357556944982
1393.0,714.0,185.0,254.0,558.0,1795.0,-4.458392202582656,-1.5230606170121472,171.1428518524738
710.0,415.0,479.0,77.0,444.0,346.0,-1.0378164550783497,0.20026801364124006,158.75757420405637
350.0,1170.0,8.0,1369.0,241.0,109.0,0.07214403438573824,-5.6028047500282785,162.5647734883987
1450.0,467.0,1737.0,753.0,655.0,1213.0,-1.8072028281134547,6.801589272235546,178.15168221800022
1339.0,1060.0,1229.0,831.0,785.0,498.0,-1.2823820822121044,0.5608626108137817,175.6538431037099
991.0,96.0,1644.0,62.0,1295.0,1165.0,0.5147770386026947,7.518757826616043,172.80259871576135
1503.0,1795.0,696.0,1666.0,1334.0,285.0,-2.4114148060301446,-6.587105446629231,183.3164396889429
405.0,1175.0,1762.0,71.0,1763.0,1209.0,7.683166629285928,2.4827741846322873,178.59405408107474
1360.0,163.0,368.0,1387.0,902.0,577.0,-7.024204176572729,0.7403689194366878,170.30427187852302
128.0,1823.0,108.0,483.0,1324.0,977.0,5.514879526226453,-8.868372255201548,170.4349458748216
483.0,899.0,483.0,1200.0,1101.0,1055.0,1.116859773541791,-2.1939689226452903,172.9439177491009
924.0,1290.0,1193.0,1810.0,97.0,725.0,0.38487660633139,0.07693242362681718,177.143009720891
179.0,1141.0,985.0,1046.0,1446.0,1193.0,5.648947334697703,-1.0464920971747746,176.7800343371372
775.0,727.0,694.0,249.0,1300.0,657.0,0.3904924270573417,-0.7349871367668287,168.71838055079752
860.0,173.0,1721.0,661.0,435.0,600.0,0.3247733273412446,7.436935932101385,168.68142289435073
1663.0,468.0,359.0,400.0,1159.0,1228.0,-6.408897059699297,-0.4843744530272183,173.03149235342337
1482.0,296.0,1698.0,577.0,421.0,1161.0,-2.48561493317301,7.437377984674877,174.76824424674987
608.0,373.0,308.0,1613.0,210.0,692.0,-2.724414916745628,0.10878290467314783,165.57537560484886
1049.0,1897.0,760.0,1130.0,1175.0,26.0,1.0302576236982244,-6.578496504046211,176.9200751802884
659.0,1779.0,1045.0,1234.0,1763.0,1486.0,5.16081583487407,-4.263907075907346,186.93681438178243
121.0,165.0,139.0,559.0,1794.0,16.0,0.5314404163280564,-1.7113517722199116,160.3548913030851
1391.0,1605.0,1452.0,750.0,1908.0,1811.0,2.0133687285106,-0.9244989602505415,192.01515681876276
1866.0,1510.0,1951.0,1313.0,765.0,1442.0,-1.032779038914948,2.9066380211238085,191.65144662037056
420.0,1597.0,689.0,275.0,1088.0,751.0,4.694001963890062,-4.6829316048145735,170.65110364354481
465.0,656.0,1722.0,1884.0,535.0,305.0,2.667074885848931,5.1171052983762975,174.5316206596856
1682.0,1354.0,1249.0,406.0,680.0,157.0,-2.0082525118206513,-0.9508735612376019,174.52789830740662
1489.0,1955.0,1039.0,639.0,847.0,126.0,-0.11409695036995582,-4.944946342265423,177.3432998792543
102.0,361.0,1326.0,625.0,612.0,601.0,4.0503823669192975,4.576723140576556,164.53288016638461
583.0,1829.0,1479.0,182.0,1639.0,689.0,7.1064677112534556,-2.572506781533722,178.72539640648085
1082.0,899.0,1932.0,1783.0,1807.0,1381.0,1.9641609079400486,5.411422823995864,191.740701587288
1595.0,1205.0,667.0,1515.0,1171.0,1132.0,-4.404651277887466,-2.883537951623067,183.4980168139857
328.0,549.0,1344.0,715.0,593.0,1278.0,3.7678410213058884,4.553317373587374,170.6406072629659
1757.0,691.0,49.0,1331.0,927.0,1676.0,-8.538555299292195,-2.740773758921436,178.81817917372496
1825.0,869.0,1280.0,9.0,942.0,527.0,-3.2905301740276864,1.5447733930820864,174.07751375269697
274.0,1488.0,962.0,917.0,1180.0,155.0,5.084349027459101,-3.4745339956044585,171.4826188649555
1680.0,454.0,1436.0,745.0,1846.0,1493.0,-3.598534495505664,4.951794004794773,185.33729046588329
1128.0,300.0,562.0,1920.0,148.0,1451.0,-5.344237505124863,2.525210435446862,174.22149500911706
1624.0,896.0,998.0,1958.0,1526.0,913.0,-5.024142200298707,0.008394226056902598,186.75073003348376
289.0,685.0,986.0,1301.0,1896.0,1337.0,3.791902064384943,1.153342837936763,179.4683138800395
779.0,1171.0,249.0,1807.0,473.0,344.0,-1.8356995126083242,-4.695364225991945,170.73383348205832
1070.0,1844.0,1886.0,1561.0,185.0,725.0,3.386443091993525,0.6890502742504229,183.46623908630772
1797.0,1878.0,105.0,1827.0,1974.0,331.0,-5.665430744529695,-10.940642710941372,186.07012500201571
1492.0,1074.0,363.0,891.0,1105.0,1418.0,-4.247648350566424,-3.405993496678874,178.61632693434873
523.0,654.0,48.0,1785.0,532.0,695.0,-2.215887755687568,-2.931485739809237,167.78529728326998
249.0,1251.0,165.0,1464.0,1409.0,1298.0,2.7411114003710693,-5.94989712881053,175.94265090878977
1253.0,1691.0,146.0,1419.0,972.0,747.0,-2.5466457653857804,-8.076753234797982,177.79931716896618
1559.0,1827.0,846.0,1785.0,756.0,686.0,-2.415542938419908,-5.096459025931956,184.34578346357745
1057.0,847.0,249.0,323.0,321.0,917.0,-2.4477263730872605,-2.268438119841409,165.11747765391948
1282.0,1330.0,1159.0,12.0,460.0,1586.0,0.8321672120578459,0.1796435012067059,176.06233881487321
961.0,397.0,1611.0,1036.0,128.0,446.0,-0.5401745798694205,5.9782691206972025,169.44003877783157
185.0,495.0,1055.0,1992.0,1147.0,615.0,2.4519596248232904,2.481833800888931,174.26165374204652
588.0,1985.0,1329.0,1977.0,1722.0,1469.0,6.586074318494539,-3.935879787333551,192.58290684586655
699.0,792.0,34.0,316.0,1913.0,1088.0,-0.4835860504087157,-4.645145359326673,170.85632215266688
660.0,1375.0,1611.0,1484.0,580.0,542.0,3.8253940157463546,1.1382787658347124,178.19576691697225
1936.0,1369.0,1042.0,168.0,13.0,981.0,-3.5195878280217956,-0.6310600537201811,174.3692116494812
1256.0,1547.0,505.0,1326.0,1006.0,719.0,-1.8289249210009904,-5.554249703731671,178.67082157241427
1225.0,189.0,852.0,1146.0,1716.0,1983.0,-3.8076912687243314,3.933876062053208,182.58428301240397
1331.0,1421.0,1921.0,11.0,1303.0,591.0,2.840445998339498,1.752862600769155,179.89300719656006
185.0,1408.0,855.0,1386.0,1099.0,1357.0,5.627677953590047,-2.699252332029876,178.30305433018088
307.0,689.0,1975.0,1682.0,1355.0,1066.0,5.856052064597196,6.633481788548512,182.15779303717758
92.0,1990.0,297.0,571.0,1602.0,1129.0,7.042664158728455,-9.099667702712226,174.65373526118694
33.0,703.0,971.0,357.0,402.0,1011.0,4.758788406899619,1.8141535612770134,163.8103298347882
323.0,1516.0,1285.0,1879.0,1084.0,786.0,5.587437639240402,-1.4843791573257954,181.31899035969397
143.0,159.0,207.0,500.0,435.0,1889.0,0.9137728202913358,1.5376973821953872,163.15177627299641
460.0,148.0,1971.0,1939.0,1181.0,747.0,2.6564238305476056,9.2559105512536,178.81570563473358
880.0,1630.0,490.0,1791.0,732.0,1260.0,0.27793568288994686,-5.551468798824117,180.86984012481486
462.0,160.0,291.0,1006.0,148.0,1430.0,-1.579134615949579,1.7947513998516835,164.00469783791675
330.0,308.0,1068.0,274.0,1154.0,140.0,2.321680421782659,2.655057429345952,162.8227561925628
497.0,534.0,942.0,65.0,1045.0,810.0,2.2209137229249065,1.741361605523059,166.05000323508753
188.0,1092.0,1206.0,1947.0,1282.0,269.0,4.57199698152234,-0.30939608055311446,176.7559647658905
1420.0,1831.0,1925.0,612.0,1923.0,549.0,3.338250097883333,-0.7463801358793327,188.5697359028713
1484.0,236.0,1662.0,405.0,1582.0,1607.0,-2.0010124441233845,7.471186253943856,181.70500413881592
1489.0,114.0,84.0,182.0,194.0,378.0,-7.040605378606567,0.031043428616043048,158.3184661698486
1920.0,862.0,195.0,1895.0,185.0,1362.0,-9.463318423839727,-2.400504345610167,178.62163665648697
65.0,800.0,1410.0,897.0,1115.0,817.0,6.10073038346665,2.796054449899395,172.13302173873498
1796.0,983.0,517.0,580.0,104.0,504.0,-5.8115623984448455,-1.7743940402845766,168.95024512605258
44.0,1049.0,1832.0,321.0,1380.0,1077.0,8.986386422996645,3.6382092485796784,174.9483745718752
333.0,1228.0,68.0,1839.0,1164.0,380.0,0.7810382590770271,-6.696333146997153,171.62282542485718
1670.0,49.0,1274.0,1165.0,38.0,1983.0,-6.09696372663471,7.978055020435411,177.33254377494336
1593.0,41.0,1091.0,672.0,59.0,401.0,-5.855955391132626,5.086685371810277,165.57362738150306
1964.0,67.0,471.0,678.0,1085.0,228.0,-9.375462031722053,1.164515824187202,168.70950365099037
886.0,1632.0,466.0,880.0,514.0,252.0,0.37161772120646736,-5.716300993957159,169.73056660492773
593.0,876.0,1555.0,1695.0,1739.0,400.0,3.1654715848366295,2.4043648825192476,181.30955475743886
369.0,1624.0,1671.0,1229.0,523.0,940.0,6.84179066729332,0.607086287727318,178.58073721775844
98.0,470.0,351.0,1970.0,748.0,1975.0,1.3711972768677105,0.43601866133773837,174.94617494973414
85.0,737.0,898.0,1290.0,1211.0,37.0,3.499405693373846,-0.2510039282096552,167.89639476689123
629.0,1487.0,1075.0,199.0,1240.0,24.0,3.9492636376121357,-3.002531918218566,169.87379978208006
1500.0,1125.0,1564.0,620.0,917.0,1469.0,-0.3204112100172345,2.723004149953032,183.12082873127008
340.0,256.0,78.0,252.0,1988.0,862.0,0.1874476806661326,-1.911754522317941,165.43040086149122
1464.0,53.0,1345.0,733.0,1691.0,100.0,-4.19284305513309,4.958508093994311,173.55407340962367
582.0,1260.0,924.0,1413.0,17.0,1072.0,2.014890998899023,-0.7188085101427539,173.15296953310227
1345.0,446.0,565.0,1074.0,282.0,1578.0,-5.046024212454077,1.758274254754758,173.1500416396595
626.0,1983.0,1562.0,1789.0,126.0,103.0,4.635236578152396,-2.041961726034368,177.76514711067915
1819.0,1872.0,1116.0,506.0,1076.0,176.0,-1.6530017450930665,-4.383979810672601,179.7814227793445
474.0,44.0,4.0,97.0,284.0,967.0,-1.8596079999645967,0.4253589385160059,155.625067360897
187.0,1686.0,125.0,1250.0,1088.0,199.0,3.4637822107582594,-8.488388351020905,168.95846498345122
120.0,1376.0,46.0,226.0,627.0,1164.0,3.9645864673143443,-5.900061182658235,164.09438830986636
1628.0,1345.0,1578.0,1620.0,671.0,750.0,-1.9166642178956623,1.2561908915992281,185.17668952585066
370.0,501.0,971.0,378.0,109.0,422.0,1.7890525086052445,2.398940676953254,160.159063263876
1415.0,937.0,798.0,1232.0,605.0,123.0,-3.9242239969862966,-1.0965418559335798,172.28688976615567
195.0,11.0,586.0,770.0,1007.0,220.0,0.4126952546924291,2.0592934212407314,160.37320414100446
249.0,1720.0,1024.0,1801.0,337.0,829.0,5.304495229659927,-3.0816410907997884,176.55508030039144
671.0,658.0,1095.0,516.0,1545.0,1944.0,2.5345379183045242,2.692805411479926,179.10681206116246
797.0,1993.0,1248.0,366.0,667.0,1058.0,5.097589001567201,-3.242454299058826,177.45824583898806
1416.0,1797.0,1806.0,1910.0,442.0,626.0,0.8404548701469212,0.2097194477480453,187.2645838483181
394.0,1285.0,428.0,1484.0,1033.0,954.0,2.2708445736513374,-4.527723098083261,174.68353313772542
1364.0,1367.0,1348.0,387.0,1266.0,1953.0,1.2196165864770077,0.5131110571180466,185.64912965647778
87.0,393.0,1406.0,462.0,1320.0,675.0,5.167123654094911,4.405738759756165,168.1770364500245
1703.0,1162.0,1920.0,1367.0,88.0,359.0,-2.0671769635488126,3.842329668983539,179.9547975682558
838.0,680.0,748.0,426.0,505.0,141.0,-0.7586297162364553,-0.015925340938076987,163.24023182313147
752.0,606.0,1583.0,996.0,271.0,85.0,0.9848262678034726,4.352123283471325,168.04969277229787
78.0,1558.0,751.0,693.0,429.0,1868.0,6.759034239250629,-2.7999110659052993,173.45783989565143
874.0,1088.0,1069.0,1722.0,542.0,101.0,-0.2835222203222435,-0.48630049373493045,173.82382826741267
1209.0,1050.0,1413.0,267.0,645.0,174.0,0.2656335290034449,1.2333996836470618,170.56910103626535
1907.0,287.0,1640.0,1096.0,823.0,1808.0,-5.495097707521999,7.98585467222182,184.57518901849
1769.0,1161.0,1205.0,270.0,749.0,827.0,-2.6882340191792067,0.27935972198312053,176.85453349214146
901.0,855.0,1807.0,1846.0,1926.0,290.0,1.9027206404034083,3.646289746966575,185.24668440077863
760.0,1473.0,104.0,354.0,330.0,1053.0,0.5039418723463939,-5.823003242287939,166.84611313819144
1667.0,224.0,1359.0,1630.0,1368.0,1613.0,-5.703514934242115,6.460836124719195,186.2586004892127
434.0,1778.0,1230.0,1020.0,944.0,1361.0,6.506092821785073,-2.451897611434582,180.7124854469287
1963.0,1138.0,1602.0,205.0,942.0,1032.0,-2.515439059864644,2.3319396470537384,181.4774251271448
618.0,359.0,1547.0,1499.0,1148.0,1959.0,2.184375555997376,7.26086078238166,182.55065431611953
250.0,1551.0,331.0,116.0,261.0,1320.0,4.454312802358823,-4.80213035557286,165.51094326582847
772.0,499.0,276.0,1468.0,1529.0,1744.0,-2.2907498331419536,-1.0456441856284069,178.456282135731
1460.0,1935.0,1565.0,771.0,1836.0,173.0,1.9190194808608032,-3.337212693142124,185.85762075743048
52.0,523.0,1131.0,399.0,1610.0,595.0,5.165471339568669,2.1105354483378496,168.07077437314052
1582.0,1750.0,1800.0,1666.0,130.0,1252.0,0.13032577031035408,1.2550680179318328,188.20629593824313
68.0,1644.0,1280.0,1895.0,1112.0,251.0,7.011654422142025,-2.6357384432045867,177.9521674066517
1131.0,3.0,396.0,333.0,1235.0,570.0,-4.615912740874653,1.3069173891711166,164.80949038545316
1825.0,1906.0,679.0,1343.0,86.0,45.0,-4.173852719266413,-5.739231066079524,176.07470102756488
118.0,1296.0,1524.0,41.0,1466.0,1866.0,9.35898850497886,1.5311393868250862,178.07781247600195
718.0,1533.0,682.0,1704.0,1530.0,25.0,1.357734182236657,-5.712527421982327,177.7496548454904
1476.0,507.0,1070.0,136.0,1568.0,1639.0,-2.5906655459630876,2.9717590278813653,178.91121870110365
428.0,133.0,1022.0,1984.0,783.0,1373.0,-0.005400295981139558,5.310771283262341,175.40272349852253
850.0,1295.0,961.0,658.0,513.0,1766.0,2.1203829322724674,-0.5714691036601502,177.16078241903318
304.0,121.0,325.0,834.0,1699.0,1243.0,0.16277449675742972,0.6715100145340799,169.3673238675833
1478.0,663.0,247.0,1803.0,457.0,1101.0,-7.152900957133353,-1.5724333420652061,175.3949244231215
1513.0,1722.0,100.0,1846.0,981.0,1758.0,-4.306871288575127,-8.207614757863757,186.49098304914017
1437.0,262.0,841.0,400.0,1101.0,1676.0,-4.214181847347049,3.4768623317732406,175.352841390673
888.0,917.0,1892.0,832.0,483.0,461.0,2.4543324533592057,4.600662694034145,174.12296790310037
371.0,1951.0,706.0,1547.0,193.0,498.0,4.1310330738739,-5.7737870954922865,172.89644045395175
168.0,161.0,1904.0,30.0,1951.0,342.0,6.005495227490605,7.051826945940304,168.99550517894266
536.0,1207.0,1443.0,920.0,1779.0,1005.0,5.281999677500491,0.5502708623470032,181.4399038045139
893.0,1022.0,1127.0,231.0,1185.0,553.0,1.6638957579604183,-0.061079556793570855,171.85693936358192
158.0,610.0,1963.0,1788.0,1129.0,1374.0,6.489386520358673,7.532374916589918,181.79140710960405
681.0,1229.0,1219.0,1952.0,1292.0,847.0,2.458947629608699,-0.4512842575194655,183.248530445496
986.0,1307.0,1935.0,1511.0,1699.0,731.0,3.6025055258359946,2.482059774338639,188.09145283756627
266.0,727.0,161.0,1885.0,1980.0,1743.0,1.164924068342589,-3.486866761129477,180.87440279957272
454.0,116.0,1314.0,1656.0,1019.0,1830.0,1.410909506694993,7.283471562841088,178.73123739825547
507.0,661.0,1249.0,1916.0,344.0,1858.0,1.9417403847660983,4.509107028534329,179.58418740782733
83.0,1242.0,1496.0,102.0,618.0,1515.0,8.194934617498411,2.0322110763656607,171.6975871705247
705.0,996.0,1730.0,496.0,1668.0,1934.0,5.419674303045072,4.174440269001034,184.6247902895392
916.0,837.0,189.0,721.0,1924.0,170.0,-2.000076496709114,-4.814852825825428,170.3735088501002
407.0,656.0,523.0,1346.0,829.0,891.0,0.5721825677658958,-0.6224772236889029,170.02545655938002
1585.0,333.0,1788.0,1903.0,83.0,884.0,-4.499134991764459,8.01450445555475,179.47010662362078
480.0,1616.0,1732.0,1995.0,380.0,1694.0,6.398660458223362,1.7924326714938443,186.52693976545453
1260.0,1938.0,1052.0,227.0,199.0,270.0,1.2147496740662778,-3.8774379069779523,171.45659849938346
1151.0,469.0,7.0,1583.0,1902.0,1422.0,-5.809116038373941,-3.0108962590006283,179.55280902307493
475.0,27.0,522.0,1966.0,516.0,1540.0,-2.205141431624238,3.562293787365368,171.94133142408003
731.0,1385.0,1876.0,211.0,394.0,574.0,5.0338993999405,2.407382393576312,172.5354037557433
1472.0,1631.0,619.0,589.0,128.0,1306.0,-1.7942970962049796,-3.813135126106467,175.55845160211575
166.0,646.0,1004.0,1889.0,91.0,1411.0,2.7699674172096818,3.0293952949452807,172.7500861384521
1924.0,160.0,934.0,1607.0,528.0,921.0,-8.96699154386874,4.272937474242392,176.8482630128683
765.0,399.0,1143.0,1187.0,1173.0,63.0,-0.5525367574432832,2.668781174455989,170.3666757640462
1952.0,354.0,1150.0,162.0,1649.0,193.0,-5.861996782961033,2.518463408455986,173.9320439742566
16.0,1434.0,1382.0,1892.0,435.0,1583.0,7.62491171585873,0.747908463783776,180.4972780604669
1203.0,873.0,980.0,411.0,1354.0,537.0,-1.009300459062493,-0.20698431074905654,173.6571558706516
1457.0,1634.0,1747.0,710.0,1543.0,310.0,1.5601819590466461,-0.5406677837051046,184.19356851990173
506.0,573.0,528.0,892.0,1038.0,561.0,0.15833900038169046,-0.6490689933099163,167.16601580264307
1506.0,844.0,894.0,529.0,986.0,1281.0,-3.069082992787119,0.514838595201117,177.14482441462363
1730.0,851.0,772.0,589.0,1922.0,850.0,-4.661602106563164,-1.365089048583738,180.53025323760932
548.0,1629.0,375.0,325.0,1427.0,1091.0,3.595241331736432,-6.59559697491723,173.55418294630317
456.0,1303.0,805.0,533.0,887.0,400.0,3.396139575716067,-2.8026525286983914,168.53852428052807
1713.0,1120.0,1354.0,1877.0,61.0,1203.0,-4.088582276533755,2.212715121519475,183.68503001688688
1196.0,1831.0,78.0,234.0,1020.0,1653.0,-0.2676250001263494,-8.259237179843858,176.66669449293053
1602.0,1770.0,1980.0,1944.0,1357.0,183.0,0.43401278148585454,0.04775333798609349,191.5893824710723
414.0,911.0,554.0,380.0,84.0,752.0,1.7284013811124408,-1.0422655003801764,161.95900209393992
927.0,48.0,70.0,1589.0,1566.0,763.0,-5.770082612897214,-0.6006835603083558,171.4584900570818
1474.0,813.0,861.0,68.0,490.0,1457.0,-2.603136588889393,1.0937062965634128,172.5931552138834
1405.0,1002.0,42.0,1028.0,742.0,481.0,-5.386210525432137,-4.899773030427287,169.99095973044902
747.0,835.0,1345.0,372.0,1235.0,300.0,2.3009306853953246,1.6019168359835918,170.9117045627496
1708.0,1868.0,1250.0,1914.0,1175.0,1877.0,-1.3659866746801232,-2.840212541360638,196.53171442025715
480.0,1724.0,1323.0,1045.0,436.0,354.0,5.056882904169854,-1.9796057788993748,173.52968025143258
66.0,811.0,1466.0,522.0,1501.0,498.0,6.603454268111191,2.3361263292465617,170.84411742767304
1359.0,846.0,1345.0,460.0,1415.0,936.0,-0.7908525091977621,2.0799292094381276,178.8216262174309
1340.0,175.0,1579.0,1081.0,1961.0,239.0,-2.7297884890092536,5.685392040125615,178.6770523828328
666.0,354.0,43.0,759.0,1224.0,263.0,-2.645059993602091,-2.373537579012205,163.0105402706279
1032.0,658.0,1640.0,1990.0,1992.0,652.0,0.057390174958841245,4.222775836021597,187.01543087087128
1377.0,1051.0,148.0,505.0,179.0,1680.0,-3.9594848514644894,-3.0835634827468485,171.34045774281486
730.0,982.0,1493.0,610.0,177.0,1206.0,2.896460727607061,3.3718662658480185,172.72762766779172
1818.0,1188.0,580.0,172.0,963.0,252.0,-4.544559415117129,-3.451032536697547,171.4945461282179
692.0,584.0,1594.0,1510.0,1643.0,164.0,1.7403046887612346,3.8913552357300882,177.82179479308067
424.0,92.0,1807.0,704.0,1332.0,1585.0,3.9471186774237115,9.180946298107367,176.19250932179247
1695.0,639.0,846.0,836.0,385.0,140.0,-5.677654184688372,0.7380190562302421,169.2659889079449
602.0,1305.0,1022.0,1639.0,367.0,1194.0,2.441539149349246,-0.7136361181128782,177.60104747680523
134.0,1638.0,1080.0,373.0,1172.0,1581.0,8.238141905843138,-2.47635012476355,176.47547324138765
1526.0,235.0,667.0,1982.0,1062.0,1474.0,-7.533803815589787,2.733719565606372,181.56273009002544
277.0,1920.0,1764.0,1985.0,604.0,131.0,7.34472528723914,-1.1987368575362494,180.15580905968093
190.0,1017.0,1139.0,316.0,1858.0,490.0,5.984862852057809,-0.6123957124762827,171.63893251108388
39.0,917.0,481.0,1516.0,767.0,1760.0,3.8228766305727575,-1.4488096795790835,174.2103147053942
1865.0,1485.0,478.0,100.0,1095.0,59.0,-4.189659449417943,-5.546495113843754,171.95427564722155
1895.0,1528.0,1883.0,1285.0,1418.0,268.0,-1.565021986635974,0.7727958594065287,188.7180777414315
1744.0,1605.0,345.0,1804.0,879.0,1903.0,-5.304223816788797,-6.007300130891474,188.4476911125783
57.0,518.0,1241.0,1764.0,412.0,1673.0,4.287748117340771,4.954766445960598,175.011527607317
151.0,301.0,1935.0,1029.0,1768.0,1998.0,7.059554871078061,9.246763777688217,182.44506165126094
382.0,1946.0,585.0,1974.0,1107.0,278.0,3.9392782867548637,-7.753856839823714,177.96410714688835
1699.0,497.0,438.0,1259.0,827.0,1836.0,-7.483012757306862,0.5880897980042005,179.57398790069487
555.0,132.0,1767.0,712.0,1660.0,1258.0,3.15329643860276,8.191553913806283,177.02935030638795
1976.0,632.0,157.0,73.0,240.0,1055.0,-7.836495121101509,-1.4642892755767023,166.97136601080012
899.0,1418.0,1280.0,987.0,943.0,1754.0,3.107579284757,-0.001297682152824331,183.5539731871352
1903.0,1270.0,1448.0,1628.0,469.0,839.0,-4.180356658222799,1.2304023599635292,184.91861877211247
234.0,1360.0,409.0,412.0,670.0,771.0,3.8923195030801785,-4.4341203628462535,165.72766360071904
806.0,1303.0,215.0,1246.0,1064.0,505.0,-0.7488740061338196,-5.960460343124762,172.3509216568179
708.0,340.0,394.0,1923.0,611.0,424.0,-3.4403692668996433,0.10664297461968406,168.62028559585832
1378.0,1056.0,41.0,394.0,1725.0,1275.0,-3.814541235684986,-5.651954485414216,176.0512921087484
1266.0,1718.0,540.0,198.0,33.0,1124.0,-0.3392171011994267,-4.4738153397694616,171.0675626274247
1178.0,484.0,1442.0,634.0,27.0,470.0,-1.5310722120631501,4.768062084595655,167.72886072542144
308.0,139.0,1932.0,1542.0,1124.0,1928.0,4.58639970996739,10.543372318381989,181.38143997460958
303.0,1365.0,1720.0,494.0,172.0,118.0,6.029941654747596,1.536750811252525,167.324283830564
1768.0,910.0,130.0,298.0,250.0,1632.0,-6.314160362673556,-2.5434931187438767,171.47292531588312
1658.0,1260.0,1069.0,1040.0,1261.0,1811.0,-2.553603133995461,-0.5357928561590943,187.79917515962205
954.0,15.0,1249.0,753.0,381.0,672.0,-1.99746479513403,6.113063040981904,166.55852061888984
1023.0,1274.0,1262.0,1495.0,1942.0,102.0,0.990920371660844,-1.7009220991429161,182.58207719003113
1417.0,1514.0,829.0,419.0,26.0,661.0,-1.3711308235538566,-2.556860284410858,171.0846816491608
695.0,836.0,953.0,849.0,1753.0,21.0,1.184839960826692,-0.9616355157461864,172.3161973137559
577.0,431.0,1840.0,1362.0,1306.0,1989.0,3.847277206289072,8.372337868225479,184.3597034210478
1763.0,1632.0,1281.0,1855.0,1358.0,1791.0,-2.279684188920721,-1.5862256846785017,195.97144570825054
1594.0,713.0,678.0,1600.0,731.0,1446.0,-6.006706366265085,0.45426142619780885,180.73951722016022
1379.0,289.0,810.0,658.0,1546.0,445.0,-4.418838111239921,1.6095072009136735,172.34636426257225
202.0,902.0,29.0,874.0,1172.0,554.0,1.4988120506446874,-4.885773705227178,165.1414119289133
1240.0,769.0,446.0,1287.0,524.0,985.0,-4.215011069489016,-1.2087486229830342,173.0179624428057
1429.0,960.0,863.0,1704.0,1028.0,1687.0,-3.6215111953943175,0.0594522640080864,185.55860772645815
1655.0,1756.0,1348.0,499.0,1181.0,1596.0,0.3047459091143395,-1.731597180424062,187.4745532680934
222.0,56.0,1361.0,1868.0,895.0,1359.0,2.251131073112064,7.420601409524914,175.4522052465214
152.0,458.0,710.0,552.0,947.0,1022.0,2.9141928519145575,1.3135952061914167,165.78589668423263
193.0,1549.0,653.0,248.0,825.0,804.0,5.5753314315792,-4.283387836349838,167.79089203858933
1492.0,166.0,1002.0,1380.0,815.0,644.0,-5.936225405709752,4.044841908257905,174.12994828599057
614.0,941.0,1510.0,35.0,19.0,539.0,3.371908061151162,2.9792430658757265,164.7725971444458
279.0,1064.0,1300.0,1353.0,820.0,1555.0,5.322916598539264,1.9006688822092457,178.7461066888913
1010.0,1872.0,1435.0,1806.0,1191.0,1120.0,3.324985728577834,-2.4139783194596887,189.48193332971465
1358.0,26.0,1218.0,1131.0,1344.0,480.0,-4.520916379352844,5.251595209147672,174.44574591537025
870.0,1368.0,600.0,594.0,347.0,282.0,0.3157663955635318,-3.5852110154589343,166.905571350027
1907.0,1573.0,772.0,91.0,1339.0,907.0,-3.0832723342522224,-4.302593097803531,179.86166634107886
804.0,1224.0,1740.0,987.0,187.0,1126.0,3.4808471145673976,3.3581073647364867,177.20556565160808
1905.0,1518.0,776.0,1203.0,906.0,209.0,-4.938458122186047,-4.244750682766212,179.42285845880116
1619.0,993.0,41.0,37.0,619.0,825.0,-5.2131510211119085,-4.245091819749402,167.09105292862938
1037.0,1243.0,1177.0,1354.0,1818.0,851.0,1.049894208314511,-1.2177664495406209,184.61564193912656
1007.0,1221.0,469.0,1158.0,288.0,1936.0,-1.0161674191568828,-2.425422215599773,177.32041167219495
65.0,725.0,588.0,569.0,711.0,548.0,3.312025158361723,-0.7976613935690553,162.49954937930093
4.0,1335.0,1654.0,461.0,861.0,1921.0,9.763181970272539,2.5776535344849973,177.6523233274232
266.0,1687.0,1687.0,1477.0,1428.0,1930.0,9.326565249163643,0.44904589853566124,189.3692959532959
603.0,1456.0,697.0,1602.0,615.0,1488.0,2.3113936200818843,-3.217102647387058,179.2807370325906
1927.0,654.0,644.0,1712.0,518.0,1916.0,-8.435151256364135,1.1934233742021427,183.68385505759875
178.0,1731.0,733.0,1580.0,1440.0,208.0,5.453879373181011,-6.209872144060456,175.93373734776037
818.0,1892.0,785.0,931.0,446.0,1812.0,3.28190455252295,-4.449774343862278,180.33993928183153
1971.0,521.0,1140.0,53.0,154.0,1465.0,-5.4140395428244,4.080128939753255,173.10000542194626
855.0,1251.0,305.0,1948.0,186.0,245.0,-2.216028088695734,-4.58249874903531,170.53270079883382
611.0,1752.0,1198.0,1688.0,970.0,198.0,3.881869125489188,-3.475885778810073,178.9697597390945
554.0,834.0,779.0,1210.0,499.0,148.0,0.47549006402779725,-0.5758184593429531,166.76523701966198
1481.0,1876.0,845.0,8.0,1955.0,1775.0,1.1738139863035952,-5.590592767087877,186.77064475812648
1485.0,214.0,689.0,1637.0,1785.0,871.0,-6.784575042863659,1.7566871759698697,180.2612656452425
770.0,523.0,1208.0,660.0,1499.0,1199.0,1.2817178827181153,3.2754073751244386,176.19451317881192
201.0,1895.0,156.0,176.0,1325.0,1250.0,5.886864691818482,-8.726665673010526,171.23316605753513
826.0,1918.0,1002.0,385.0,1410.0,1699.0,5.012233162514155,-4.505395527501241,183.1399929208596
179.0,336.0,429.0,1940.0,140.0,908.0,-0.26459760412644384,1.1559688619752537,166.24513529232584
1833.0,1499.0,742.0,1771.0,154.0,1000.0,-5.3810317723145715,-3.065668051693818,181.91120613281782
1290.0,351.0,1322.0,1241.0,853.0,1619.0,-2.7608088775929165,5.794640517859684,180.27537753350464
1133.0,120.0,288.0,557.0,678.0,1459.0,-4.823422555348681,1.5360572653219304,167.7272376101409
647.0,617.0,1513.0,1772.0,385.0,1005.0,1.3585511372034933,5.135754688450261,176.50230507892283
1628.0,557.0,1919.0,888.0,1378.0,1848.0,-1.6681628763491583,7.728213348880275,188.13544402491024
1041.0,1055.0,1949.0,1936.0,1477.0,295.0,1.7220148444645682,3.65346887739136,185.9200525446362
920.0,233.0,1673.0,1489.0,223.0,1857.0,-0.2635601475003334,8.959171575028385,178.57906912381054
740.0,1866.0,1356.0,113.0,458.0,59.0,4.602038420305215,-2.6143837663014073,169.55540271150647
1140.0,1730.0,1505.0,1193.0,939.0,1098.0,2.653819260292689,-1.0142577358002176,185.24989794444073
1012.0,1396.0,1811.0,126.0,1515.0,1449.0,4.875831937910773,2.055232275958874,183.57119984628702
98.0,328.0,1110.0,7.0,1452.0,1043.0,4.814670812456921,3.492103442655174,166.63181497840236
1028.0,1436.0,1755.0,100.0,1025.0,1973.0,4.777428926940067,2.46959794227077,183.58761906887108
1880.0,1637.0,1724.0,947.0,412.0,1504.0,-1.149783110324526,1.4141311164524266,187.83027154152936
555.0,1475.0,1414.0,887.0,1114.0,1521.0,5.798338374193837,0.04605401472062426,181.81332946473879
125.0,1214.0,283.0,434.0,1460.0,234.0,3.9014213682509187,-5.589038079303844,165.08905661301708
1561.0,867.0,289.0,492.0,397.0,1268.0,-5.143363661407825,-2.019573784113844,170.99901089257318
1024.0,1748.0,1794.0,70.0,290.0,951.0,4.547378803351442,0.8030452978247231,176.22699655095656
298.0,288.0,386.0,560.0,789.0,912.0,0.5198270225031891,0.5881490849938824,162.69805473968913
444.0,833.0,887.0,1454.0,527.0,1533.0,2.068562224484806,1.1804144979974631,175.2833526798705
113.0,1631.0,763.0,1740.0,301.0,934.0,5.176464460451894,-3.826877592016076,174.06838181990048
1218.0,41.0,358.0,979.0,874.0,280.0,-6.098416593535009,1.0007595912873128,165.156326767479
160.0,663.0,854.0,1942.0,1468.0,1040.0,3.0707133117220824,0.6623508547855688,177.59270526338528
1268.0,1311.0,1212.0,475.0,159.0,140.0,-0.36986509227836023,-0.45994182928445315,169.58111615867682
181.0,636.0,1709.0,1820.0,520.0,983.0,4.7949829946493905,5.939570134300288,175.88883419932114
612.0,960.0,931.0,969.0,1314.0,724.0,2.00797163292626,-0.6750544090730056,174.43827041518867
1106.0,1581.0,328.0,1713.0,1818.0,989.0,-1.2776545464455389,-7.604188863662728,184.629544147944
1927.0,1039.0,1294.0,1036.0,849.0,1657.0,-4.360237029733546,2.0535466134222564,186.17933515591903
1477.0,1017.0,888.0,204.0,743.0,1870.0,-1.9092880051553607,0.356165984393904,177.9528008446577
1793.0,1627.0,1443.0,1924.0,1899.0,1869.0,-1.7724914191929626,-1.0960628516662247,200.51443627806086
141.0,1641.0,1347.0,516.0,1260.0,1642.0,9.041490796490471,-1.1787329421264363,179.37844609391715
898.0,996.0,294.0,1995.0,1179.0,430.0,-2.755265072142614,-4.342705740528266,175.74482815898853
1408.0,220.0,955.0,1818.0,1374.0,1262.0,-5.692086866913428,3.915006458104621,182.12133570430456
1903.0,432.0,853.0,399.0,372.0,257.0,-6.679058408835833,1.803737325735609,167.50451756199985
1966.0,1967.0,401.0,206.0,489.0,1548.0,-3.5473221447879357,-6.658976104186826,179.63510720110887
1899.0,83.0,1466.0,1817.0,1956.0,1319.0,-7.48505865615393,7.2052597156192935,189.61029019963436
1237.0,805.0,1650.0,1981.0,1862.0,26.0,-1.1227491540396717,2.8537500441747077,184.92544413741777
1018.0,146.0,114.0,1756.0,409.0,1186.0,-6.281733843365543,0.5283710473346281,169.6786828516418
359.0,1928.0,1919.0,631.0,1311.0,1345.0,9.98774140313542,-0.015773979712803428,184.19089073334254
1694.0,1783.0,1164.0,1164.0,1438.0,1629.0,-0.9961468029684372,-3.178889487078222,191.7804132419899
234.0,1241.0,1525.0,499.0,1946.0,442.0,7.39035324957926,0.08830733870173191,176.0748470903825
1788.0,78.0,1023.0,15.0,149.0,228.0,-6.04136319363566,4.184575188043124,162.62506942613186
1115.0,515.0,14.0,1681.0,465.0,973.0,-6.000306715147784,-2.1012844733364378,170.37158048114287
1048.0,1538.0,216.0,1537.0,531.0,186.0,-2.174237756828622,-6.733745343261591,171.81420577593326
479.0,147.0,419.0,27.0,592.0,417.0,-0.5354183032989238,1.0796775357128932,156.73709823245952
504.0,1194.0,1748.0,436.0,365.0,771.0,5.362227234225066,2.956049406530087,171.71216158098846
422.0,895.0,112.0,52.0,1749.0,1342.0,2.0174385037704887,-4.36320737001579,169.4423992867029
476.0,380.0,1145.0,142.0,1071.0,1692.0,2.9451221310844593,4.412373654451702,171.15401211137862
62.0,984.0,1553.0,874.0,1468.0,1704.0,8.17929937919638,3.2514457976413187,179.9373608344404
1769.0,158.0,1294.0,176.0,1161.0,596.0,-5.025034005470797,4.918702523818338,172.33828194058978
1619.0,1998.0,1876.0,120.0,301.0,1523.0,2.574008569457333,0.5058743902172991,184.3422616295274
1098.0,1335.0,763.0,1340.0,667.0,362.0,-1.129314856301175,-3.077747803334617,174.67558467931306
602.0,1185.0,850.0,1468.0,619.0,1893.0,2.344946336955353,-0.6524942703455112,180.12577270784007
1509.0,619.0,1737.0,147.0,90.0,1497.0,-1.1383278047845153,6.5317802272586825,174.6352345169619
987.0,888.0,1024.0,1289.0,1927.0,626.0,-0.2028556992775822,-0.4397775785333774,180.7942980090111
608.0,1992.0,700.0,1462.0,1652.0,599.0,4.128696852113406,-7.726600051825667,181.82545602226074
1593.0,325.0,35.0,339.0,1315.0,1480.0,-7.229742991713053,-1.3316731543247,171.97508057839863
892.0,1334.0,1589.0,1956.0,1689.0,149.0,2.4129913585870657,-0.021888549209781116,185.2103452703278
688.0,1440.0,1326.0,1270.0,779.0,1216.0,3.8495760330298974,-0.1959165806687454,180.63325843000385
1298.0,892.0,1379.0,553.0,1462.0,1385.0,-0.07483646054474813,2.4567574076756817,181.95607702066167
1617.0,999.0,400.0,1055.0,257.0,785.0,-5.6606494497157485,-2.416725558241811,172.1980202661393
1875.0,718.0,1130.0,1153.0,1895.0,1530.0,-5.461936766469038,1.9396070648631158,188.71704396956326
1674.0,104.0,1430.0,1690.0,1755.0,756.0,-6.088664444218952,6.248905656363945,183.8840265374982
1164.0,119.0,1127.0,625.0,1288.0,1557.0,-2.423594045433772,5.479156175437597,176.18046592029413
821.0,898.0,1391.0,486.0,300.0,200.0,1.4483012609662114,2.1437818548233816,167.12219348856132
5.0,529.0,1577.0,580.0,586.0,164.0,5.36788519603444,4.454595748976261,163.49676320341268
15.0,113.0,1061.0,864.0,1343.0,1273.0,3.893018441825479,4.866761300164425,169.9215387432612
624.0,85.0,1772.0,53.0,1804.0,1298.0,3.3333844563845356,8.148964136645183,174.6571872666024
1756.0,299.0,1905.0,952.0,1909.0,426.0,-3.6588987344273636,6.930326398084485,183.08531024279375
1216.0,215.0,544.0,119.0,670.0,1542.0,-3.7065703303320037,2.38704041452281,168.1036680567932
333.0,1987.0,1593.0,1922.0,1839.0,1960.0,9.728206155541294,-2.1754081588105647,195.3250416215384
967.0,1316.0,201.0,1832.0,1090.0,1945.0,-1.6676827093250874,-5.455963301685768,183.8097113140351
796.0,1970.0,1267.0,1047.0,481.0,824.0,4.2418926047561865,-3.1346531813169958,178.83347964180425
973.0,264.0,901.0,648.0,1794.0,1759.0,-1.2721346610500976,3.409400049854111,178.6537243466398
1246.0,1314.0,447.0,1082.0,1668.0,293.0,-2.248407669905948,-5.63124274783849,177.03126211954367
35.0,1392.0,877.0,498.0,1829.0,1231.0,7.680133498062363,-3.217701861483485,175.9030122511206
1159.0,539.0,184.0,828.0,1810.0,208.0,-4.442891983846217,-3.213055708901771,170.22043565306922
193.0,679.0,577.0,1978.0,1474.0,1488.0,2.302400643204664,-0.5592625827272436,178.97696385597442
1209.0,1463.0,207.0,1326.0,1348.0,1096.0,-2.3856661250140965,-6.851354261375088,180.08939361227496
1918.0,875.0,1311.0,1821.0,1239.0,1507.0,-5.698114135986036,2.635862581755282,190.60489261924982
1668.0,700.0,132.0,428.0,166.0,1863.0,-6.504327083680999,-1.2808504283177033,171.31244292133056
1429.0,1680.0,518.0,1650.0,460.0,137.0,-3.2433675029702043,-5.93472623664007,176.05304008962668
1904.0,927.0,1785.0,1328.0,1308.0,546.0,-3.6544727022229138,3.712816692435643,186.1348512031664
1506.0,734.0,672.0,141.0,527.0,1234.0,-3.665606940162018,0.3355019181988178,170.7742593615577
22.0,1088.0,588.0,926.0,103.0,1931.0,4.86024552249892,-0.9011119376518593,169.8747284640054
958.0,1964.0,875.0,1453.0,1726.0,1431.0,3.0634584491619767,-6.259330931584164,189.20212479377628
1849.0,1509.0,304.0,1821.0,1493.0,1983.0,-6.272458762098818,-6.411753189134207,191.9113671053712
1935.0,1861.0,1678.0,1607.0,725.0,1374.0,-1.5825860578730317,-0.3843494077706249,193.40044110960565
82.0,1467.0,1112.0,1428.0,181.0,1813.0,6.777956840607354,-0.38404226279902076,177.13855535325803
1018.0,195.0,1041.0,913.0,1238.0,797.0,-2.2291546469706565,3.886213202842204,172.7686074055843
104.0,1671.0,132.0,1756.0,1213.0,1551.0,4.651615264500643,-8.117223259916557,178.780038855346
901.0,608.0,124.0,140.0,626.0,548.0,-2.3909264602438056,-2.304742009826718,161.15816017047754
599.0,979.0,902.0,1711.0,983.0,607.0,1.0898376155608864,-0.7332099401290613,175.83523378175238
1945.0,808.0,1295.0,323.0,1194.0,1561.0,-4.1668775916063465,2.8077598798667234,182.65602145242087
116.0,50.0,139.0,1297.0,212.0,1754.0,-0.4511452469526534,1.8333107282309777,164.367850530141
1829.0,1796.0,304.0,1674.0,609.0,59.0,-5.761677705953626,-7.758912913401748,177.84554481718314
92.0,849.0,1067.0,1141.0,206.0,1217.0,4.509996754354171,1.9829450789235281,169.46869459779776
736.0,45.0,390.0,595.0,925.0,1291.0,-2.478827422134299,2.0609607498502993,166.50987417564568
1074.0,1711.0,105.0,1022.0,1641.0,1901.0,-0.2784232270190754,-8.577768338003802,184.143493239316
778.0,1166.0,138.0,151.0,1606.0,798.0,0.36307375885740834,-5.806658430032087,169.73708085034283
1382.0,1223.0,1266.0,1203.0,1762.0,1032.0,-0.6491594426063321,-0.42268448822843363,186.63695776440446
1208.0,130.0,1397.0,1320.0,1173.0,258.0,-3.189586668978686,5.517067944510938,174.1052459451719
950.0,1436.0,1178.0,1321.0,214.0,40.0,0.702687888555082,-1.3652235869568716,172.50161222906598
1633.0,425.0,1224.0,1343.0,396.0,1562.0,-5.179313212741962,5.152718037203611,179.7098063342097
220.0,1223.0,1598.0,909.0,824.0,1915.0,7.673670266780414,2.9381216612607184,180.19242361804717
802.0,1113.0,240.0,153.0,685.0,1269.0,0.14980452926591759,-3.6964253947405226,167.92196674480488
1497.0,42.0,1919.0,346.0,1850.0,1736.0,-1.6740986718164241,9.854747774499785,183.63248940315964
692.0,1079.0,1800.0,1602.0,1687.0,294.0,3.8846397949531104,2.5285816629625018,182.80700943456733
1608.0,613.0,1223.0,1511.0,1159.0,1402.0,-4.510966867204721,3.488766944661895,184.67064315104705
1609.0,1970.0,1704.0,361.0,513.0,827.0,1.563241178068477,-0.9760245653965154,182.06077249173055
122.0,1423.0,1151.0,1220.0,1400.0,744.0,6.795161564097828,-1.9915370630556852,177.04587176172464
1469.0,860.0,1902.0,754.0,417.0,1122.0,-0.4796368471625527,5.713046656726268,179.5206086880742
1889.0,627.0,1937.0,844.0,246.0,1300.0,-3.503513957499445,7.35298148533961,180.97802444795684
1655.0,732.0,51.0,81.0,361.0,1397.0,-6.107260676676421,-2.3099020932054874,167.8254706246157
377.0,498.0,1727.0,411.0,454.0,1325.0,4.603812994257394,6.7260351816238995,170.37778027654866
580.0,268.0,1734.0,962.0,456.0,1081.0,2.1942513821074523,7.778701670508409,171.89490928980473
1415.0,1431.0,1545.0,1864.0,496.0,210.0,-1.1366098975201782,0.3105264567752042,181.89781871004098
329.0,1430.0,1276.0,1245.0,1435.0,1297.0,6.432666783719917,-0.9450089462719753,182.01955744572368
1948.0,1203.0,1178.0,57.0,1017.0,697.0,-3.321609848426336,-0.40452159381816344,177.43633410548705
101.0,929.0,1364.0,944.0,1446.0,19.0,5.70671128421521,0.8614756280276421,170.59685296423675
1112.0,1534.0,1156.0,605.0,107.0,1417.0,1.4641394564999313,-0.6602068174213633,176.5960175168973
1265.0,1798.0,871.0,1300.0,1916.0,1450.0,0.8389038795008668,-5.538138819840234,190.2758344295639
161.0,1790.0,540.0,893.0,623.0,1525.0,6.066562827750264,-5.533419468960652,174.21616514874165
278.0,1892.0,1996.0,1783.0,638.0,1115.0,9.072507401567083,0.967112637993722,185.3478206074121
1486.0,75.0,1705.0,720.0,606.0,1460.0,-3.115292107877959,8.907020811978995,176.78419527079478
768.0,1186.0,1380.0,1224.0,1257.0,834.0,2.885856533036182,0.6231868178335125,180.30443286414564
1348.0,1109.0,176.0,1342.0,1695.0,1229.0,-4.284534424914561,-5.465885273118021,181.40586722600045
1476.0,88.0,182.0,1596.0,457.0,585.0,-8.785987632848537,0.5803715088525765,168.21019519961465
123.0,892.0,741.0,627.0,1039.0,1188.0,4.533647903732247,-0.6268600853212255,169.70234574529638
108.0,354.0,148.0,903.0,1177.0,1996.0,1.5918024381291873,-0.37470711172129767,170.17256431045803
1726.0,429.0,735.0,1753.0,360.0,445.0,-7.915045513582312,1.587120043799314,173.75472645805579
8.0,783.0,114.0,1498.0,1858.0,831.0,2.5855480172729486,-4.526646955410543,172.15488106122578
538.0,364.0,1021.0,1226.0,1479.0,51.0,0.41893727012713616,2.0177138687218292,170.1078470616581
1094.0,1265.0,1560.0,1734.0,1214.0,1994.0,1.9271734600702988,2.3509036584768848,191.72597711144815
1780.0,1673.0,219.0,1836.0,170.0,1756.0,-5.966951375905621,-6.24127241309006,183.9683602079697
622.0,728.0,1031.0,1546.0,1235.0,1966.0,1.707178858426171,2.336035424075728,182.7777005006344
1525.0,433.0,1075.0,124.0,677.0,990.0,-3.490606415588111,3.325103262415016,170.78046776623714
895.0,562.0,344.0,155.0,58.0,1726.0,-1.685219842209042,0.4419462722395481,165.23997523107363
435.0,734.0,1449.0,128.0,727.0,856.0,4.262901639608575,3.489964813864794,168.18590628362782
308.0,1571.0,1768.0,333.0,1555.0,336.0,8.251822682740553,-0.13296006200709287,175.92641679419674
1123.0,665.0,333.0,473.0,768.0,197.0,-3.340737190587215,-2.0545855727444517,164.2949457663311
1864.0,1053.0,642.0,1743.0,79.0,415.0,-7.236068144484085,-1.6953686104084602,175.58794731327296
270.0,1979.0,839.0,546.0,955.0,1296.0,7.176686836077907,-5.397088192022899,175.97157148575485
593.0,334.0,545.0,1464.0,1241.0,1016.0,-1.2815753085592663,0.9117453962571147,172.81423400811587
1782.0,1517.0,440.0,1434.0,897.0,1150.0,-5.244276358235391,-5.369082689441705,183.01274474839443
587.0,622.0,1771.0,1308.0,882.0,138.0,2.6162524424481433,4.950385974877031,173.22915564225718
739.0,128.0,885.0,1913.0,1398.0,1832.0,-1.826312141353779,4.6699661686595615,181.50115596388
268.0,1531.0,1625.0,1501.0,1597.0,115.0,7.082679724501397,-0.8398179787186499,179.97693731240915
1879.0,837.0,1656.0,32.0,697.0,1591.0,-2.422001891652599,4.797522487297979,180.37293237110615
1418.0,796.0,724.0,1244.0,1675.0,87.0,-4.228119982251182,-1.7810639172379565,176.54945945853507
1404.0,814.0,1135.0,143.0,362.0,441.0,-1.9741848082148574,1.5213482235681264,168.17352868464667
1036.0,989.0,14.0,1293.0,157.0,1225.0,-3.6953555739497754,-3.903617096314389,170.17186322170102
1838.0,1869.0,1907.0,1320.0,1718.0,639.0,0.15785914322849343,-0.7640221056026595,193.977228412591
1304.0,1255.0,557.0,1873.0,1519.0,1788.0,-2.8312854787557464,-3.715073558319352,188.75867675689773
1491.0,1994.0,1238.0,1126.0,1649.0,365.0,0.6147814762083669,-5.00903957236371,186.46213464549788
1739.0,827.0,25.0,1311.0,1806.0,1254.0,-8.006392215750676,-4.848607453054963,181.53928220582128
1508.0,925.0,488.0,870.0,283.0,141.0,-4.942679867662492,-2.140022812316924,167.60060307537498
1269.0,1261.0,1761.0,1287.0,1913.0,1052.0,1.7157365198659842,1.9392492479823047,190.09071892959236
1069.0,1350.0,1123.0,662.0,1668.0,869.0,1.6181655797556787,-1.8786737250088845,180.77506933988332
287.0,1470.0,1909.0,32.0,476.0,1059.0,8.316307075979402,2.569597314873789,172.59082655748807
1760.0,577.0,788.0,819.0,1313.0,1474.0,-5.919438480037776,1.2484638783050435,180.58391620260733
796.0,1664.0,935.0,206.0,427.0,93.0,2.6459829286857817,-3.5466565307654445,167.17406752525488
605.0,276.0,710.0,241.0,1620.0,991.0,0.4456901700296121,1.6245918618795288,168.90388796455161
1798.0,148.0,405.0,1906.0,1038.0,1952.0,-10.20512840358343,2.2475307886589295,182.90696271227438
383.0,221.0,1697.0,410.0,600.0,988.0,3.5807384567831915,7.413237970010007,167.8330172220526
308.0,1406.0,338.0,1358.0,1273.0,1535.0,3.555045507358437,-5.517609840368136,177.91460599377194
1610.0,275.0,384.0,1385.0,43.0,345.0,-8.21256112815669,0.7844630251620643,166.4677478174425
1941.0,564.0,893.0,1858.0,560.0,1153.0,-8.331995806049003,2.244734984338285,181.59860952155603
819.0,838.0,1731.0,24.0,1520.0,1536.0,4.282490822691443,4.557743260769238,179.15768746886235
1228.0,1887.0,89.0,55.0,211.0,930.0,-0.7346508356480622,-7.575636149870916,168.38400724370865
1005.0,1429.0,206.0,1230.0,1318.0,1019.0,-1.1941024310929973,-6.653843848482044,177.8375848775746
1806.0,1256.0,1215.0,1336.0,1318.0,1597.0,-3.4429153654284286,0.027546670109104082,190.0018331549448
923.0,860.0,1575.0,1587.0,1256.0,580.0,1.0749252835465528,3.1074381125576642,180.95989063872054
1144.0,698.0,716.0,1399.0,529.0,1117.0,-3.16220066052937,0.6172156052184598,174.87988386359504
267.0,828.0,205.0,1295.0,598.0,1556.0,1.2728596637699554,-2.3828327434099412,170.48048710726312
1581.0,1671.0,1901.0,235.0,1180.0,1247.0,2.189313260196929,1.2063714906868621,186.31981922590626
1302.0,1911.0,1461.0,530.0,927.0,1460.0,2.92537851799767,-1.797509889775795,185.14192443140678
586.0,1698.0,1471.0,1927.0,138.0,1001.0,4.470939459805403,-0.3863163800442456,181.07616022146846
354.0,1517.0,1847.0,1818.0,213.0,918.0,6.454974784827286,2.295318045308023,180.15213765615744
174.0,66.0,1200.0,384.0,1950.0,109.0,3.269456448853654,3.937297260084336,165.84676243163818
1740.0,145.0,375.0,989.0,1346.0,782.0,-8.622844779947501,0.6664392375796921,173.38891668523848
121.0,1759.0,768.0,1589.0,432.0,1128.0,5.899301003701937,-4.4365906766085255,175.6445043258372
340.0,1489.0,1305.0,1343.0,621.0,1050.0,5.669185445193263,-0.5500329763089069,177.5863419955433
70.0,1263.0,847.0,1805.0,457.0,1130.0,4.846375480785754,-1.553153318579407,174.62194538514532
670.0,760.0,978.0,49.0,741.0,1234.0,2.0734010148275344,1.4891341476209605,168.83592551297994
867.0,947.0,1669.0,737.0,1833.0,1325.0,3.575496785509886,3.384086842337398,183.97621188580283
246.0,1244.0,413.0,1773.0,319.0,1969.0,2.958482232406033,-2.9845970645122852,176.6641263281028
104.0,1036.0,1275.0,139.0,253.0,936.0,6.070441458449393,1.7129513952234472,165.0980369967026
875.0,1502.0,434.0,232.0,1360.0,909.0,1.4606839296395553,-5.671522551988267,173.23771808291264
969.0,1871.0,402.0,1502.0,1993.0,1187.0,1.1578599994632661,-8.824747483870963,186.55046656849785
1393.0,1393.0,1307.0,1461.0,845.0,1507.0,-0.5574484980764762,0.13614503231835873,186.83534314711073
174.0,865.0,1401.0,1151.0,234.0,205.0,4.230365503947732,2.4868996325191746,166.66462547752607
1461.0,904.0,163.0,1267.0,1156.0,912.0,-5.764345088979908,-4.040034365784146,176.0370686561055
1227.0,159.0,1929.0,1085.0,318.0,481.0,-1.7121719209036972,8.559417916804055,172.42810948784808
1547.0,1224.0,1853.0,1471.0,1615.0,182.0,-0.6400919027507481,1.9607640419799643,186.70539614954941
926.0,776.0,182.0,1651.0,1718.0,930.0,-3.138125005532559,-3.9274129776698903,177.80800421503807
477.0,1589.0,1695.0,1636.0,263.0,573.0,5.371372779965972,0.7987671784782138,178.00674145489512
577.0,1363.0,182.0,99.0,210.0,1941.0,2.1014563303849028,-4.205901053642799,168.38793484312131
1338.0,250.0,231.0,1636.0,1647.0,694.0,-7.235475712937312,-0.952702955067746,175.65996535528512
1318.0,831.0,152.0,1244.0,1831.0,63.0,-5.172702477910502,-5.0379749872313635,173.77028106677082
1770.0,1474.0,1106.0,1721.0,1015.0,1555.0,-3.458006410642226,-1.5141681827925273,190.56536225345792
698.0,1195.0,1714.0,86.0,217.0,1308.0,4.794220567857932,3.4080433735333133,172.73157345960104
220.0,1212.0,1743.0,1040.0,283.0,71.0,5.832868412770379,2.269243102196777,169.36454465575562
273.0,1896.0,1177.0,629.0,797.0,1548.0,7.931801387122123,-2.9613322201041052,178.26207015301966
641.0,1095.0,1723.0,384.0,623.0,416.0,4.257666191175913,2.7307226898693586,171.07747773828265
1367.0,96.0,240.0,931.0,1733.0,222.0,-6.920542122738293,-0.6231354988456489,169.41358596783098
1541.0,1387.0,32.0,1612.0,1079.0,95.0,-5.850255642849586,-7.6440488598887395,175.1552172721695
1596.0,1510.0,788.0,1760.0,772.0,1570.0,-3.3809310712331833,-3.1661861530778963,187.18607902296597
1993.0,1264.0,401.0,1282.0,1075.0,558.0,-7.228313293171841,-4.807905988472527,179.55667892010777
737.0,1432.0,1060.0,660.0,1942.0,1309.0,4.122100358224195,-2.544152290825848,182.74191025286237
1978.0,1119.0,1685.0,978.0,1818.0,819.0,-3.1353257937163166,2.074500227915167,189.29113121185628
446.0,109.0,159.0,175.0,270.0,1896.0,-0.830365132100319,1.6923995470174162,161.6935302684834
1601.0,1766.0,1327.0,380.0,400.0,917.0,-0.009670896905492943,-1.6115511864695782,178.9986285995948
1287.0,1475.0,869.0,1872.0,1855.0,160.0,-1.5937718432065089,-4.727026734948838,184.64457589300358
774.0,1256.0,1565.0,1705.0,320.0,1864.0,3.274325839852103,3.018094301639074,184.5129486616607
291.0,471.0,544.0,1821.0,246.0,393.0,-0.3126653220737392,0.49087755442269104,165.397839128934
1149.0,1989.0,59.0,1733.0,928.0,1877.0,-1.1309713986674936,-9.714656112961084,185.4847408654332
63.0,99.0,73.0,1614.0,1411.0,814.0,-0.37677267884186805,-0.6717258012253866,167.03253040383976
528.0,927.0,1380.0,1308.0,1489.0,140.0,3.144405601946672,1.0873988072301448,175.7230555601257
919.0,862.0,89.0,727.0,1168.0,216.0,-2.509254063583972,-4.583921250454688,166.4024159627585
451.0,79.0,752.0,1135.0,1348.0,1294.0,-0.024573187023544024,3.510423039371595,172.07588481056965
1342.0,1598.0,128.0,1355.0,572.0,1401.0,-3.2303580739020825,-6.833661618809781,178.73776438847335
1762.0,143.0,1940.0,1002.0,1621.0,363.0,-4.213590682692947,7.955559280690628,180.84186547693997
1543.0,1032.0,1562.0,1083.0,1835.0,1385.0,-0.9988044150018145,2.4764759474945732,189.56087264519206
786.0,1830.0,251.0,1931.0,318.0,1532.0,0.5148135291280453,-7.247852494053305,180.03026204596478
612.0,1433.0,19.0,1756.0,1171.0,720.0,-0.14668285699852723,-7.810347761638004,175.17967028364654
749.0,119.0,369.0,850.0,1287.0,5.0,-3.033867115740975,0.06597099236394299,163.37560623862436
1662.0,619.0,718.0,1764.0,1250.0,372.0,-6.913058331002333,-0.2717430755233524,178.707393183303
1496.0,1599.0,1723.0,688.0,847.0,951.0,1.1591036286751373,0.7055515316974463,183.7261690129762
754.0,1979.0,1276.0,369.0,1335.0,1792.0,6.47421157899562,-3.2468500525002417,184.46963687787513
1908.0,373.0,757.0,1813.0,1696.0,77.0,-9.037531552256828,0.5606963064242905,179.73799170748603
1329.0,123.0,719.0,1669.0,1653.0,1766.0,-5.867642912827061,3.4603620599793503,183.28806195720915
628.0,375.0,1520.0,613.0,701.0,1179.0,2.156502908097077,6.0722863360985215,171.6874461121357
1396.0,588.0,1969.0,1210.0,170.0,299.0,-1.644670768684463,6.613680202265274,174.81478364233786
159.0,950.0,318.0,878.0,1435.0,605.0,2.91655120340432,-3.9337707499224415,168.31043002612225
210.0,1698.0,1982.0,1459.0,746.0,1306.0,9.328932725956752,1.9758567939600615,183.76782160430645
1431.0,707.0,466.0,1312.0,386.0,1256.0,-5.438964108469188,-0.44159926069879263,174.5406447264783
1638.0,173.0,134.0,1747.0,441.0,947.0,-9.808236508217263,0.2532814990956418,171.71665445497896
775.0,767.0,1917.0,977.0,1005.0,264.0,2.83151838284383,4.932105976222391,175.28752952571224
1982.0,813.0,309.0,522.0,1100.0,1242.0,-7.574856750760234,-2.4055610911598846,176.49320920594045
1557.0,92.0,349.0,1775.0,892.0,92.0,-9.019605342191046,0.5689896429568261,170.0935683600452
662.0,1083.0,386.0,1007.0,105.0,464.0,-0.35317938595573667,-2.947408558192999,165.0876916106619
1035.0,171.0,365.0,1467.0,1057.0,347.0,-5.249112587239402,0.3427047642912712,168.78101777753048
545.0,491.0,1888.0,1233.0,443.0,1450.0,3.494051842760524,8.013575908390171,176.84239832634458
971.0,1624.0,1449.0,1463.0,285.0,1425.0,2.7185562184359617,0.12112052839922538,183.21509112004244
1039.0,1349.0,1200.0,1770.0,948.0,251.0,0.1726339962681458,-1.3769617935185203,179.8231826632905
1558.0,1962.0,1194.0,1693.0,1346.0,1696.0,-0.04957591924458821,-3.9474564981003506,194.74272367280798
268.0,339.0,164.0,854.0,835.0,150.0,-0.4639600047712789,-1.4459371225067397,159.45996453393684
63.0,34.0,1522.0,1871.0,536.0,810.0,2.9907025727871392,7.859688763861493,170.5844663215705
1829.0,1582.0,885.0,925.0,646.0,1412.0,-3.3783706102495485,-2.8483578717702702,183.49520617741328
1382.0,992.0,1778.0,398.0,1339.0,455.0,0.5316632083523679,3.027150231058546,178.70482474186184
1384.0,208.0,361.0,1964.0,937.0,1232.0,-7.7265982953962276,1.0853735954834156,177.12462215794585
666.0,1091.0,1277.0,972.0,1158.0,689.0,2.9572585289201707,0.5156134498900957,176.1890216436634
1627.0,957.0,782.0,1669.0,1631.0,1117.0,-5.078515381783202,-1.4148446824540675,186.0707441586078
1328.0,1341.0,1439.0,1797.0,41.0,1829.0,-0.5093444545618679,2.1059264841380476,186.06614137910094
721.0,854.0,1362.0,1633.0,1963.0,708.0,2.120209078945859,1.6384364847311452,183.3438775028463
1073.0,1537.0,1898.0,1386.0,1232.0,1603.0,4.055880209716163,2.2835883898305713,190.9916812205502
1964.0,1048.0,1478.0,1134.0,1934.0,1076.0,-3.9762608325737037,1.5488550779160397,190.50203518936027
1065.0,1565.0,123.0,864.0,628.0,252.0,-1.6429303046872104,-7.145572425110703,168.92810451259535
300.0,888.0,1940.0,953.0,775.0,1814.0,7.043697713380492,6.4006309215995065,179.98048994846891
1214.0,3.0,1368.0,538.0,1402.0,934.0,-2.420345217302337,6.449965828950068,173.94248372296613
1927.0,316.0,1562.0,1560.0,1714.0,569.0,-6.464871610773548,5.566988996007338,185.12295307809504
605.0,980.0,1113.0,1361.0,1818.0,1341.0,3.02480438667299,0.30355866836641177,183.2429701895564
1761.0,1187.0,1037.0,114.0,1027.0,1771.0,-2.4627526591113056,-0.09443925523940455,181.54981644955132
1004.0,1475.0,1702.0,1267.0,916.0,1330.0,3.371294691311023,1.5543005437035835,185.67892557627965
1479.0,1069.0,573.0,1988.0,1523.0,1263.0,-4.834045878257793,-2.987139581040786,186.62727825917608
623.0,502.0,1865.0,819.0,1722.0,1104.0,4.003607005853269,6.587941262530967,179.96606939098652
1177.0,1860.0,591.0,1803.0,1636.0,1926.0,0.29710880134388584,-6.987917244986632,192.23694045531494
307.0,1953.0,1529.0,1350.0,89.0,873.0,7.1778076320071875,-1.3673623809000581,177.20317788139727
202.0,379.0,245.0,64.0,1526.0,1566.0,2.175279731996875,-0.6501453963986744,166.49053527099488
1876.0,547.0,102.0,1517.0,192.0,1604.0,-9.838802395570928,-1.0263262803160216,175.61430238621293
1020.0,1148.0,884.0,140.0,152.0,462.0,0.1518953220239166,-0.9023397055254573,165.65689203419282
1537.0,1950.0,1839.0,419.0,1342.0,1989.0,3.4624660980240334,-0.008862323946280226,192.78443201290318
1518.0,573.0,1213.0,523.0,770.0,221.0,-3.3987572122001617,2.497771593750044,170.78704038140745
1209.0,980.0,220.0,947.0,1404.0,1320.0,-3.266628336594346,-4.068880321470915,177.27243503028134
398.0,84.0,47.0,643.0,81.0,550.0,-2.107695302329658,0.24897257642453585,155.28289504372546
1618.0,28.0,1905.0,1764.0,1883.0,710.0,-4.559864194413274,9.127255562889433,186.32123156071816
628.0,776.0,982.0,265.0,1768.0,657.0,2.4224666568024134,0.03734061799074484,172.1482698052044
1366.0,419.0,857.0,1279.0,1197.0,1473.0,-4.423531761680773,2.581959789742524,179.9224847745824
512.0,309.0,1759.0,1456.0,1032.0,1276.0,2.8639652544679586,7.858456179048103,178.42494274581063
